bin_lo,bin_hi,maccs_ecfp_admitted,maccs_scaf_only,maccs_str_only,mcs_ecfp_admitted,mcs_scaf_only,mcs_str_only
0.0,0.025,0,0,0,0,0,0
0.025,0.05,0,0,0,0,0,0
0.05,0.075,0,0,0,0,0,0
0.075,0.1,0,0,0,0,0,0
0.1,0.125,0,0,0,0,0,0
0.125,0.15,0,0,0,0,0,0
0.15,0.175,0,0,0,0,0,0
0.175,0.2,0,0,0,0,0,0
0.2,0.225,0,2,0,0,0,0
0.225,0.25,0,1,0,0,0,0
0.25,0.275,0,3,0,0,7,0
0.275,0.3,0,10,0,9,10,0
0.3,0.325,0,10,0,2,16,1
0.325,0.35,0,7,0,0,31,3
0.35,0.375,0,14,0,0,18,7
0.375,0.4,0,16,0,0,25,9
0.4,0.425,0,51,1,0,48,8
0.425,0.45,0,32,2,0,53,6
0.45,0.475,0,48,0,0,48,6
0.475,0.5,0,35,1,5,29,10
0.5,0.525,0,41,8,6,64,29
0.525,0.55,0,63,13,27,63,23
0.55,0.5750000000000001,0,125,25,32,42,46
0.5750000000000001,0.6000000000000001,0,144,57,47,61,70
0.6000000000000001,0.625,0,169,68,49,68,65
0.625,0.65,0,217,115,29,71,56
0.65,0.675,0,236,187,19,38,51
0.675,0.7000000000000001,0,308,299,21,58,69
0.7000000000000001,0.7250000000000001,0,302,410,12,47,82
0.7250000000000001,0.75,0,350,575,12,54,77
0.75,0.775,0,474,830,7,119,92
0.775,0.8,0,440,845,9,94,95
0.8,0.8250000000000001,0,544,1260,17,168,125
0.8250000000000001,0.8500000000000001,5,542,1339,10,182,142
0.8500000000000001,0.875,14,569,1453,13,142,132
0.875,0.9,8,585,1968,2,190,214
0.9,0.925,29,482,2038,24,174,241
0.925,0.95,64,375,2000,21,218,353
0.95,0.975,164,307,1435,99,345,773
0.975,1.0,482,235,1674,294,129,526
