arm,definition,descriptor,model,estimate,ci_lo,ci_hi,ci_status
S0,D1,ECFP,SVM,0.3771622345309992,0.2934071728620663,0.4637928002799883,EXCLUDES 0
S0,D1,ECFP,RF,0.3679402681215726,0.2786268271364557,0.4521117772533392,EXCLUDES 0
S0,D1,ECFP,GBM,0.3701800824392749,0.2842895799328383,0.4597809533609245,EXCLUDES 0
S0,D1,ECFP,KNN,0.3851389044955808,0.2842156133646691,0.4686134117324006,EXCLUDES 0
S0,D1,MACCS,SVM,0.359871595674393,0.2417051018395646,0.4670671482621441,EXCLUDES 0
S0,D1,MACCS,RF,0.3475801133431224,0.2418585193238112,0.4347865654141465,EXCLUDES 0
S0,D1,MACCS,GBM,0.2969211730346146,0.208117270053059,0.3763098834069679,EXCLUDES 0
S0,D1,MACCS,KNN,0.2825240532532204,0.193807337778417,0.354711178561005,EXCLUDES 0
S0,D1,PHYSCHEM,SVM,0.1385752964634559,0.0520952089728708,0.2196825943707211,EXCLUDES 0
S0,D1,PHYSCHEM,RF,0.1433263595734505,0.0574119528574347,0.2295972051830912,EXCLUDES 0
S0,D1,PHYSCHEM,GBM,0.1640934506601842,0.0815867063577813,0.246493853509931,EXCLUDES 0
S0,D1,PHYSCHEM,KNN,0.1471981768008314,0.037272489278232,0.2492501835902657,EXCLUDES 0
S0,D2,ECFP,SVM,0.1247933253228283,0.072249521180618,0.1736379861184682,EXCLUDES 0
S0,D2,ECFP,RF,0.133150438178503,0.0893512244477243,0.1754736239479309,EXCLUDES 0
S0,D2,ECFP,GBM,0.1317242605016958,0.0855439044698831,0.1797069046923455,EXCLUDES 0
S0,D2,ECFP,KNN,0.1631398962032894,0.1155951680103712,0.2100718365095328,EXCLUDES 0
S0,D2,MACCS,SVM,0.1472250092935891,0.09291678181737,0.2015935282563345,EXCLUDES 0
S0,D2,MACCS,RF,0.1347657691385534,0.0828761917391296,0.1846469410501625,EXCLUDES 0
S0,D2,MACCS,GBM,0.1187656998875755,0.0604539609684423,0.1768929890580254,EXCLUDES 0
S0,D2,MACCS,KNN,0.1279634888032946,0.075247683081738,0.1781887280255225,EXCLUDES 0
S0,D2,PHYSCHEM,SVM,0.0149519767241694,-0.0276694217749025,0.0648025046322843,includes 0
S0,D2,PHYSCHEM,RF,0.0293402571548242,-0.0142165556154632,0.0771596775899012,includes 0
S0,D2,PHYSCHEM,GBM,0.0374215924514683,-0.0124161886246273,0.0903017369127648,includes 0
S0,D2,PHYSCHEM,KNN,0.0150306540207549,-0.0283151913268822,0.0618405520305564,includes 0
S0,D0,ECFP,SVM,0.1241957615221458,0.085488540397667,0.1590721497041545,EXCLUDES 0
S0,D0,ECFP,RF,0.1287403648666835,0.0943212983054642,0.1606533159330914,EXCLUDES 0
S0,D0,ECFP,GBM,0.1319185261730839,0.0929619130557758,0.169757235774619,EXCLUDES 0
S0,D0,ECFP,KNN,0.173776032488428,0.1299679588420678,0.2124589704729822,EXCLUDES 0
S0,D0,MACCS,SVM,0.1413742856854515,0.0989342083237431,0.182743073927035,EXCLUDES 0
S0,D0,MACCS,RF,0.1421048589980778,0.0989483254267345,0.1796590702546302,EXCLUDES 0
S0,D0,MACCS,GBM,0.131044108209178,0.0889476545623437,0.1697933589653787,EXCLUDES 0
S0,D0,MACCS,KNN,0.1214116609651067,0.0734809302139849,0.1628546812915919,EXCLUDES 0
S0,D0,PHYSCHEM,SVM,0.034510444083503,-0.0109072344713355,0.083282238951837,includes 0
S0,D0,PHYSCHEM,RF,0.0481530957411145,0.0112264029108478,0.0885897113967225,EXCLUDES 0
S0,D0,PHYSCHEM,GBM,0.0578944496190322,0.0195801761881786,0.0969575473719164,EXCLUDES 0
S0,D0,PHYSCHEM,KNN,0.0274078527112755,-0.0128086263386093,0.0665248859775703,includes 0
S0,D3,ECFP,SVM,0.0194517253966437,-0.0198051139061782,0.0628063141025294,includes 0
S0,D3,ECFP,RF,0.0091706121568385,-0.0369511759644086,0.0563650406297195,includes 0
S0,D3,ECFP,GBM,0.021661919083984,-0.0239217134296607,0.0710100789929396,includes 0
S0,D3,ECFP,KNN,0.0531573418220009,-0.0033107706366413,0.1141334704529567,includes 0
S0,D3,MACCS,SVM,0.03122514348738,-0.0161807268788747,0.0796177616336865,includes 0
S0,D3,MACCS,RF,0.0252564633103322,-0.015945039424922,0.0688764273114453,includes 0
S0,D3,MACCS,GBM,0.0260650866378746,-0.0196868354084689,0.0729053554956755,includes 0
S0,D3,MACCS,KNN,-0.0053402487545275,-0.0606818829035674,0.0488603619229611,includes 0
S0,D3,PHYSCHEM,SVM,-0.0202011420695112,-0.0803946137821586,0.0423326400534988,includes 0
S0,D3,PHYSCHEM,RF,0.001502306820018,-0.0601394801876874,0.0673496323304223,includes 0
S0,D3,PHYSCHEM,GBM,0.0025263743957503,-0.0579893162806587,0.0668449436665335,includes 0
S0,D3,PHYSCHEM,KNN,-0.045456316441611,-0.1047016252530827,0.0180791261676282,includes 0
R0,D1,ECFP,SVM,0.3586598906451543,0.274979740057846,0.4381030061303217,EXCLUDES 0
R0,D1,ECFP,RF,0.3487889030093258,0.2582023201649089,0.4250303098820417,EXCLUDES 0
R0,D1,ECFP,GBM,0.3509544789306502,0.280543967346043,0.4194762100592879,EXCLUDES 0
R0,D1,ECFP,KNN,0.3672157008994665,0.2646121139406278,0.4442241057016934,EXCLUDES 0
R0,D1,MACCS,SVM,0.3664434231812096,0.2480926663705492,0.4706010970046589,EXCLUDES 0
R0,D1,MACCS,RF,0.3555407142223753,0.254200320127241,0.4374820784520159,EXCLUDES 0
R0,D1,MACCS,GBM,0.3145631479613248,0.2269832105099367,0.3872734713900672,EXCLUDES 0
R0,D1,MACCS,KNN,0.2892505197137545,0.1952602744455427,0.3591619123622088,EXCLUDES 0
R0,D1,PHYSCHEM,SVM,0.1652488445886955,0.0704717928338402,0.2474429203348389,EXCLUDES 0
R0,D1,PHYSCHEM,RF,0.1706750571792695,0.0900854414919353,0.2514094671466302,EXCLUDES 0
R0,D1,PHYSCHEM,GBM,0.1924043647728923,0.1019284040684991,0.2780647115957925,EXCLUDES 0
R0,D1,PHYSCHEM,KNN,0.1816584319288188,0.0728586483238354,0.272525371870227,EXCLUDES 0
R0,D2,ECFP,SVM,0.135924669825433,0.0847651690698399,0.1874638996796963,EXCLUDES 0
R0,D2,ECFP,RF,0.1447461887787823,0.094698974135928,0.1959968324219587,EXCLUDES 0
R0,D2,ECFP,GBM,0.1422016416887539,0.093274835740785,0.1957704105009364,EXCLUDES 0
R0,D2,ECFP,KNN,0.1684234458227468,0.1129178561346122,0.2266672069918716,EXCLUDES 0
R0,D2,MACCS,SVM,0.1503270406738529,0.0930368945563338,0.2102514208766609,EXCLUDES 0
R0,D2,MACCS,RF,0.1403741379485682,0.0872322779218798,0.1941882581269532,EXCLUDES 0
R0,D2,MACCS,GBM,0.1348064316997301,0.0792544764634321,0.1927873469263963,EXCLUDES 0
R0,D2,MACCS,KNN,0.1335979562080118,0.0811780857762794,0.186445488668096,EXCLUDES 0
R0,D2,PHYSCHEM,SVM,0.0448863979323651,-0.0011279637606204,0.0994480634066667,includes 0
R0,D2,PHYSCHEM,RF,0.0423897595884649,0.0003005436691864,0.0878170517880381,EXCLUDES 0
R0,D2,PHYSCHEM,GBM,0.0578594690207806,0.0082187975644978,0.1099471310976087,EXCLUDES 0
R0,D2,PHYSCHEM,KNN,0.030633555193457,-0.0150139529426222,0.0780363196399114,includes 0
R0,D0,ECFP,SVM,0.127837369186747,0.0923399697955797,0.1593373539163758,EXCLUDES 0
R0,D0,ECFP,RF,0.13797817065102,0.1023029377501422,0.1718064835722467,EXCLUDES 0
R0,D0,ECFP,GBM,0.1394122958084103,0.1029877901797778,0.1762318998633776,EXCLUDES 0
R0,D0,ECFP,KNN,0.1738605387399372,0.133814115496064,0.2123581668460021,EXCLUDES 0
R0,D0,MACCS,SVM,0.1427051353190521,0.1035055026644719,0.1811863574102518,EXCLUDES 0
R0,D0,MACCS,RF,0.1451861069429875,0.1038520121559148,0.1803268651922633,EXCLUDES 0
R0,D0,MACCS,GBM,0.1408620057726872,0.1020573114530598,0.1761052742149185,EXCLUDES 0
R0,D0,MACCS,KNN,0.1259836219070766,0.0824051383493358,0.1655862054847774,EXCLUDES 0
R0,D0,PHYSCHEM,SVM,0.0542471728924918,0.0077562511200314,0.1040323586527904,EXCLUDES 0
R0,D0,PHYSCHEM,RF,0.060856694599905,0.0253303906123344,0.0981840233528833,EXCLUDES 0
R0,D0,PHYSCHEM,GBM,0.068890372261239,0.0319843090419431,0.1055341789907733,EXCLUDES 0
R0,D0,PHYSCHEM,KNN,0.0408521920003451,0.0003469574141211,0.08157269722156,EXCLUDES 0
R0,D3,ECFP,SVM,0.0165740902537451,-0.0208145003682523,0.0555322510500717,includes 0
R0,D3,ECFP,RF,0.0118817732231605,-0.0285881122265207,0.0524888865552068,includes 0
R0,D3,ECFP,GBM,0.026770355305884,-0.0109184846271034,0.0655523295444609,includes 0
R0,D3,ECFP,KNN,0.0457073341794926,-0.0027574417374433,0.0981804498533756,includes 0
R0,D3,MACCS,SVM,0.0309334292771441,-0.0140304056385049,0.0765221267753575,includes 0
R0,D3,MACCS,RF,0.0230566008323475,-0.0157459723373709,0.062565637299512,includes 0
R0,D3,MACCS,GBM,0.0222153824434518,-0.0227548165965156,0.0691807052578907,includes 0
R0,D3,MACCS,KNN,-0.0107183055779627,-0.0674689074357588,0.0438307211064573,includes 0
R0,D3,PHYSCHEM,SVM,-0.0159238255148059,-0.0683663122250418,0.0378472986383746,includes 0
R0,D3,PHYSCHEM,RF,-0.0011251512484258,-0.0536324615033405,0.053674603957567,includes 0
R0,D3,PHYSCHEM,GBM,0.0020443375575163,-0.0556558958378018,0.0605356357280898,includes 0
R0,D3,PHYSCHEM,KNN,-0.0469985406696507,-0.1005953384896285,0.0085885176122011,includes 0
R2,D1,ECFP,SVM,0.3353145377815746,0.2329047642538405,0.4293867307156652,EXCLUDES 0
R2,D1,ECFP,RF,0.3140105370473675,0.2191902328173833,0.3991090904185187,EXCLUDES 0
R2,D1,ECFP,GBM,0.3420395878287435,0.2454255910454102,0.4321701525794442,EXCLUDES 0
R2,D1,ECFP,KNN,0.3507958405559958,0.2592212605221983,0.4262039386683835,EXCLUDES 0
R2,D1,MACCS,SVM,0.3592274706582125,0.2582465063385376,0.4502146187918677,EXCLUDES 0
R2,D1,MACCS,RF,0.3530925762864502,0.2508078317183024,0.4379678043446885,EXCLUDES 0
R2,D1,MACCS,GBM,0.3321073787107205,0.2437293231488733,0.4131126535574622,EXCLUDES 0
R2,D1,MACCS,KNN,0.3321533858806226,0.2360102581987967,0.4169426135906505,EXCLUDES 0
R2,D1,PHYSCHEM,SVM,0.1646972255171361,0.054357611954023,0.2600049468679211,EXCLUDES 0
R2,D1,PHYSCHEM,RF,0.1346886308060049,0.058318684586009,0.2109779349474091,EXCLUDES 0
R2,D1,PHYSCHEM,GBM,0.1376604717511161,0.0470278028579995,0.2301791912770005,EXCLUDES 0
R2,D1,PHYSCHEM,KNN,0.1804872646384879,0.11278295246547,0.2496835170505513,EXCLUDES 0
R2,D2,ECFP,SVM,0.1433459673275765,0.1001604554591571,0.1845194940514103,EXCLUDES 0
R2,D2,ECFP,RF,0.1511264536648535,0.1118424644777291,0.188795991721475,EXCLUDES 0
R2,D2,ECFP,GBM,0.1597682264912227,0.1162673605955649,0.2003504933357739,EXCLUDES 0
R2,D2,ECFP,KNN,0.1675428659932977,0.1195857457268928,0.20992258655215,EXCLUDES 0
R2,D2,MACCS,SVM,0.1543697112717718,0.1089782437127035,0.1959910685998513,EXCLUDES 0
R2,D2,MACCS,RF,0.138550406926657,0.1043189854368243,0.1717913811021398,EXCLUDES 0
R2,D2,MACCS,GBM,0.1383108493147923,0.0987803692618485,0.1759501461296772,EXCLUDES 0
R2,D2,MACCS,KNN,0.1488777936985674,0.102597134217749,0.1918642276339923,EXCLUDES 0
R2,D2,PHYSCHEM,SVM,0.039235206137242,-0.0030001457649573,0.0851749145973936,includes 0
R2,D2,PHYSCHEM,RF,0.0618214253336624,0.0271555216071091,0.1004703281723744,EXCLUDES 0
R2,D2,PHYSCHEM,GBM,0.0632117466335366,0.0254513838416435,0.099832618864398,EXCLUDES 0
R2,D2,PHYSCHEM,KNN,0.0507173036012917,0.0124921327140397,0.089714882647663,EXCLUDES 0
R2,D0,ECFP,SVM,0.1400015494844263,0.1080317754849078,0.1702311209192495,EXCLUDES 0
R2,D0,ECFP,RF,0.1505046589416804,0.1176209107762513,0.179620755722806,EXCLUDES 0
R2,D0,ECFP,GBM,0.1485468055189271,0.1204702562282236,0.1757571510169577,EXCLUDES 0
R2,D0,ECFP,KNN,0.1679431038289111,0.1306555661682806,0.2008074157845614,EXCLUDES 0
R2,D0,MACCS,SVM,0.1476050892353412,0.1113688321833278,0.1802322129626039,EXCLUDES 0
R2,D0,MACCS,RF,0.1421761723872548,0.1120199312436571,0.1699153953264529,EXCLUDES 0
R2,D0,MACCS,GBM,0.1364564820701118,0.100584125043202,0.1700370323064725,EXCLUDES 0
R2,D0,MACCS,KNN,0.1431833454727266,0.1002394855092444,0.1832171879266232,EXCLUDES 0
R2,D0,PHYSCHEM,SVM,0.043924651330751,0.0013596601703706,0.0833316084900678,EXCLUDES 0
R2,D0,PHYSCHEM,RF,0.0657012815618734,0.0293619801067343,0.1005459875308675,EXCLUDES 0
R2,D0,PHYSCHEM,GBM,0.0697824804653196,0.032609127632158,0.1049733043886352,EXCLUDES 0
R2,D0,PHYSCHEM,KNN,0.0637386116152702,0.0305884496276144,0.0963440630662741,EXCLUDES 0
R2,D3,ECFP,SVM,0.0482082624852802,0.009406299134616,0.0855943806920122,EXCLUDES 0
R2,D3,ECFP,RF,0.0477984520420594,0.0096235819707597,0.0854321609396891,EXCLUDES 0
R2,D3,ECFP,GBM,0.0698296160175264,0.0393126220686289,0.0997160635150552,EXCLUDES 0
R2,D3,ECFP,KNN,0.0742326648443035,0.022861344659818,0.1196083907718501,EXCLUDES 0
R2,D3,MACCS,SVM,0.0536997579814593,0.0082387344349292,0.096591398277123,EXCLUDES 0
R2,D3,MACCS,RF,0.0458273139650176,0.0022201204022804,0.086708437451681,EXCLUDES 0
R2,D3,MACCS,GBM,0.0440388684613576,-0.0012327030172489,0.0859809268093427,includes 0
R2,D3,MACCS,KNN,0.0370993964960648,-0.0146017445782514,0.0890112630437497,includes 0
R2,D3,PHYSCHEM,SVM,-0.0353418249465351,-0.0879609431788461,0.0169443807829353,includes 0
R2,D3,PHYSCHEM,RF,0.0116452203984733,-0.0303027940045099,0.0543348696753756,includes 0
R2,D3,PHYSCHEM,GBM,0.0102472044854222,-0.0331564608242361,0.0515844245663363,includes 0
R2,D3,PHYSCHEM,KNN,-0.0125687751600944,-0.0582975520051614,0.0315247263696223,includes 0
