dataset,n,n_cliff_base,rt_strings_changed_pct,rt_flip_pct,rt_n_cliff,rt_jaccard,kek_strings_changed_pct,kek_flip_pct,kek_n_cliff,kek_jaccard,kek_gain,kek_loss,kek_inchikey_identical,rand_flip_mean_pct,rand_flip_sd_pct,rand_flip_min_pct,rand_flip_max_pct,rand_jaccard_mean,rand_n_cliff_mean,ever_flip_pct,ctrl_ecfp_pair_diffs,ctrl_scaffold_pair_diffs,secs,shared_rand_flip_mean_pct,shared_rand_flip_sd_pct,shared_rand_jaccard_mean,shared_rand_n_cliff_mean,shared_rand_flip_min_pct,shared_rand_flip_max_pct,shared_ever_flip_pct,ind_flip_pct,ind_jaccard,ind_n_cliff,ind_quarantined_pct,ob_flip_pct,ob_jaccard,ob_n_cliff,ob_quarantined_pct
CHEMBL1862_Ki,794,330,0.2518891687657431,0.0,330,1.0,99.87405541561712,7.556675062972292,376,0.8433420365535248,53,7,794/794,18.1360201511335,0.102833322534979,18.01007556675063,18.387909319899247,0.5639028842643301,186.4,18.387909319899247,0,0,14.5,14.836272040302266,0.6333508703827412,0.6473307431131798,220.2,13.97984886649874,15.994962216624684,19.0176322418136,6.801007556675064,0.847457627118644,324,0.1259445843828715,8.564231738035264,0.8131868131868132,330,0.0
CHEMBL1871_Ki,659,162,8.49772382397572,0.3034901365705614,160,0.9876543209876544,98.4825493171472,5.918057663125948,185,0.7979274611398963,31,8,659/659,15.326251896813352,0.1430666223948501,15.022761760242792,15.629742033383916,0.3773185787413429,61.4,15.629742033383916,0,0,13.4,14.17298937784522,0.3445500529271906,0.4321907105419055,73.6,13.657056145675265,14.56752655538695,16.236722306525035,9.104704097116842,0.6825396825396826,156,0.0,11.532625189681337,0.6237623762376238,166,0.0
CHEMBL2034_Ki,750,251,6.133333333333334,0.5333333333333333,249,0.984126984126984,95.6,5.066666666666666,241,0.8566037735849057,14,24,750/750,16.933333333333334,0.0,16.933333333333334,16.933333333333334,0.49402390438247,124.0,16.933333333333334,0,0,16.5,14.173333333333332,0.6095535707019973,0.5799969657218206,148.9,13.466666666666663,15.066666666666666,16.933333333333334,10.933333333333334,0.7060931899641577,225,0.0,12.0,0.6989966555183946,257,0.0
CHEMBL2047_EC50,631,245,12.995245641838352,0.1584786053882725,244,0.9959183673469388,92.70998415213946,5.388272583201268,259,0.8736059479553904,24,10,631/631,21.55309033280508,3.744889033148481e-15,21.553090332805077,21.553090332805077,0.4448979591836736,109.0,21.553090332805077,0,0,13.7,19.175911251980985,0.83858995596342,0.5091257358082959,127.0,18.06656101426308,20.91917591125198,21.3946117274168,10.618066561014263,0.7462121212121212,216,0.1584786053882725,8.55784469096672,0.7985074626865671,237,0.0
CHEMBL204_Ki,2754,1094,0.9077705156136529,0.0,1094,1.0,98.5112563543936,6.717501815541032,1149,0.8476112026359144,120,65,2754/2754,20.21786492374728,0.0286423615739513,20.15250544662309,20.26143790849673,0.4910886278830982,537.4,20.26143790849673,0,0,96.3,17.65432098765432,0.2758985261981429,0.5577653464627843,618.6,17.247639796659406,18.11909949164851,20.37037037037037,9.077705156136528,0.7886728655959425,1022,0.0726216412490922,10.784313725490197,0.7577487765089723,1061,0.0
CHEMBL2147_Ki,1456,572,0.206043956043956,0.0,572,1.0,100.0,3.5027472527472527,589,0.915841584158416,34,17,1456/1456,11.057692307692308,0.0,11.057692307692308,11.057692307692308,0.7185314685314685,411.0,11.057692307692308,0,0,30.5,9.26510989010989,0.2276750895687144,0.7658405859347843,445.3,8.928571428571429,9.546703296703296,12.01923076923077,6.318681318681318,0.8523274478330658,582,0.1373626373626373,7.623626373626374,0.8215434083601286,561,0.0
CHEMBL214_Ki,3317,1222,1.2059089538739824,0.0,1222,1.0,99.9397045523063,5.758215254748267,1269,0.8575689783743475,119,72,3317/3317,16.768164003617727,0.0546737835744564,16.67169128730781,16.882725354235756,0.545105647526974,667.2,17.003316249623154,0,0,106.5,14.5492915284896,0.2323092477427372,0.6094165472346283,766.6,14.048839312631896,14.95327102803738,18.05848658426289,8.32077178173048,0.790273556231003,1134,0.0,9.737714802532407,0.7707594038325053,1273,0.0
CHEMBL218_EC50,1031,369,1.454898157129001,0.0,369,1.0,99.51503394762366,4.461687681862269,383,0.8847117794486216,30,16,1031/1031,17.16779825412221,0.0,17.16779825412221,17.16779825412221,0.5203252032520326,192.0,17.16779825412221,0,0,22.4,15.965082444228903,0.2249276059608936,0.5556114234389781,207.2,15.615906886517944,16.29485935984481,17.16779825412221,6.401551891367604,0.8298969072164949,341,0.1939864209505334,9.21435499515034,0.7660098522167488,348,0.0
CHEMBL219_Ki,1865,741,0.3753351206434316,0.0,741,1.0,99.8391420911528,4.718498659517426,761,0.889308176100629,54,34,1865/1865,13.83378016085791,0.0619142379828017,13.726541554959788,13.941018766756033,0.652057447707547,484.0,14.101876675603217,0,0,38.8,12.659517426273458,0.3675519673693206,0.6846562005877894,520.3,11.95710455764075,13.19034852546917,15.549597855227882,7.453083109919572,0.8273291925465839,730,0.0,7.935656836461126,0.8250591016548463,803,0.0
CHEMBL228_Ki,1704,641,1.5845070422535212,0.0586854460093896,642,0.9984423676012462,99.70657276995306,6.103286384976526,695,0.8555555555555555,79,25,1704/1704,16.032863849765256,0.0721404104639504,15.9037558685446,16.13849765258216,0.574057037047837,368.6,16.314553990610328,0,0,35.2,14.512910798122064,0.185682746088956,0.6191254145323762,410.3,14.2018779342723,14.847417840375588,17.84037558685446,8.274647887323944,0.7935578330893118,584,0.0,8.626760563380282,0.796398891966759,656,0.0
CHEMBL231_Ki,973,237,0.513874614594039,0.0,237,1.0,99.7944501541624,3.28879753340185,253,0.8773946360153256,24,8,973/973,14.131551901336072,0.1695699715075651,13.771839671120247,14.388489208633093,0.4212965414967428,100.7,14.59403905447071,0,0,18.8,12.939362795477903,0.2444132782697771,0.4758370129916972,117.5,12.538540596094553,13.360739979445016,15.107913669064748,7.399794450154163,0.7230769230769231,211,0.0,6.783144912641316,0.76,247,0.0
CHEMBL233_Ki,3142,1294,13.621896880967537,0.1591343093570973,1299,0.9961508852963818,99.42711648631445,4.583068109484405,1364,0.8972162740899358,107,37,3142/3142,23.68555060471038,0.03912388906129,23.61553150859325,23.74283895607893,0.4249729968431668,550.2,23.77466581795035,0,0,126.4,20.22915340547421,0.2847471701145053,0.5128781886046971,680.0,19.89178866963717,20.78294080203692,23.74283895607893,10.88478676002546,0.7562366357804704,1170,0.1909611712285168,10.184595798854232,0.7794624396967609,1288,0.0636537237428389
CHEMBL234_Ki,3657,1605,1.066447908121411,0.0,1605,1.0,99.64451736395954,6.890894175553733,1647,0.8561643835616438,147,105,3657/3657,16.168990976210004,0.0465665473500861,16.106097894449,16.2428219852338,0.6317955659580888,1015.5,16.434235712332512,0,0,123.4,14.164615805304896,0.2168512852678938,0.6811747920496093,1126.4,13.699753896636588,14.41071916871753,18.156959256220944,8.887065901011757,0.8099415204678363,1490,0.0,9.789444900191414,0.8012215435868961,1639,0.109379272627837
CHEMBL235_EC50,2349,885,0.1702852277564921,0.0,885,1.0,99.27628778203491,6.598552575564069,902,0.8403707518022657,86,69,2349/2349,21.63048105576841,0.0468499333594995,21.54108131119625,21.668795232013625,0.4258757062146892,376.9,21.668795232013625,0,0,68.5,18.80800340570456,0.4640945042949012,0.5035464776518332,453.0,17.96509152830992,19.4125159642401,22.09450830140485,9.365687526607068,0.7691500524658972,801,0.085142613878246,9.025117071094083,0.788,903,0.0
CHEMBL236_Ki,2598,1017,10.739030023094688,0.2694380292532717,1018,0.9931439764936336,99.88452655889144,4.734411085450346,1076,0.8889891696750902,91,32,2598/2598,23.056197074672824,0.0654223699460194,22.9022324865281,23.13317936874519,0.4110708331643012,418.2,23.13317936874519,0,0,97.9,20.450346420323324,0.1663502489952562,0.4811530424723633,499.7,20.246343341031565,20.70823710546574,23.518090839107007,11.316397228637411,0.7409691629955947,959,0.1924557351809084,10.816012317167052,0.7552264808362369,998,0.0769822940723633
CHEMBL237_EC50,955,456,7.539267015706806,0.2094240837696335,458,0.9956331877729258,99.05759162303664,5.968586387434556,453,0.8819875776397516,27,30,955/955,28.90052356020942,0.0,28.90052356020942,28.90052356020942,0.3947368421052631,180.0,28.90052356020942,0,0,26.3,24.75392670157068,0.4739754330685636,0.4887370092188721,232.4,23.874345549738223,25.44502617801048,29.214659685863875,13.507853403141365,0.7430278884462151,419,0.0,10.261780104712042,0.807843137254902,466,0.0
CHEMBL237_Ki,2603,1110,9.911640414905875,0.2689204763734153,1113,0.9937219730941704,99.19323857087976,4.840568574721475,1156,0.8946488294314381,86,40,2603/2603,25.45140222819823,0.0271650703490799,25.3937764118325,25.47061083365348,0.4032069152861232,447.7,25.50902804456396,0,0,99.9,22.48943526699961,0.2581555265637946,0.4774618805918965,545.2,22.24356511717249,23.011909335382253,25.70111409911641,11.67883211678832,0.7502054231717338,1020,0.2305032654629274,10.372646945831733,0.7813765182186235,1090,0.0768344218209758
CHEMBL238_Ki,1052,266,1.9011406844106464,0.0950570342205323,265,0.9962406015037594,99.4296577946768,3.897338403041825,279,0.8600682593856656,27,14,1052/1052,12.47148288973384,0.06011934715149,12.357414448669202,12.547528517110266,0.5076919827659035,135.8,12.832699619771862,0,0,19.0,11.720532319391634,0.3558119654912494,0.5458733287495761,153.7,11.216730038022812,12.262357414448667,14.82889733840304,6.55893536121673,0.7612456747404844,243,0.0,9.03041825095057,0.7103658536585366,295,0.0
CHEMBL239_EC50,1721,699,0.0581057524694944,0.0,699,1.0,99.53515398024405,5.926786751888437,739,0.8675324675324675,71,31,1721/1721,23.927948866937825,0.0659670205923926,23.82335851249274,24.055781522370715,0.4112098187955485,288.0,24.171993027309703,0,0,40.1,20.79023823358512,0.426812582478073,0.494494493047081,358.8,19.930273097036608,21.32481115630448,24.985473561882625,11.446833236490413,0.7421465968586387,632,0.0,10.400929692039512,0.77455919395466,710,0.0
CHEMBL244_Ki,3097,1478,1.93735873425896,0.0,1478,1.0,99.90313206328705,6.813044882144011,1503,0.8677944862155389,118,93,3097/3097,26.712948014207296,0.0342056798666895,26.638682596060704,26.73555053277365,0.440257104194858,650.7,26.73555053277365,0,0,119.1,23.07071359380045,0.2913005834188868,0.5184371976284452,774.9,22.602518566354536,23.44204068453342,26.9615757184372,10.946076848563123,0.7866582756450597,1361,0.0322893122376493,13.529221827575071,0.7477423239012643,1425,0.0
CHEMBL262_Ki,856,160,0.0,0.0,160,1.0,100.0,3.9719626168224296,164,0.8100558659217877,19,15,856/856,10.77102803738318,0.073884992060009,10.74766355140187,10.981308411214954,0.4244753086419752,68.2,10.981308411214954,0,0,14.9,10.257009345794392,0.3602814176392642,0.4616890764092619,78.4,9.579439252336448,10.74766355140187,11.682242990654206,5.724299065420561,0.7365591397849462,163,0.3504672897196261,8.761682242990654,0.6376811594202898,179,0.0
CHEMBL264_Ki,2862,1191,0.9433962264150944,0.0,1191,1.0,98.88190076869324,4.577218728162125,1226,0.8971742543171115,83,48,2862/2862,11.439552760307476,0.0410128508307919,11.35569531795947,11.495457721872816,0.7253355108537418,865.6,11.809923130677848,0,0,72.6,10.726764500349406,0.1789225657551504,0.7435452690066432,896.2,10.482180293501049,11.0062893081761,12.368972746331238,7.337526205450734,0.83451536643026,1137,0.0,6.883298392732355,0.8482280431432974,1208,0.0
CHEMBL2835_Ki,615,60,6.666666666666667,0.0,60,1.0,100.0,2.4390243902439024,73,0.7972972972972973,14,1,615/615,4.715447154471546,9.362222582871205e-16,4.715447154471545,4.715447154471545,0.5166666666666667,31.0,4.715447154471545,0,0,14.8,4.97560975609756,0.2056765957833092,0.5034375,32.6,4.715447154471545,5.365853658536586,5.365853658536586,6.016260162601626,0.5697674418604651,75,0.0,6.341463414634147,0.5465116279069767,73,0.0
CHEMBL287_Ki,1328,507,1.430722891566265,0.1506024096385542,509,0.9960707269155208,98.0421686746988,3.990963855421686,548,0.9043321299638988,47,6,1328/1328,14.57078313253012,0.0887433209320472,14.457831325301203,14.759036144578314,0.6188700475613904,314.9,15.060240963855422,0,0,22.9,13.765060240963855,0.4825548128794339,0.6453595383939994,341.0,13.02710843373494,14.683734939759036,17.24397590361446,7.379518072289157,0.8185185185185185,475,0.0,7.530120481927711,0.82174688057041,515,0.0
CHEMBL2971_Ki,976,162,4.200819672131147,0.0,162,1.0,100.0,3.995901639344263,177,0.7936507936507936,27,12,976/976,6.977459016393442,0.0756009003455554,6.864754098360656,7.172131147540983,0.5801565793435712,94.3,7.172131147540983,0,0,22.3,6.577868852459017,0.2037764192647034,0.6068796902135224,100.4,6.25,6.967213114754098,7.684426229508197,6.454918032786885,0.6896551724137931,181,0.0,7.377049180327869,0.6587677725118484,188,0.0
CHEMBL3979_EC50,1125,468,0.3555555555555555,0.0,468,1.0,98.93333333333334,6.488888888888889,497,0.859344894026975,51,22,1125/1125,21.68,0.0883936823121552,21.511111111111116,21.866666666666667,0.4790698308783415,224.5,21.866666666666667,0,0,25.3,19.04,0.3926345190750213,0.547165859268865,263.8,18.4,19.64444444444445,22.933333333333334,10.133333333333333,0.776908023483366,440,0.0,9.955555555555556,0.7890772128060264,482,0.0
CHEMBL4005_Ki,960,401,0.3125,0.0,401,1.0,100.0,10.0,447,0.7966101694915254,71,25,960/960,20.71875,0.0329403922934209,20.625,20.729166666666668,0.5039900249376559,202.1,20.729166666666668,0,0,20.0,18.656250000000004,0.4618186088380769,0.5548025672735009,224.5,18.02083333333333,19.270833333333336,21.14583333333333,16.25,0.6502242152466368,335,0.0,11.458333333333332,0.7560975609756098,391,0.0
CHEMBL4203_Ki,731,64,0.0,0.0,64,1.0,99.86320109439124,2.0519835841313268,65,0.7916666666666666,8,7,731/731,3.5567715458276323,9.362222582871205e-16,3.556771545827633,3.556771545827633,0.59375,38.0,3.556771545827633,0,0,12.0,3.32421340629275,0.3475757227571273,0.6276508736909857,42.1,2.8727770177838576,3.830369357045144,3.967168262653898,3.009575923392613,0.7066666666666667,64,0.5471956224350205,2.7359781121751023,0.7435897435897436,72,0.0
CHEMBL4616_EC50,682,355,29.325513196480937,0.4398826979472141,358,0.9916201117318436,100.0,6.744868035190615,373,0.8811369509043928,32,14,682/682,24.237536656891496,0.1391031228813063,24.193548387096776,24.633431085043988,0.5348933251760896,190.5,24.780058651026398,0,0,17.2,19.51612903225806,0.8103669874965864,0.6319766664035023,235.1,18.328445747800583,20.674486803519063,26.53958944281525,10.263929618768328,0.8200514138817481,353,3.372434017595308,13.049853372434017,0.7885985748218527,398,0.0
CHEMBL4792_Ki,1471,794,0.0,0.0,794,1.0,100.0,10.469068660774983,794,0.8231917336394948,77,77,1471/1471,23.24949014276003,0.0320465343841619,23.18150917743032,23.31747110808973,0.5693780397002677,452.4,23.385452073419444,0,0,34.8,19.204622705642414,0.4534896010919896,0.6489036781292893,532.7,18.49082256968049,20.25832766825289,25.220938137321557,15.295717199184228,0.7474747474747475,763,0.0,13.936097892590077,0.7732300884955752,809,0.0
