bin_lo,bin_hi,ecfp_admitted,scaf_only,str_only
0.0,0.025,0,0,0
0.025,0.05,0,0,0
0.05,0.075,0,5,0
0.075,0.1,0,11,0
0.1,0.125,0,20,0
0.125,0.15,0,47,0
0.15,0.175,0,96,0
0.175,0.2,0,81,0
0.2,0.225,0,121,0
0.225,0.25,0,113,0
0.25,0.275,0,126,2
0.275,0.3,0,128,5
0.3,0.325,0,177,4
0.325,0.35,0,217,13
0.35,0.375,0,260,29
0.375,0.4,0,279,60
0.4,0.425,0,303,131
0.425,0.45,0,308,232
0.45,0.475,0,292,253
0.475,0.5,0,258,322
0.5,0.525,0,383,568
0.525,0.55,0,320,684
0.55,0.5750000000000001,0,348,899
0.5750000000000001,0.6000000000000001,0,307,918
0.6000000000000001,0.625,0,373,1092
0.625,0.65,0,364,1311
0.65,0.675,0,309,1372
0.675,0.7000000000000001,0,284,1511
0.7000000000000001,0.7250000000000001,0,250,1454
0.7250000000000001,0.75,0,214,1303
0.75,0.775,0,182,1404
0.775,0.8,0,131,1061
0.8,0.8250000000000001,0,157,927
0.8250000000000001,0.8500000000000001,0,102,560
0.8500000000000001,0.875,0,80,295
0.875,0.9,36,91,193
0.9,0.925,268,0,0
0.925,0.95,182,0,0
0.95,0.975,146,0,0
0.975,1.0,134,0,0
