analysis,arm,model,definition,n_cliff,n_test,rmse_all,estimate,ci_lo,ci_hi,ci_status,contrast,rmse_S0,rmse_R0,rmse_R2,gap_D0,gap_D2,p_SVM,p_RF,p_GBM,p_KNN,holm_SVM,holm_RF,holm_GBM,holm_KNN,ratio_total,rt_lo,rt_hi,ratio_string,rs_lo,rs_hi,ratio_scaffold,rc_lo,rc_hi,n_partner_in,n_partner_out,gap_in,in_lo,in_hi,in_status,gap_out,out_lo,out_hi,out_status,stratum,n_non
arm_penalty,S0,SVM,D0,3793.0,9802.0,0.6765649738664679,0.12419576152214584,0.08548854039766708,0.15907214970415456,EXCLUDES 0,,,,,,,,,,,,,,,,,,,,,,,,,,,,,,,,,,,
arm_penalty,R0,SVM,D0,3791.0,9801.0,0.6751726969554391,0.12783736918674704,0.0923399697955797,0.15933735391637585,EXCLUDES 0,,,,,,,,,,,,,,,,,,,,,,,,,,,,,,,,,,,
arm_penalty,R2,SVM,D2,1962.0,9801.0,0.6716123457937279,0.14334596732757654,0.1001604554591571,0.18451949405141035,EXCLUDES 0,,,,,,,,,,,,,,,,,,,,,,,,,,,,,,,,,,,
arm_penalty,S0,RF,D0,3793.0,9802.0,0.7102171798683834,0.1287403648666835,0.09432129830546424,0.16065331593309146,EXCLUDES 0,,,,,,,,,,,,,,,,,,,,,,,,,,,,,,,,,,,
arm_penalty,R0,RF,D0,3791.0,9801.0,0.706739164371845,0.13797817065102003,0.10230293775014226,0.17180648357224676,EXCLUDES 0,,,,,,,,,,,,,,,,,,,,,,,,,,,,,,,,,,,
arm_penalty,R2,RF,D2,1962.0,9801.0,0.6992774644898087,0.15112645366485356,0.11184246447772915,0.18879599172147504,EXCLUDES 0,,,,,,,,,,,,,,,,,,,,,,,,,,,,,,,,,,,
arm_penalty,S0,GBM,D0,3793.0,9802.0,0.7023295050925542,0.13191852617308397,0.09296191305577585,0.16975723577461904,EXCLUDES 0,,,,,,,,,,,,,,,,,,,,,,,,,,,,,,,,,,,
arm_penalty,R0,GBM,D0,3791.0,9801.0,0.7004157573475862,0.1394122958084103,0.10298779017977784,0.17623189986337762,EXCLUDES 0,,,,,,,,,,,,,,,,,,,,,,,,,,,,,,,,,,,
arm_penalty,R2,GBM,D2,1962.0,9801.0,0.6906689677928637,0.1597682264912227,0.11626736059556492,0.20035049333577398,EXCLUDES 0,,,,,,,,,,,,,,,,,,,,,,,,,,,,,,,,,,,
arm_penalty,S0,KNN,D0,3793.0,9802.0,0.7371531384655627,0.173776032488428,0.12996795884206788,0.21245897047298226,EXCLUDES 0,,,,,,,,,,,,,,,,,,,,,,,,,,,,,,,,,,,
arm_penalty,R0,KNN,D0,3791.0,9801.0,0.7346717495642066,0.17386053873993723,0.13381411549606406,0.21235816684600212,EXCLUDES 0,,,,,,,,,,,,,,,,,,,,,,,,,,,,,,,,,,,
arm_penalty,R2,KNN,D2,1962.0,9801.0,0.7326899093050173,0.1675428659932977,0.11958574572689283,0.20992258655215,EXCLUDES 0,,,,,,,,,,,,,,,,,,,,,,,,,,,,,,,,,,,
contrast,,SVM,,,,,0.0155085981408295,-0.014256697243758684,0.04316781173666834,includes 0,PRIMARY  full repair      R2 - R0,,,,,,,,,,,,,,,,,,,,,,,,,,,,,,,,,,
contrast,,RF,,,,,0.013148283013833528,-0.018022587829396926,0.042320639820213425,includes 0,PRIMARY  full repair      R2 - R0,,,,,,,,,,,,,,,,,,,,,,,,,,,,,,,,,,
contrast,,GBM,,,,,0.020355930682812384,-0.015872271741004217,0.056755994088942656,includes 0,PRIMARY  full repair      R2 - R0,,,,,,,,,,,,,,,,,,,,,,,,,,,,,,,,,,
contrast,,KNN,,,,,-0.006317672746639524,-0.04769150992672104,0.029142045726767492,includes 0,PRIMARY  full repair      R2 - R0,,,,,,,,,,,,,,,,,,,,,,,,,,,,,,,,,,
contrast,,SVM,,,,,0.0036416076646011986,-0.008337444940039376,0.016881971748199037,includes 0,CONTROL  split drift      R0 - S0,,,,,,,,,,,,,,,,,,,,,,,,,,,,,,,,,,
contrast,,RF,,,,,0.009237805784336528,-0.004312456868278696,0.024305623144599615,includes 0,CONTROL  split drift      R0 - S0,,,,,,,,,,,,,,,,,,,,,,,,,,,,,,,,,,
contrast,,GBM,,,,,0.0074937696353263306,-0.0076459300215351465,0.022644377238227695,includes 0,CONTROL  split drift      R0 - S0,,,,,,,,,,,,,,,,,,,,,,,,,,,,,,,,,,
contrast,,KNN,,,,,8.450625150924207e-05,-0.016137268299524492,0.018218022950612107,includes 0,CONTROL  split drift      R0 - S0,,,,,,,,,,,,,,,,,,,,,,,,,,,,,,,,,,
contrast,,SVM,,,,,0.019150205805430698,-0.015738626735753297,0.052400659453559414,includes 0,BRIDGE   shipped->repair  R2 - S0,,,,,,,,,,,,,,,,,,,,,,,,,,,,,,,,,,
contrast,,RF,,,,,0.022386088798170056,-0.013145218670969797,0.05600557823981449,includes 0,BRIDGE   shipped->repair  R2 - S0,,,,,,,,,,,,,,,,,,,,,,,,,,,,,,,,,,
contrast,,GBM,,,,,0.027849700318138715,-0.015493252000923179,0.06701306584983545,includes 0,BRIDGE   shipped->repair  R2 - S0,,,,,,,,,,,,,,,,,,,,,,,,,,,,,,,,,,
contrast,,KNN,,,,,-0.006233166495130282,-0.0564092442637138,0.03567577779397846,includes 0,BRIDGE   shipped->repair  R2 - S0,,,,,,,,,,,,,,,,,,,,,,,,,,,,,,,,,,
rmse_all,,SVM,,,,,-0.0035603511617112726,-0.02142159314050919,0.015174453864441365,includes 0,R2-R0,0.6765649738664679,0.6751726969554391,0.6716123457937279,,,,,,,,,,,,,,,,,,,,,,,,,,,,,,,
rmse_all,,RF,,,,,-0.007461699882036377,-0.024669408157915455,0.011156334307420815,includes 0,R2-R0,0.7102171798683834,0.706739164371845,0.6992774644898087,,,,,,,,,,,,,,,,,,,,,,,,,,,,,,,
rmse_all,,GBM,,,,,-0.009746789554722524,-0.025579056633282797,0.007481659908625988,includes 0,R2-R0,0.7023295050925542,0.7004157573475862,0.6906689677928637,,,,,,,,,,,,,,,,,,,,,,,,,,,,,,,
rmse_all,,KNN,,,,,-0.001981840259189238,-0.02481095961674574,0.024224001272036992,includes 0,R2-R0,0.7371531384655627,0.7346717495642066,0.7326899093050173,,,,,,,,,,,,,,,,,,,,,,,,,,,,,,,
fixed_split_relabel,,SVM,,,,,0.0005975638006825434,-0.027600571522250202,0.028021915786869293,includes 0,,,,,0.12419576152214584,0.12479332532282839,,,,,,,,,,,,,,,,,,,,,,,,,,,,,
fixed_split_relabel,,RF,,,,,0.004410073311819529,-0.017362577870781534,0.026696496733139875,includes 0,,,,,0.1287403648666835,0.13315043817850303,,,,,,,,,,,,,,,,,,,,,,,,,,,,,
fixed_split_relabel,,GBM,,,,,-0.00019426567138813855,-0.02547182179206323,0.02604374322300362,includes 0,,,,,0.13191852617308397,0.13172426050169583,,,,,,,,,,,,,,,,,,,,,,,,,,,,,
fixed_split_relabel,,KNN,,,,,-0.010636136285138598,-0.03826969496337235,0.016070061217930955,includes 0,,,,,0.173776032488428,0.1631398962032894,,,,,,,,,,,,,,,,,,,,,,,,,,,,,
wilcoxon_holm,,,,,,,,,,,,,,,,,0.8235769439488649,0.7456546742469072,0.9032264724373817,0.685047073289752,1.0,1.0,1.0,1.0,,,,,,,,,,,,,,,,,,,,,
ladder,S0,SVM,D3,5947.0,,,0.01945172539664375,-0.01980511390617825,0.0628063141025294,includes 0,,,,,,,,,,,,,,,,,,,,,,,,,,,,,,,,,,,
ladder,S0,SVM,D0,3793.0,,,0.12419576152214584,0.08548854039766708,0.15907214970415456,EXCLUDES 0,,,,,,,,,,,,,,,,,,,,,,,,,,,,,,,,,,,
ladder,S0,SVM,D2,1966.0,,,0.12479332532282839,0.07224952118061803,0.17363798611846826,EXCLUDES 0,,,,,,,,,,,,,,,,,,,,,,,,,,,,,,,,,,,
ladder,S0,SVM,D1,228.0,,,0.3771622345309992,0.2934071728620663,0.4637928002799883,EXCLUDES 0,,,,,,,,,,,,,,,,,,,,,,,,,,,,,,,,,,,
ladder,S0,RF,D3,5947.0,,,0.009170612156838565,-0.036951175964408646,0.056365040629719504,includes 0,,,,,,,,,,,,,,,,,,,,,,,,,,,,,,,,,,,
ladder,S0,RF,D0,3793.0,,,0.1287403648666835,0.09432129830546424,0.16065331593309146,EXCLUDES 0,,,,,,,,,,,,,,,,,,,,,,,,,,,,,,,,,,,
ladder,S0,RF,D2,1966.0,,,0.13315043817850303,0.08935122444772438,0.17547362394793095,EXCLUDES 0,,,,,,,,,,,,,,,,,,,,,,,,,,,,,,,,,,,
ladder,S0,RF,D1,228.0,,,0.36794026812157266,0.27862682713645576,0.45211177725333923,EXCLUDES 0,,,,,,,,,,,,,,,,,,,,,,,,,,,,,,,,,,,
ladder,S0,GBM,D3,5947.0,,,0.02166191908398407,-0.023921713429660728,0.07101007899293961,includes 0,,,,,,,,,,,,,,,,,,,,,,,,,,,,,,,,,,,
ladder,S0,GBM,D0,3793.0,,,0.13191852617308397,0.09296191305577585,0.16975723577461904,EXCLUDES 0,,,,,,,,,,,,,,,,,,,,,,,,,,,,,,,,,,,
ladder,S0,GBM,D2,1966.0,,,0.13172426050169583,0.08554390446988316,0.17970690469234557,EXCLUDES 0,,,,,,,,,,,,,,,,,,,,,,,,,,,,,,,,,,,
ladder,S0,GBM,D1,228.0,,,0.3701800824392749,0.2842895799328383,0.45978095336092456,EXCLUDES 0,,,,,,,,,,,,,,,,,,,,,,,,,,,,,,,,,,,
ladder,S0,KNN,D3,5947.0,,,0.053157341822000936,-0.003310770636641385,0.11413347045295671,includes 0,,,,,,,,,,,,,,,,,,,,,,,,,,,,,,,,,,,
ladder,S0,KNN,D0,3793.0,,,0.173776032488428,0.12996795884206788,0.21245897047298226,EXCLUDES 0,,,,,,,,,,,,,,,,,,,,,,,,,,,,,,,,,,,
ladder,S0,KNN,D2,1966.0,,,0.1631398962032894,0.11559516801037122,0.21007183650953284,EXCLUDES 0,,,,,,,,,,,,,,,,,,,,,,,,,,,,,,,,,,,
ladder,S0,KNN,D1,228.0,,,0.38513890449558086,0.28421561336466916,0.4686134117324006,EXCLUDES 0,,,,,,,,,,,,,,,,,,,,,,,,,,,,,,,,,,,
ladder_ratio,,SVM,,,,,,,,,,,,,,,,,,,,,,,3.0368366030248612,2.354628080894037,4.072735968646956,1.0048114669402466,0.75108541299963,1.2170978104970906,3.0222949308812517,2.3069039184476945,4.632242169717163,,,,,,,,,,,,
ladder_ratio,,RF,,,,,,,,,,,,,,,,,,,,,,,2.8580023716927596,2.2251487404843417,3.6930674059346433,1.0342555601453076,0.8535498951505405,1.2004835761984956,2.763342525604817,2.1718152656991236,3.6978243848494117,,,,,,,,,,,,
ladder_ratio,,GBM,,,,,,,,,,,,,,,,,,,,,,,2.806126578109123,2.221817860661301,3.676571288349617,0.9985273814298589,0.7964210175349002,1.2033781059484814,2.8102650265742746,2.160891170347268,3.9759702514897697,,,,,,,,,,,,
ladder_ratio,,KNN,,,,,,,,,,,,,,,,,,,,,,,2.2162947270719155,1.6200225246096231,2.9930943242453285,0.9387939974642541,0.7783832203107921,1.0964053681219432,2.3607891966270316,1.718129164262029,3.2830198800136636,,,,,,,,,,,,
partner_location,S0,SVM,D1,,,,0.499773953341038,0.38915437190500335,0.6188895654103813,EXCLUDES 0,,,,,,,,,,,,,,,,,,,,,,,,198.0,30.0,0.42914315539500836,0.34416593049552485,0.5260245632288542,EXCLUDES 0,-0.07063079794602967,-0.14471178598958717,0.015350020773158833,includes 0,,
partner_location,S0,RF,D1,,,,0.5149025731239236,0.3620755095672614,0.6757607506266808,EXCLUDES 0,,,,,,,,,,,,,,,,,,,,,,,,198.0,30.0,0.42140451770875575,0.33172592053315647,0.5120321421197196,EXCLUDES 0,-0.09349805541516787,-0.2119572702975205,0.025707106957129185,includes 0,,
partner_location,S0,GBM,D1,,,,0.47634172684992393,0.3049397145936065,0.6730045802759362,EXCLUDES 0,,,,,,,,,,,,,,,,,,,,,,,,198.0,30.0,0.42057516530534556,0.3261305492711666,0.5187007254844394,EXCLUDES 0,-0.055766561544578375,-0.18983734430622162,0.06543136869264508,includes 0,,
partner_location,S0,KNN,D1,,,,0.5210876587569039,0.38687192218036465,0.6757144783839987,EXCLUDES 0,,,,,,,,,,,,,,,,,,,,,,,,198.0,30.0,0.43965126564622437,0.34066438012368805,0.523653092214526,EXCLUDES 0,-0.08143639311067952,-0.18586076836018078,0.016058350290557993,includes 0,,
partner_location,R0,SVM,D1,,,,0.479057334223184,0.38363190820494397,0.5856693394324631,EXCLUDES 0,,,,,,,,,,,,,,,,,,,,,,,,210.0,28.0,0.4033072052619504,0.31722094266841533,0.4956493285649543,EXCLUDES 0,-0.07575012896123356,-0.15309874586392117,0.0024490717317607294,includes 0,,
partner_location,R0,RF,D1,,,,0.537818964672252,0.4134797069322875,0.6676788763900646,EXCLUDES 0,,,,,,,,,,,,,,,,,,,,,,,,210.0,28.0,0.397595368159402,0.30914801879916065,0.48120284720035145,EXCLUDES 0,-0.14022359651285,-0.25341931838750836,-0.04013413082361864,EXCLUDES 0,,
partner_location,R0,GBM,D1,,,,0.4478800812876219,0.2856090206878419,0.6244634995123289,EXCLUDES 0,,,,,,,,,,,,,,,,,,,,,,,,210.0,28.0,0.39359389148380597,0.31310385983354,0.4770610064328624,EXCLUDES 0,-0.05428618980381594,-0.22151873016378168,0.06762560658360704,includes 0,,
partner_location,R0,KNN,D1,,,,0.5337059755318692,0.3917863879150084,0.7044835416687196,EXCLUDES 0,,,,,,,,,,,,,,,,,,,,,,,,210.0,28.0,0.4163657492436006,0.31792628796776645,0.4984571417805421,EXCLUDES 0,-0.11734022628826857,-0.2512602786533892,0.0029667620591392117,includes 0,,
partner_location,R2,SVM,D2,,,,0.14270525066811823,0.046157487128738385,0.24326674521979005,EXCLUDES 0,,,,,,,,,,,,,,,,,,,,,,,,1768.0,194.0,0.15629810798657884,0.11063055959408735,0.20017576200595852,EXCLUDES 0,0.013592857318460605,-0.07304248699761089,0.09254108477827448,includes 0,,
partner_location,R2,RF,D2,,,,0.08430486871542131,-0.008655135525646876,0.179564250818309,includes 0,,,,,,,,,,,,,,,,,,,,,,,,1768.0,194.0,0.15907500888649673,0.11673898676423844,0.19854669557600704,EXCLUDES 0,0.07477014017107542,-0.012790475383774506,0.15612305958699332,includes 0,,
partner_location,R2,GBM,D2,,,,0.09848317008292762,0.015909328140138096,0.1896637717637906,EXCLUDES 0,,,,,,,,,,,,,,,,,,,,,,,,1768.0,194.0,0.16897608073845738,0.12371892464970115,0.21128578753628793,EXCLUDES 0,0.07049291065552976,-0.01671132978646594,0.15252421809702896,includes 0,,
partner_location,R2,KNN,D2,,,,0.1494567826094949,0.041386908136052204,0.2386924230842463,EXCLUDES 0,,,,,,,,,,,,,,,,,,,,,,,,1768.0,194.0,0.18116789047347415,0.1304928172130956,0.22548338249204375,EXCLUDES 0,0.03171110786397924,-0.055425696108668446,0.13355011873602324,includes 0,,
partner_location,S0,SVM,D0,,,,0.17708743419835205,0.1182532541773256,0.24167952587262614,EXCLUDES 0,,,,,,,,,,,,,,,,,,,,,,,,3457.0,336.0,0.1381930540266526,0.09730752612030232,0.17563551609239278,EXCLUDES 0,-0.03889438017169944,-0.09559001375004782,0.009339697682598071,includes 0,,
partner_location,S0,RF,D0,,,,0.14924554794731282,0.07808039352958879,0.2373757472095153,EXCLUDES 0,,,,,,,,,,,,,,,,,,,,,,,,3457.0,336.0,0.1408168755299536,0.10442065964326885,0.17556517399247468,EXCLUDES 0,-0.008428672417359229,-0.0864616681586291,0.059200470315559514,includes 0,,
partner_location,S0,GBM,D0,,,,0.15005048042500524,0.08801291013044639,0.2251606190131333,EXCLUDES 0,,,,,,,,,,,,,,,,,,,,,,,,3457.0,336.0,0.14404488284920824,0.10339672906608995,0.18495037773557216,EXCLUDES 0,-0.006005597575796995,-0.07367602105435779,0.04945371724239134,includes 0,,
partner_location,S0,KNN,D0,,,,0.16388661150545925,0.0694236742419114,0.2596257228946432,EXCLUDES 0,,,,,,,,,,,,,,,,,,,,,,,,3457.0,336.0,0.18700019747222363,0.14156984343367443,0.22881581323925465,EXCLUDES 0,0.023113585966764383,-0.06903559442805718,0.11080682235248683,includes 0,,
partner_location,R0,SVM,D0,,,,0.17298316031422445,0.0998773707217288,0.2420767779898707,EXCLUDES 0,,,,,,,,,,,,,,,,,,,,,,,,3440.0,351.0,0.1421771425689382,0.10488264433932631,0.17696562181717135,EXCLUDES 0,-0.03080601774528624,-0.09271166822086357,0.03197846725981884,includes 0,,
partner_location,R0,RF,D0,,,,0.14103877514068897,0.05069385453222647,0.2379165589646484,EXCLUDES 0,,,,,,,,,,,,,,,,,,,,,,,,3440.0,351.0,0.14997568749475332,0.11041002486608344,0.18758340548477856,EXCLUDES 0,0.008936912354064352,-0.07486303810452115,0.08862774674285764,includes 0,,
partner_location,R0,GBM,D0,,,,0.15956799812091416,0.08140580041220111,0.24094456278555237,EXCLUDES 0,,,,,,,,,,,,,,,,,,,,,,,,3440.0,351.0,0.15281842393054168,0.11376777204762582,0.1930565342840617,EXCLUDES 0,-0.006749574190372476,-0.07544815411720747,0.05957476318333815,includes 0,,
partner_location,R0,KNN,D0,,,,0.1522618834126397,0.05306398657442884,0.2471099026024338,EXCLUDES 0,,,,,,,,,,,,,,,,,,,,,,,,3440.0,351.0,0.186792904489122,0.14436066222265953,0.2281806672197686,EXCLUDES 0,0.034531021076482316,-0.05482850110442316,0.12625424120190967,includes 0,,
proximity,,SVM,,4.0,,,-0.1930531860612762,-0.4011364702740568,0.09591051917212451,includes 0,,,,,,,,,,,,,,,,,,,,,,,,,,,,,,,,,,0.7-0.8,2930.0
proximity,,SVM,,15.0,,,0.10652013955311601,-0.049963462928512184,0.22449627337399436,includes 0,,,,,,,,,,,,,,,,,,,,,,,,,,,,,,,,,,0.8-0.9,3733.0
proximity,,SVM,,207.0,,,0.6695933391877268,0.5855320360800409,0.76648932194417,EXCLUDES 0,,,,,,,,,,,,,,,,,,,,,,,,,,,,,,,,,,0.9-1.0,898.0
proximity,,RF,,4.0,,,-0.17336269435285867,-0.5461406622923833,-0.048694112418996134,EXCLUDES 0,,,,,,,,,,,,,,,,,,,,,,,,,,,,,,,,,,0.7-0.8,2930.0
proximity,,RF,,15.0,,,0.09059715258436496,-0.0834557855890848,0.2122082784956077,includes 0,,,,,,,,,,,,,,,,,,,,,,,,,,,,,,,,,,0.8-0.9,3733.0
proximity,,RF,,207.0,,,0.6895127946655832,0.5970576524739747,0.783164283523485,EXCLUDES 0,,,,,,,,,,,,,,,,,,,,,,,,,,,,,,,,,,0.9-1.0,898.0
null_predictor,,,D1,,,,-0.015109759885427065,-0.1590253733733152,0.10451327098764067,includes 0,,,,,,,,,,,,,,,,,,,,,,,,,,,,,,,,,,,
null_predictor,,,D2,,,,0.00798346954642315,-0.04383442183770184,0.06601280107848259,includes 0,,,,,,,,,,,,,,,,,,,,,,,,,,,,,,,,,,,
null_predictor,,,D0,,,,0.014609633983254877,-0.03807759721294658,0.06508315534376241,includes 0,,,,,,,,,,,,,,,,,,,,,,,,,,,,,,,,,,,
ranking,,,,,,,0.9486832980505139,,,,spearman_S0_vs_R2,,,,,,,,,,,,,,,,,,,,,,,,,,,,,,,,,,
