dataset,seed,flip_pct,n_cliff_base,n_cliff_rand,jaccard,ctrl_ecfp_pair_diffs,ctrl_scaffold_pair_diffs,n_strings_changed
CHEMBL1862_Ki,42,14.231738035264485,330,229,0.6636904761904762,0,0,794
CHEMBL1862_Ki,43,14.609571788413096,330,216,0.649546827794562,0,0,794
CHEMBL1862_Ki,44,15.365239294710328,330,226,0.640117994100295,0,0,787
CHEMBL1862_Ki,45,14.73551637279597,330,225,0.6517857142857143,0,0,793
CHEMBL1862_Ki,46,13.97984886649874,330,219,0.6636363636363637,0,0,794
CHEMBL1862_Ki,47,14.987405541561714,330,217,0.6426426426426426,0,0,794
CHEMBL1862_Ki,48,14.73551637279597,330,221,0.6497005988023952,0,0,792
CHEMBL1862_Ki,49,15.994962216624684,330,213,0.6208955223880597,0,0,794
CHEMBL1862_Ki,50,15.491183879093198,330,213,0.6306306306306306,0,0,787
CHEMBL1862_Ki,51,14.231738035264485,330,223,0.6606606606606606,0,0,792
CHEMBL1871_Ki,42,13.960546282245827,162,74,0.4390243902439024,0,0,658
CHEMBL1871_Ki,43,14.56752655538695,162,66,0.4074074074074074,0,0,659
CHEMBL1871_Ki,44,13.960546282245827,162,78,0.4457831325301205,0,0,658
CHEMBL1871_Ki,45,14.56752655538695,162,72,0.4181818181818181,0,0,659
CHEMBL1871_Ki,46,13.960546282245827,162,76,0.4424242424242424,0,0,659
CHEMBL1871_Ki,47,14.56752655538695,162,72,0.4181818181818181,0,0,659
CHEMBL1871_Ki,48,14.264036418816389,162,72,0.4268292682926829,0,0,659
CHEMBL1871_Ki,49,13.657056145675265,162,76,0.4512195121951219,0,0,659
CHEMBL1871_Ki,50,14.41578148710167,162,77,0.4311377245508982,0,0,658
CHEMBL1871_Ki,51,13.808801213960548,162,73,0.4417177914110429,0,0,659
CHEMBL2034_Ki,42,15.066666666666666,251,142,0.5533596837944664,0,0,750
CHEMBL2034_Ki,43,14.666666666666666,251,145,0.5652173913043478,0,0,750
CHEMBL2034_Ki,44,14.000000000000002,251,146,0.5816733067729084,0,0,750
CHEMBL2034_Ki,45,13.6,251,149,0.5936254980079682,0,0,750
CHEMBL2034_Ki,46,14.133333333333336,251,151,0.5826771653543307,0,0,750
CHEMBL2034_Ki,47,14.8,251,146,0.562992125984252,0,0,750
CHEMBL2034_Ki,48,13.6,251,157,0.6,0,0,750
CHEMBL2034_Ki,49,14.8,251,144,0.5612648221343873,0,0,750
CHEMBL2034_Ki,50,13.6,251,151,0.5952380952380952,0,0,750
CHEMBL2034_Ki,51,13.466666666666663,251,158,0.6039215686274509,0,0,750
CHEMBL2047_EC50,42,19.809825673534075,245,120,0.4897959183673469,0,0,631
CHEMBL2047_EC50,43,19.492868462757528,245,126,0.5020242914979757,0,0,631
CHEMBL2047_EC50,44,19.334389857369256,245,127,0.5060728744939271,0,0,631
CHEMBL2047_EC50,45,19.17591125198098,245,126,0.508130081300813,0,0,627
CHEMBL2047_EC50,46,18.38351822503962,245,131,0.5284552845528455,0,0,631
CHEMBL2047_EC50,47,19.492868462757528,245,126,0.5020242914979757,0,0,631
CHEMBL2047_EC50,48,18.54199683042789,245,132,0.5263157894736842,0,0,630
CHEMBL2047_EC50,49,18.06656101426308,245,135,0.5384615384615384,0,0,631
CHEMBL2047_EC50,50,20.91917591125198,245,117,0.4655870445344129,0,0,630
CHEMBL2047_EC50,51,18.54199683042789,245,130,0.524390243902439,0,0,631
CHEMBL204_Ki,42,17.792302106027595,1094,612,0.5537340619307832,0,0,2752
CHEMBL204_Ki,43,17.247639796659406,1094,627,0.5673952641165756,0,0,2754
CHEMBL204_Ki,44,17.46550472040668,1094,629,0.5635208711433757,0,0,2753
CHEMBL204_Ki,45,17.39288307915759,1094,623,0.563752276867031,0,0,2753
CHEMBL204_Ki,46,17.683369644153956,1094,615,0.5564663023679417,0,0,2754
CHEMBL204_Ki,47,17.683369644153956,1094,615,0.5564663023679417,0,0,2754
CHEMBL204_Ki,48,18.11909949164851,1094,623,0.5496389891696751,0,0,2754
CHEMBL204_Ki,49,17.501815541031227,1094,616,0.5602189781021898,0,0,2754
CHEMBL204_Ki,50,17.610748002904867,1094,619,0.5586897179253867,0,0,2752
CHEMBL204_Ki,51,18.04647785039942,1094,607,0.5477707006369427,0,0,2754
CHEMBL2147_Ki,42,8.997252747252746,572,447,0.7721739130434783,0,0,1456
CHEMBL2147_Ki,43,8.928571428571429,572,450,0.7743055555555556,0,0,1456
CHEMBL2147_Ki,44,9.40934065934066,572,443,0.7621527777777778,0,0,1454
CHEMBL2147_Ki,45,9.34065934065934,572,448,0.7647058823529411,0,0,1456
CHEMBL2147_Ki,46,9.40934065934066,572,441,0.7617391304347826,0,0,1456
CHEMBL2147_Ki,47,8.928571428571429,572,446,0.7735191637630662,0,0,1454
CHEMBL2147_Ki,48,9.40934065934066,572,439,0.7613240418118467,0,0,1455
CHEMBL2147_Ki,49,9.271978021978022,572,451,0.7668393782383419,0,0,1456
CHEMBL2147_Ki,50,9.546703296703296,572,439,0.7582608695652174,0,0,1454
CHEMBL2147_Ki,51,9.40934065934066,572,449,0.7633851468048359,0,0,1455
CHEMBL214_Ki,42,14.470907446487791,1222,762,0.6103896103896104,0,0,3312
CHEMBL214_Ki,43,14.048839312631896,1222,792,0.6241935483870967,0,0,3317
CHEMBL214_Ki,44,14.742236961109436,1222,773,0.606280193236715,0,0,3317
CHEMBL214_Ki,45,14.470907446487791,1222,770,0.6116504854368932,0,0,3315
CHEMBL214_Ki,46,14.95327102803738,1222,758,0.5993537964458805,0,0,3309
CHEMBL214_Ki,47,14.531202894181488,1222,762,0.6090835360908353,0,0,3317
CHEMBL214_Ki,48,14.470907446487791,1222,772,0.6119644300727567,0,0,3315
CHEMBL214_Ki,49,14.651793789568886,1222,764,0.6067961165048543,0,0,3317
CHEMBL214_Ki,50,14.621646065722038,1222,751,0.6053702196908055,0,0,3310
CHEMBL214_Ki,51,14.531202894181488,1222,762,0.6090835360908353,0,0,3314
CHEMBL218_EC50,42,16.29485935984481,369,205,0.5471698113207547,0,0,1031
CHEMBL218_EC50,43,16.197866149369545,369,202,0.5474254742547425,0,0,1031
CHEMBL218_EC50,44,15.615906886517944,369,212,0.5660377358490566,0,0,1030
CHEMBL218_EC50,45,16.100872938894277,369,207,0.5525606469002695,0,0,1031
CHEMBL218_EC50,46,15.906886517943745,369,213,0.5603217158176944,0,0,1031
CHEMBL218_EC50,47,15.809893307468478,369,210,0.5606469002695418,0,0,1031
CHEMBL218_EC50,48,15.71290009699321,369,207,0.5609756097560976,0,0,1031
CHEMBL218_EC50,49,15.906886517943745,369,205,0.5555555555555556,0,0,1031
CHEMBL218_EC50,50,16.197866149369545,369,206,0.5498652291105122,0,0,1028
CHEMBL218_EC50,51,15.906886517943745,369,205,0.5555555555555556,0,0,1031
CHEMBL219_Ki,42,13.19034852546917,741,517,0.6728723404255319,0,0,1858
CHEMBL219_Ki,43,12.493297587131368,741,520,0.6880856760374833,0,0,1865
CHEMBL219_Ki,44,11.95710455764075,741,536,0.7026666666666667,0,0,1861
CHEMBL219_Ki,45,13.083109919571044,741,511,0.6737967914438503,0,0,1864
CHEMBL219_Ki,46,12.8686327077748,741,513,0.678714859437751,0,0,1865
CHEMBL219_Ki,47,12.386058981233244,741,520,0.6903485254691689,0,0,1865
CHEMBL219_Ki,48,12.8686327077748,741,517,0.6795727636849133,0,0,1862
CHEMBL219_Ki,49,12.761394101876675,741,525,0.6835106382978723,0,0,1864
CHEMBL219_Ki,50,12.546916890080428,741,517,0.6863270777479893,0,0,1856
CHEMBL219_Ki,51,12.439678284182303,741,527,0.6906666666666667,0,0,1863
CHEMBL228_Ki,42,14.43661971830986,641,415,0.6221198156682027,0,0,1693
CHEMBL228_Ki,43,14.2018779342723,641,413,0.6265432098765432,0,0,1704
CHEMBL228_Ki,44,14.847417840375588,641,400,0.6089644513137558,0,0,1697
CHEMBL228_Ki,45,14.553990610328638,641,411,0.6184615384615385,0,0,1703
CHEMBL228_Ki,46,14.553990610328638,641,411,0.6184615384615385,0,0,1702
CHEMBL228_Ki,47,14.553990610328638,641,407,0.6172839506172839,0,0,1704
CHEMBL228_Ki,48,14.319248826291082,641,411,0.6234567901234568,0,0,1699
CHEMBL228_Ki,49,14.377934272300468,641,410,0.6219135802469136,0,0,1704
CHEMBL228_Ki,50,14.671361502347418,641,421,0.6189024390243902,0,0,1699
CHEMBL228_Ki,51,14.612676056338028,641,404,0.615146831530139,0,0,1703
CHEMBL231_Ki,42,13.257965056526208,237,122,0.4713114754098361,0,0,969
CHEMBL231_Ki,43,12.744090441932167,237,117,0.4811715481171548,0,0,973
CHEMBL231_Ki,44,12.949640287769784,237,117,0.475,0,0,972
CHEMBL231_Ki,45,12.538540596094553,237,119,0.4895397489539749,0,0,973
CHEMBL231_Ki,46,12.949640287769784,237,115,0.4728033472803347,0,0,972
CHEMBL231_Ki,47,12.744090441932167,237,119,0.4833333333333333,0,0,969
CHEMBL231_Ki,48,13.052415210688592,237,114,0.4686192468619247,0,0,969
CHEMBL231_Ki,49,12.846865364850975,237,122,0.4834710743801653,0,0,972
CHEMBL231_Ki,50,12.949640287769784,237,121,0.4793388429752066,0,0,968
CHEMBL231_Ki,51,13.360739979445016,237,109,0.453781512605042,0,0,971
CHEMBL233_Ki,42,20.21005728835137,1294,679,0.5130368098159509,0,0,3142
CHEMBL233_Ki,43,20.050922978994272,1294,690,0.5179801071155318,0,0,3142
CHEMBL233_Ki,44,20.08274984086569,1294,685,0.5164750957854406,0,0,3142
CHEMBL233_Ki,45,20.78294080203692,1294,661,0.4992331288343558,0,0,3142
CHEMBL233_Ki,46,20.65563335455124,1294,675,0.5042016806722689,0,0,3137
CHEMBL233_Ki,47,19.89178866963717,1294,687,0.5203376822716808,0,0,3141
CHEMBL233_Ki,48,20.17823042647995,1294,676,0.5130568356374808,0,0,3140
CHEMBL233_Ki,49,19.98726925525144,1294,680,0.5172943889315911,0,0,3141
CHEMBL233_Ki,50,20.305537873965623,1294,678,0.5111111111111111,0,0,3134
CHEMBL233_Ki,51,20.146403564608526,1294,689,0.5160550458715596,0,0,3142
CHEMBL234_Ki,42,14.164615805304894,1605,1125,0.6810344827586207,0,0,3648
CHEMBL234_Ki,43,14.273995077932732,1605,1121,0.6785714285714286,0,0,3657
CHEMBL234_Ki,44,14.137270987147934,1605,1134,0.6824324324324325,0,0,3652
CHEMBL234_Ki,45,14.41071916871753,1605,1116,0.6754926108374384,0,0,3655
CHEMBL234_Ki,46,13.94585726004922,1605,1119,0.6846011131725418,0,0,3654
CHEMBL234_Ki,47,14.30133989608969,1605,1136,0.6795343137254902,0,0,3657
CHEMBL234_Ki,48,14.30133989608969,1605,1132,0.6791411042944785,0,0,3653
CHEMBL234_Ki,49,13.699753896636588,1605,1140,0.6913123844731978,0,0,3656
CHEMBL234_Ki,50,14.055236532677055,1605,1127,0.6833025261860751,0,0,3642
CHEMBL234_Ki,51,14.35602953240361,1605,1114,0.6763255240443896,0,0,3655
CHEMBL235_EC50,42,18.731375053214133,885,455,0.5056179775280899,0,0,2349
CHEMBL235_EC50,43,19.4125159642401,885,437,0.4870641169853768,0,0,2349
CHEMBL235_EC50,44,18.98680289484887,885,451,0.4994388327721661,0,0,2347
CHEMBL235_EC50,45,19.327373350361857,885,447,0.4916013437849944,0,0,2349
CHEMBL235_EC50,46,18.17794806300553,885,462,0.5186020293122886,0,0,2348
CHEMBL235_EC50,47,18.901660280970624,885,459,0.5033557046979866,0,0,2349
CHEMBL235_EC50,48,18.944231587909748,885,448,0.499437570303712,0,0,2347
CHEMBL235_EC50,49,18.561089825457643,885,455,0.509009009009009,0,0,2349
CHEMBL235_EC50,50,17.96509152830992,885,473,0.5258426966292135,0,0,2347
CHEMBL235_EC50,51,19.07194550872712,885,443,0.4954954954954955,0,0,2349
CHEMBL236_Ki,42,20.438799076212472,1017,506,0.4829600778967867,0,0,2598
CHEMBL236_Ki,43,20.47729022324865,1017,501,0.4809756097560975,0,0,2598
CHEMBL236_Ki,44,20.284834488067744,1017,496,0.4833333333333333,0,0,2598
CHEMBL236_Ki,45,20.70823710546574,1017,497,0.4756335282651072,0,0,2598
CHEMBL236_Ki,46,20.246343341031565,1017,501,0.4853228962818003,0,0,2595
CHEMBL236_Ki,47,20.246343341031565,1017,507,0.4868292682926829,0,0,2598
CHEMBL236_Ki,48,20.438799076212472,1017,500,0.4814453125,0,0,2598
CHEMBL236_Ki,49,20.515781370284834,1017,496,0.4789833822091887,0,0,2598
CHEMBL236_Ki,50,20.438799076212472,1017,502,0.4819512195121951,0,0,2592
CHEMBL236_Ki,51,20.70823710546574,1017,491,0.4740957966764418,0,0,2598
CHEMBL237_EC50,42,24.81675392670157,456,233,0.488120950323974,0,0,955
CHEMBL237_EC50,43,25.445026178010476,456,229,0.4762931034482758,0,0,955
CHEMBL237_EC50,44,24.71204188481676,456,232,0.4891774891774891,0,0,955
CHEMBL237_EC50,45,24.60732984293194,456,237,0.4935344827586206,0,0,955
CHEMBL237_EC50,46,25.23560209424084,456,227,0.4783549783549783,0,0,954
CHEMBL237_EC50,47,24.921465968586386,456,226,0.4826086956521739,0,0,955
CHEMBL237_EC50,48,23.874345549738223,456,246,0.5096774193548387,0,0,955
CHEMBL237_EC50,49,25.13089005235602,456,226,0.4793926247288503,0,0,955
CHEMBL237_EC50,50,24.60732984293194,456,229,0.4891304347826087,0,0,952
CHEMBL237_EC50,51,24.18848167539267,456,239,0.5010799136069114,0,0,955
CHEMBL237_Ki,42,22.589320015366884,1110,542,0.475,0,0,2603
CHEMBL237_Ki,43,22.28198232808298,1110,538,0.4793536804308797,0,0,2603
CHEMBL237_Ki,44,22.397233960814443,1110,547,0.4794642857142857,0,0,2601
CHEMBL237_Ki,45,22.28198232808298,1110,548,0.4816800714924039,0,0,2603
CHEMBL237_Ki,46,22.397233960814443,1110,555,0.4813167259786476,0,0,2598
CHEMBL237_Ki,47,22.24356511717249,1110,555,0.4839572192513369,0,0,2602
CHEMBL237_Ki,48,22.358816749903955,1110,544,0.479427549194991,0,0,2602
CHEMBL237_Ki,49,23.011909335382253,1110,535,0.4661319073083779,0,0,2602
CHEMBL237_Ki,50,22.8582404917403,1110,535,0.46875,0,0,2595
CHEMBL237_Ki,51,22.47406838263542,1110,553,0.4795373665480427,0,0,2603
CHEMBL238_Ki,42,11.40684410646388,266,156,0.5571955719557196,0,0,1042
CHEMBL238_Ki,43,11.977186311787072,266,152,0.5367647058823529,0,0,1052
CHEMBL238_Ki,44,12.262357414448667,266,159,0.5342960288808665,0,0,1046
CHEMBL238_Ki,45,11.596958174904945,266,150,0.5464684014869888,0,0,1051
CHEMBL238_Ki,46,11.977186311787072,266,146,0.5315985130111525,0,0,1050
CHEMBL238_Ki,47,12.072243346007603,266,155,0.5364963503649635,0,0,1052
CHEMBL238_Ki,48,11.40684410646388,266,154,0.5555555555555556,0,0,1049
CHEMBL238_Ki,49,11.216730038022812,266,162,0.5677655677655677,0,0,1051
CHEMBL238_Ki,50,11.88212927756654,266,149,0.5370370370370371,0,0,1048
CHEMBL238_Ki,51,11.40684410646388,266,154,0.5555555555555556,0,0,1051
CHEMBL239_EC50,42,20.337013364323067,699,361,0.5035460992907801,0,0,1721
CHEMBL239_EC50,43,20.85996513654852,699,360,0.4936530324400564,0,0,1721
CHEMBL239_EC50,44,21.324811156304477,699,346,0.4801699716713881,0,0,1719
CHEMBL239_EC50,45,21.20859965136549,699,354,0.4851904090267983,0,0,1721
CHEMBL239_EC50,46,20.62754212667054,699,356,0.4964539007092198,0,0,1719
CHEMBL239_EC50,47,20.976176641487505,699,360,0.4915492957746479,0,0,1721
CHEMBL239_EC50,48,21.034282393957003,699,355,0.4887005649717514,0,0,1720
CHEMBL239_EC50,49,20.569436374201047,699,367,0.5014084507042254,0,0,1721
CHEMBL239_EC50,50,19.930273097036608,699,372,0.5148514851485149,0,0,1720
CHEMBL239_EC50,51,21.034282393957003,699,357,0.4894217207334274,0,0,1721
CHEMBL244_Ki,42,22.602518566354536,1478,786,0.5276653171390013,0,0,3097
CHEMBL244_Ki,43,22.731675815305135,1478,778,0.5243243243243243,0,0,3097
CHEMBL244_Ki,44,23.345172747820474,1478,767,0.5128032345013477,0,0,3097
CHEMBL244_Ki,45,23.28059412334517,1478,765,0.5134952766531714,0,0,3097
CHEMBL244_Ki,46,23.216015498869876,1478,777,0.5164761264290518,0,0,3097
CHEMBL244_Ki,47,22.89312237649338,1478,779,0.5219150370869858,0,0,3097
CHEMBL244_Ki,48,22.95770100096868,1478,781,0.5212121212121212,0,0,3097
CHEMBL244_Ki,49,22.89312237649338,1478,781,0.5222371967654986,0,0,3096
CHEMBL244_Ki,50,23.345172747820474,1478,767,0.5128032345013477,0,0,3097
CHEMBL244_Ki,51,23.44204068453342,1478,768,0.5114401076716016,0,0,3097
CHEMBL262_Ki,42,10.397196261682243,160,77,0.4539877300613497,0,0,854
CHEMBL262_Ki,43,10.2803738317757,160,76,0.4567901234567901,0,0,856
CHEMBL262_Ki,44,9.579439252336448,160,82,0.49382716049382713,0,0,853
CHEMBL262_Ki,45,9.69626168224299,160,85,0.49390243902439024,0,0,855
CHEMBL262_Ki,46,10.514018691588785,160,80,0.45454545454545453,0,0,855
CHEMBL262_Ki,47,10.74766355140187,160,74,0.43558282208588955,0,0,856
CHEMBL262_Ki,48,10.2803738317757,160,78,0.4601226993865031,0,0,856
CHEMBL262_Ki,49,10.514018691588785,160,78,0.45121951219512196,0,0,856
CHEMBL262_Ki,50,10.2803738317757,160,78,0.4601226993865031,0,0,850
CHEMBL262_Ki,51,10.2803738317757,160,76,0.4567901234567901,0,0,856
CHEMBL264_Ki,42,10.90146750524109,1191,897,0.74,0,0,2844
CHEMBL264_Ki,43,10.517120894479385,1191,910,0.7493755203996669,0,0,2862
CHEMBL264_Ki,44,10.482180293501047,1191,903,0.7493734335839599,0,0,2842
CHEMBL264_Ki,45,10.69182389937107,1191,889,0.7435037720033529,0,0,2855
CHEMBL264_Ki,46,10.69182389937107,1191,885,0.743073047858942,0,0,2846
CHEMBL264_Ki,47,10.58700209643606,1191,894,0.7462311557788944,0,0,2853
CHEMBL264_Ki,48,11.0062893081761,1191,884,0.7364016736401674,0,0,2843
CHEMBL264_Ki,49,10.936408106219426,1191,894,0.7389491242702252,0,0,2859
CHEMBL264_Ki,50,10.79664570230608,1191,900,0.7425,0,0,2841
CHEMBL264_Ki,51,10.656883298392732,1191,906,0.746044962531224,0,0,2856
CHEMBL2835_Ki,42,4.715447154471545,60,31,0.5166666666666667,0,0,615
CHEMBL2835_Ki,43,4.715447154471545,60,31,0.5166666666666667,0,0,615
CHEMBL2835_Ki,44,5.040650406504065,60,33,0.5,0,0,614
CHEMBL2835_Ki,45,5.365853658536586,60,35,0.484375,0,0,615
CHEMBL2835_Ki,46,4.715447154471545,60,31,0.5166666666666667,0,0,615
CHEMBL2835_Ki,47,5.040650406504065,60,33,0.5,0,0,615
CHEMBL2835_Ki,48,5.040650406504065,60,33,0.5,0,0,614
CHEMBL2835_Ki,49,5.040650406504065,60,33,0.5,0,0,615
CHEMBL2835_Ki,50,5.040650406504065,60,33,0.5,0,0,615
CHEMBL2835_Ki,51,5.040650406504065,60,33,0.5,0,0,615
CHEMBL287_Ki,42,14.683734939759036,507,344,0.627151051625239,0,0,1315
CHEMBL287_Ki,43,14.307228915662652,507,335,0.6317829457364341,0,0,1328
CHEMBL287_Ki,44,13.478915662650603,507,354,0.6557692307692308,0,0,1310
CHEMBL287_Ki,45,13.253012048192772,507,343,0.6569200779727096,0,0,1326
CHEMBL287_Ki,46,13.78012048192771,507,336,0.6432748538011696,0,0,1314
CHEMBL287_Ki,47,14.006024096385541,507,339,0.6395348837209303,0,0,1325
CHEMBL287_Ki,48,13.704819277108435,507,337,0.645224171539961,0,0,1318
CHEMBL287_Ki,49,13.704819277108435,507,339,0.6459143968871596,0,0,1328
CHEMBL287_Ki,50,13.704819277108435,507,339,0.6459143968871596,0,0,1313
CHEMBL287_Ki,51,13.027108433734941,507,344,0.662109375,0,0,1328
CHEMBL2971_Ki,42,6.762295081967213,162,100,0.5975609756097561,0,0,975
CHEMBL2971_Ki,43,6.25,162,101,0.6234567901234568,0,0,976
CHEMBL2971_Ki,44,6.967213114754098,162,100,0.5878787878787879,0,0,975
CHEMBL2971_Ki,45,6.762295081967213,162,98,0.5950920245398773,0,0,976
CHEMBL2971_Ki,46,6.557377049180328,162,102,0.6097560975609756,0,0,976
CHEMBL2971_Ki,47,6.454918032786885,162,101,0.6134969325153374,0,0,976
CHEMBL2971_Ki,48,6.454918032786885,162,101,0.6134969325153374,0,0,976
CHEMBL2971_Ki,49,6.454918032786885,162,105,0.6181818181818182,0,0,976
CHEMBL2971_Ki,50,6.557377049180328,162,98,0.6049382716049383,0,0,976
CHEMBL2971_Ki,51,6.557377049180328,162,98,0.6049382716049383,0,0,976
CHEMBL3979_EC50,42,18.844444444444445,468,262,0.5498938428874734,0,0,1125
CHEMBL3979_EC50,43,18.666666666666668,468,264,0.554140127388535,0,0,1125
CHEMBL3979_EC50,44,18.4,468,265,0.5595744680851064,0,0,1123
CHEMBL3979_EC50,45,19.644444444444446,468,259,0.5337552742616034,0,0,1124
CHEMBL3979_EC50,46,19.022222222222222,468,260,0.5456475583864119,0,0,1124
CHEMBL3979_EC50,47,18.933333333333334,468,261,0.5477707006369427,0,0,1125
CHEMBL3979_EC50,48,19.555555555555557,468,264,0.5378151260504201,0,0,1124
CHEMBL3979_EC50,49,19.11111111111111,468,271,0.549266247379455,0,0,1125
CHEMBL3979_EC50,50,19.377777777777776,468,264,0.5410526315789473,0,0,1124
CHEMBL3979_EC50,51,18.844444444444445,468,268,0.5527426160337553,0,0,1125
CHEMBL4005_Ki,42,19.166666666666668,401,223,0.5445544554455446,0,0,960
CHEMBL4005_Ki,43,18.541666666666668,401,225,0.5572139303482587,0,0,960
CHEMBL4005_Ki,44,18.854166666666668,401,222,0.5497512437810945,0,0,960
CHEMBL4005_Ki,45,18.333333333333332,401,227,0.5621890547263682,0,0,960
CHEMBL4005_Ki,46,18.020833333333332,401,234,0.5717821782178217,0,0,958
CHEMBL4005_Ki,47,18.125,401,231,0.5682382133995038,0,0,960
CHEMBL4005_Ki,48,18.229166666666664,401,226,0.5635910224438903,0,0,960
CHEMBL4005_Ki,49,19.270833333333336,401,218,0.5398009950248757,0,0,960
CHEMBL4005_Ki,50,19.0625,401,218,0.543640897755611,0,0,960
CHEMBL4005_Ki,51,18.958333333333332,401,221,0.5472636815920398,0,0,960
CHEMBL4203_Ki,42,3.556771545827633,64,42,0.6060606060606061,0,0,728
CHEMBL4203_Ki,43,3.283173734610123,64,42,0.6307692307692307,0,0,731
CHEMBL4203_Ki,44,3.009575923392613,64,42,0.65625,0,0,729
CHEMBL4203_Ki,45,3.4199726402188784,64,41,0.6153846153846154,0,0,728
CHEMBL4203_Ki,46,3.4199726402188784,64,45,0.6268656716417911,0,0,730
CHEMBL4203_Ki,47,3.009575923392613,64,42,0.65625,0,0,731
CHEMBL4203_Ki,48,2.8727770177838576,64,43,0.671875,0,0,729
CHEMBL4203_Ki,49,3.009575923392613,64,44,0.6615384615384615,0,0,731
CHEMBL4203_Ki,50,3.830369357045144,64,40,0.5757575757575758,0,0,727
CHEMBL4203_Ki,51,3.830369357045144,64,40,0.5757575757575758,0,0,729
CHEMBL4616_EC50,42,18.7683284457478,355,249,0.6502732240437158,0,0,682
CHEMBL4616_EC50,43,20.674486803519063,355,236,0.6147540983606558,0,0,682
CHEMBL4616_EC50,44,18.914956011730204,355,230,0.6386554621848739,0,0,682
CHEMBL4616_EC50,45,18.328445747800586,355,232,0.648876404494382,0,0,682
CHEMBL4616_EC50,46,19.794721407624632,355,236,0.628099173553719,0,0,682
CHEMBL4616_EC50,47,19.501466275659823,355,230,0.6295264623955432,0,0,682
CHEMBL4616_EC50,48,20.527859237536656,355,233,0.6153846153846154,0,0,682
CHEMBL4616_EC50,49,20.381231671554254,355,238,0.6202185792349727,0,0,682
CHEMBL4616_EC50,50,18.914956011730204,355,236,0.6416666666666667,0,0,682
CHEMBL4616_EC50,51,19.35483870967742,355,231,0.6323119777158774,0,0,682
CHEMBL4792_Ki,42,19.238613188307273,794,531,0.6480099502487562,0,0,1471
CHEMBL4792_Ki,43,19.238613188307273,794,539,0.6497524752475248,0,0,1471
CHEMBL4792_Ki,44,19.10265125764786,794,533,0.650497512437811,0,0,1471
CHEMBL4792_Ki,45,18.49082256968049,794,548,0.6629491945477075,0,0,1471
CHEMBL4792_Ki,46,18.898708361658738,794,528,0.6525,0,0,1471
CHEMBL4792_Ki,47,20.25832766825289,794,528,0.6320987654320988,0,0,1471
CHEMBL4792_Ki,48,19.4425560842964,794,528,0.6442786069651741,0,0,1471
CHEMBL4792_Ki,49,19.306594153636983,794,534,0.6476426799007444,0,0,1471
CHEMBL4792_Ki,50,19.03467029231815,794,526,0.65,0,0,1471
CHEMBL4792_Ki,51,19.03467029231815,794,532,0.651307596513076,0,0,1471
