dataset,n,n_cliff_base,rt_strings_changed_pct,rt_flip_pct,rt_n_cliff,rt_jaccard,kek_strings_changed_pct,kek_flip_pct,kek_n_cliff,kek_jaccard,kek_gain,kek_loss,kek_inchikey_identical,rand_flip_mean_pct,rand_flip_sd_pct,rand_flip_min_pct,rand_flip_max_pct,rand_jaccard_mean,rand_n_cliff_mean,ever_flip_pct,ctrl_ecfp_pair_diffs,ctrl_scaffold_pair_diffs,secs
CHEMBL1862_Ki,794,330,0.2518891687657431,0.0,330,1.0,99.87405541561712,7.556675062972292,376,0.8433420365535248,53,7,794/794,14.836272040302266,0.6333508703827412,13.97984886649874,15.994962216624684,0.6473307431131798,220.2,19.0176322418136,0,0,14.5
CHEMBL1871_Ki,659,162,8.49772382397572,0.3034901365705614,160,0.9876543209876544,98.4825493171472,5.918057663125948,185,0.7979274611398963,31,8,659/659,14.17298937784522,0.3445500529271906,13.657056145675265,14.56752655538695,0.4321907105419055,73.6,16.236722306525035,0,0,13.4
CHEMBL2034_Ki,750,251,6.133333333333334,0.5333333333333333,249,0.984126984126984,95.6,5.066666666666666,241,0.8566037735849057,14,24,750/750,14.173333333333332,0.6095535707019973,13.466666666666663,15.066666666666666,0.5799969657218206,148.9,16.933333333333334,0,0,16.5
CHEMBL2047_EC50,631,245,12.995245641838352,0.1584786053882725,244,0.9959183673469388,92.70998415213946,5.388272583201268,259,0.8736059479553904,24,10,631/631,19.175911251980985,0.83858995596342,18.06656101426308,20.91917591125198,0.5091257358082959,127.0,21.3946117274168,0,0,13.7
CHEMBL204_Ki,2754,1094,0.9077705156136529,0.0,1094,1.0,98.5112563543936,6.717501815541032,1149,0.8476112026359144,120,65,2754/2754,17.65432098765432,0.2758985261981429,17.247639796659406,18.11909949164851,0.5577653464627843,618.6,20.37037037037037,0,0,96.3
CHEMBL2147_Ki,1456,572,0.206043956043956,0.0,572,1.0,100.0,3.5027472527472527,589,0.915841584158416,34,17,1456/1456,9.26510989010989,0.2276750895687144,8.928571428571429,9.546703296703296,0.7658405859347843,445.3,12.01923076923077,0,0,30.5
CHEMBL214_Ki,3317,1222,1.2059089538739824,0.0,1222,1.0,99.9397045523063,5.758215254748267,1269,0.8575689783743475,119,72,3317/3317,14.5492915284896,0.2323092477427372,14.048839312631896,14.95327102803738,0.6094165472346283,766.6,18.05848658426289,0,0,106.5
CHEMBL218_EC50,1031,369,1.454898157129001,0.0,369,1.0,99.51503394762366,4.461687681862269,383,0.8847117794486216,30,16,1031/1031,15.965082444228903,0.2249276059608936,15.615906886517944,16.29485935984481,0.5556114234389781,207.2,17.16779825412221,0,0,22.4
CHEMBL219_Ki,1865,741,0.3753351206434316,0.0,741,1.0,99.8391420911528,4.718498659517426,761,0.889308176100629,54,34,1865/1865,12.659517426273458,0.3675519673693206,11.95710455764075,13.19034852546917,0.6846562005877894,520.3,15.549597855227882,0,0,38.8
CHEMBL228_Ki,1704,641,1.5845070422535212,0.0586854460093896,642,0.9984423676012462,99.70657276995306,6.103286384976526,695,0.8555555555555555,79,25,1704/1704,14.512910798122064,0.185682746088956,14.2018779342723,14.847417840375588,0.6191254145323762,410.3,17.84037558685446,0,0,35.2
CHEMBL231_Ki,973,237,0.513874614594039,0.0,237,1.0,99.7944501541624,3.28879753340185,253,0.8773946360153256,24,8,973/973,12.939362795477903,0.2444132782697771,12.538540596094553,13.360739979445016,0.4758370129916972,117.5,15.107913669064748,0,0,18.8
CHEMBL233_Ki,3142,1294,13.621896880967537,0.1591343093570973,1299,0.9961508852963818,99.42711648631445,4.583068109484405,1364,0.8972162740899358,107,37,3142/3142,20.22915340547421,0.2847471701145053,19.89178866963717,20.78294080203692,0.5128781886046971,680.0,23.74283895607893,0,0,126.4
CHEMBL234_Ki,3657,1605,1.066447908121411,0.0,1605,1.0,99.64451736395954,6.890894175553733,1647,0.8561643835616438,147,105,3657/3657,14.164615805304896,0.2168512852678938,13.699753896636588,14.41071916871753,0.6811747920496093,1126.4,18.156959256220944,0,0,123.4
CHEMBL235_EC50,2349,885,0.1702852277564921,0.0,885,1.0,99.27628778203491,6.598552575564069,902,0.8403707518022657,86,69,2349/2349,18.80800340570456,0.4640945042949012,17.96509152830992,19.4125159642401,0.5035464776518332,453.0,22.09450830140485,0,0,68.5
CHEMBL236_Ki,2598,1017,10.739030023094688,0.2694380292532717,1018,0.9931439764936336,99.88452655889144,4.734411085450346,1076,0.8889891696750902,91,32,2598/2598,20.450346420323324,0.1663502489952562,20.246343341031565,20.70823710546574,0.4811530424723633,499.7,23.518090839107007,0,0,97.9
CHEMBL237_EC50,955,456,7.539267015706806,0.2094240837696335,458,0.9956331877729258,99.05759162303664,5.968586387434556,453,0.8819875776397516,27,30,955/955,24.75392670157068,0.4739754330685636,23.874345549738223,25.445026178010476,0.4887370092188721,232.4,29.214659685863875,0,0,26.3
CHEMBL237_Ki,2603,1110,9.911640414905875,0.2689204763734153,1113,0.9937219730941704,99.19323857087976,4.840568574721475,1156,0.8946488294314381,86,40,2603/2603,22.48943526699961,0.2581555265637946,22.24356511717249,23.011909335382253,0.4774618805918965,545.2,25.70111409911641,0,0,99.9
CHEMBL238_Ki,1052,266,1.9011406844106464,0.0950570342205323,265,0.9962406015037594,99.4296577946768,3.897338403041825,279,0.8600682593856656,27,14,1052/1052,11.720532319391634,0.3558119654912494,11.216730038022812,12.262357414448667,0.5458733287495761,153.7,14.82889733840304,0,0,19.0
CHEMBL239_EC50,1721,699,0.0581057524694944,0.0,699,1.0,99.53515398024405,5.926786751888437,739,0.8675324675324675,71,31,1721/1721,20.79023823358512,0.426812582478073,19.930273097036608,21.324811156304477,0.494494493047081,358.8,24.985473561882625,0,0,40.1
CHEMBL244_Ki,3097,1478,1.9373587342589602,0.0,1478,1.0,99.90313206328705,6.813044882144011,1503,0.8677944862155389,118,93,3097/3097,23.070713593800452,0.2913005834188868,22.602518566354536,23.44204068453342,0.5184371976284452,774.9,26.961575718437196,0,0,119.1
CHEMBL262_Ki,856,160,0.0,0.0,160,1.0,100.0,3.9719626168224296,164,0.8100558659217877,19,15,856/856,10.257009345794392,0.3602814176392642,9.579439252336448,10.74766355140187,0.46168907640926193,78.4,11.682242990654206,0,0,14.9
CHEMBL264_Ki,2862,1191,0.9433962264150944,0.0,1191,1.0,98.88190076869323,4.577218728162125,1226,0.8971742543171115,83,48,2862/2862,10.726764500349406,0.17892256575515048,10.482180293501047,11.0062893081761,0.7435452690066432,896.2,12.368972746331238,0,0,72.6
CHEMBL2835_Ki,615,60,6.666666666666667,0.0,60,1.0,100.0,2.4390243902439024,73,0.7972972972972973,14,1,615/615,4.97560975609756,0.20567659578330924,4.715447154471545,5.365853658536586,0.5034375,32.6,5.365853658536586,0,0,14.8
CHEMBL287_Ki,1328,507,1.430722891566265,0.15060240963855423,509,0.9960707269155207,98.0421686746988,3.990963855421686,548,0.9043321299638989,47,6,1328/1328,13.765060240963857,0.4825548128794339,13.027108433734941,14.683734939759036,0.6453595383939994,341.0,17.24397590361446,0,0,22.9
CHEMBL2971_Ki,976,162,4.200819672131147,0.0,162,1.0,100.0,3.995901639344263,177,0.7936507936507936,27,12,976/976,6.577868852459017,0.20377641926470344,6.25,6.967213114754098,0.6068796902135224,100.4,7.684426229508197,0,0,22.3
CHEMBL3979_EC50,1125,468,0.35555555555555557,0.0,468,1.0,98.93333333333334,6.488888888888889,497,0.859344894026975,51,22,1125/1125,19.04,0.3926345190750213,18.4,19.644444444444446,0.547165859268865,263.8,22.933333333333334,0,0,25.3
CHEMBL4005_Ki,960,401,0.3125,0.0,401,1.0,100.0,10.0,447,0.7966101694915254,71,25,960/960,18.656250000000004,0.4618186088380769,18.020833333333332,19.270833333333336,0.5548025672735009,224.5,21.145833333333332,0,0,20.0
CHEMBL4203_Ki,731,64,0.0,0.0,64,1.0,99.86320109439124,2.0519835841313268,65,0.7916666666666666,8,7,731/731,3.32421340629275,0.34757572275712734,2.8727770177838576,3.830369357045144,0.6276508736909857,42.1,3.9671682626538987,0,0,12.0
CHEMBL4616_EC50,682,355,29.325513196480937,0.43988269794721413,358,0.9916201117318436,100.0,6.744868035190615,373,0.8811369509043928,32,14,682/682,19.51612903225806,0.8103669874965864,18.328445747800586,20.674486803519063,0.6319766664035023,235.1,26.53958944281525,0,0,17.2
CHEMBL4792_Ki,1471,794,0.0,0.0,794,1.0,100.0,10.469068660774983,794,0.8231917336394948,77,77,1471/1471,19.204622705642418,0.4534896010919896,18.49082256968049,20.25832766825289,0.6489036781292893,532.7,25.220938137321554,0,0,34.8
