dataset,n,n_cliff_base,rand_flip_mean_pct,rand_flip_sd_pct,rand_flip_min_pct,rand_flip_max_pct,rand_jaccard_mean,rand_n_cliff_mean,ever_flip_pct,secs
CHEMBL1862_Ki,794,330,18.1360201511335,0.10283332253497901,18.01007556675063,18.387909319899247,0.5639028842643301,186.4,18.387909319899247,5.8
CHEMBL1871_Ki,659,162,15.326251896813352,0.14306662239485013,15.022761760242792,15.629742033383915,0.37731857874134295,61.4,15.629742033383915,5.9
CHEMBL2034_Ki,750,251,16.933333333333334,0.0,16.933333333333334,16.933333333333334,0.49402390438247,124.0,16.933333333333334,6.8
CHEMBL2047_EC50,631,245,21.553090332805077,3.744889033148481e-15,21.553090332805073,21.553090332805073,0.4448979591836736,109.0,21.553090332805073,5.7
CHEMBL204_Ki,2754,1094,20.21786492374728,0.028642361573951388,20.152505446623092,20.26143790849673,0.49108862788309826,537.4,20.26143790849673,40.7
CHEMBL2147_Ki,1456,572,11.057692307692307,0.0,11.057692307692307,11.057692307692307,0.7185314685314685,411.0,11.057692307692307,12.2
CHEMBL214_Ki,3317,1222,16.768164003617727,0.0546737835744564,16.67169128730781,16.882725354235756,0.545105647526974,667.2,17.003316249623154,36.2
CHEMBL218_EC50,1031,369,17.16779825412221,0.0,17.16779825412221,17.16779825412221,0.5203252032520326,192.0,17.16779825412221,10.0
CHEMBL219_Ki,1865,741,13.83378016085791,0.06191423798280173,13.726541554959788,13.941018766756033,0.652057447707547,484.0,14.101876675603217,15.7
CHEMBL228_Ki,1704,641,16.032863849765256,0.07214041046395045,15.9037558685446,16.13849765258216,0.574057037047837,368.6,16.314553990610328,14.3
CHEMBL231_Ki,973,237,14.131551901336072,0.16956997150756514,13.771839671120247,14.388489208633093,0.4212965414967428,100.7,14.59403905447071,7.5
CHEMBL233_Ki,3142,1294,23.68555060471038,0.03912388906129,23.61553150859325,23.74283895607893,0.42497299684316686,550.2,23.77466581795035,54.0
CHEMBL234_Ki,3657,1605,16.168990976210004,0.04656654735008617,16.106097894449,16.2428219852338,0.6317955659580888,1015.5,16.434235712332512,43.8
CHEMBL235_EC50,2349,885,21.63048105576841,0.04684993335949953,21.54108131119625,21.668795232013625,0.42587570621468923,376.9,21.668795232013625,26.7
CHEMBL236_Ki,2598,1017,23.056197074672824,0.06542236994601947,22.9022324865281,23.13317936874519,0.41107083316430126,418.2,23.13317936874519,44.0
CHEMBL237_EC50,955,456,28.90052356020942,0.0,28.90052356020942,28.90052356020942,0.39473684210526316,180.0,28.90052356020942,11.6
CHEMBL237_Ki,2603,1110,25.45140222819823,0.027165070349079962,25.3937764118325,25.470610833653478,0.4032069152861232,447.7,25.509028044563962,40.6
CHEMBL238_Ki,1052,266,12.47148288973384,0.060119347151490025,12.357414448669202,12.547528517110266,0.5076919827659035,135.8,12.832699619771862,7.2
CHEMBL239_EC50,1721,699,23.927948866937825,0.06596702059239268,23.82335851249274,24.055781522370715,0.4112098187955485,288.0,24.171993027309703,16.2
CHEMBL244_Ki,3097,1478,26.712948014207296,0.03420567986668959,26.638682596060704,26.73555053277365,0.440257104194858,650.7,26.73555053277365,48.1
CHEMBL262_Ki,856,160,10.771028037383179,0.07388499206000905,10.74766355140187,10.981308411214954,0.42447530864197525,68.2,10.981308411214954,6.1
CHEMBL264_Ki,2862,1191,11.439552760307475,0.04101285083079198,11.35569531795947,11.495457721872816,0.7253355108537418,865.6,11.809923130677848,26.4
CHEMBL2835_Ki,615,60,4.715447154471546,9.362222582871203e-16,4.715447154471545,4.715447154471545,0.5166666666666667,31.0,4.715447154471545,6.6
CHEMBL287_Ki,1328,507,14.570783132530119,0.08874332093204729,14.457831325301203,14.759036144578314,0.6188700475613904,314.9,15.060240963855422,8.6
CHEMBL2971_Ki,976,162,6.977459016393442,0.07560090034555542,6.864754098360656,7.172131147540983,0.5801565793435712,94.3,7.172131147540983,9.2
CHEMBL3979_EC50,1125,468,21.68,0.08839368231215525,21.511111111111113,21.866666666666667,0.47906983087834154,224.5,21.866666666666667,10.2
CHEMBL4005_Ki,960,401,20.71875,0.032940392293420995,20.625,20.729166666666668,0.5039900249376559,202.1,20.729166666666668,8.5
CHEMBL4203_Ki,731,64,3.5567715458276323,9.362222582871203e-16,3.556771545827633,3.556771545827633,0.59375,38.0,3.556771545827633,4.6
CHEMBL4616_EC50,682,355,24.237536656891496,0.13910312288130633,24.193548387096776,24.633431085043988,0.5348933251760896,190.5,24.780058651026394,7.7
CHEMBL4792_Ki,1471,794,23.24949014276003,0.032046534384161954,23.18150917743032,23.317471108089734,0.5693780397002677,452.4,23.385452073419444,13.9
