dataset,seed,flip_pct,n_cliff_base,n_cliff_rand,jaccard,ctrl_ecfp_pair_diffs,ctrl_scaffold_pair_diffs
CHEMBL1862_Ki,42,18.1360201511335,330,186,0.5636363636363636,0,0
CHEMBL1862_Ki,43,18.1360201511335,330,186,0.5636363636363636,-1,-1
CHEMBL1862_Ki,44,18.01007556675063,330,187,0.5666666666666667,-1,-1
CHEMBL1862_Ki,45,18.1360201511335,330,186,0.5636363636363636,-1,-1
CHEMBL1862_Ki,46,18.387909319899247,330,188,0.5602409638554217,-1,-1
CHEMBL1862_Ki,47,18.01007556675063,330,187,0.5666666666666667,-1,-1
CHEMBL1862_Ki,48,18.1360201511335,330,186,0.5636363636363636,-1,-1
CHEMBL1862_Ki,49,18.1360201511335,330,186,0.5636363636363636,-1,-1
CHEMBL1862_Ki,50,18.1360201511335,330,186,0.5636363636363636,-1,-1
CHEMBL1862_Ki,51,18.1360201511335,330,186,0.5636363636363636,-1,-1
CHEMBL1871_Ki,42,15.326251896813353,162,61,0.3765432098765432,0,0
CHEMBL1871_Ki,43,15.326251896813353,162,61,0.3765432098765432,-1,-1
CHEMBL1871_Ki,44,15.326251896813353,162,61,0.3765432098765432,-1,-1
CHEMBL1871_Ki,45,15.629742033383915,162,63,0.3719512195121951,-1,-1
CHEMBL1871_Ki,46,15.326251896813353,162,61,0.3765432098765432,-1,-1
CHEMBL1871_Ki,47,15.326251896813353,162,61,0.3765432098765432,-1,-1
CHEMBL1871_Ki,48,15.326251896813353,162,61,0.3765432098765432,-1,-1
CHEMBL1871_Ki,49,15.326251896813353,162,61,0.3765432098765432,-1,-1
CHEMBL1871_Ki,50,15.022761760242792,162,63,0.3888888888888889,-1,-1
CHEMBL1871_Ki,51,15.326251896813353,162,61,0.3765432098765432,-1,-1
CHEMBL2034_Ki,42,16.933333333333334,251,124,0.4940239043824701,0,0
CHEMBL2034_Ki,43,16.933333333333334,251,124,0.4940239043824701,-1,-1
CHEMBL2034_Ki,44,16.933333333333334,251,124,0.4940239043824701,-1,-1
CHEMBL2034_Ki,45,16.933333333333334,251,124,0.4940239043824701,-1,-1
CHEMBL2034_Ki,46,16.933333333333334,251,124,0.4940239043824701,-1,-1
CHEMBL2034_Ki,47,16.933333333333334,251,124,0.4940239043824701,-1,-1
CHEMBL2034_Ki,48,16.933333333333334,251,124,0.4940239043824701,-1,-1
CHEMBL2034_Ki,49,16.933333333333334,251,124,0.4940239043824701,-1,-1
CHEMBL2034_Ki,50,16.933333333333334,251,124,0.4940239043824701,-1,-1
CHEMBL2034_Ki,51,16.933333333333334,251,124,0.4940239043824701,-1,-1
CHEMBL2047_EC50,42,21.553090332805073,245,109,0.4448979591836735,0,0
CHEMBL2047_EC50,43,21.553090332805073,245,109,0.4448979591836735,-1,-1
CHEMBL2047_EC50,44,21.553090332805073,245,109,0.4448979591836735,-1,-1
CHEMBL2047_EC50,45,21.553090332805073,245,109,0.4448979591836735,-1,-1
CHEMBL2047_EC50,46,21.553090332805073,245,109,0.4448979591836735,-1,-1
CHEMBL2047_EC50,47,21.553090332805073,245,109,0.4448979591836735,-1,-1
CHEMBL2047_EC50,48,21.553090332805073,245,109,0.4448979591836735,-1,-1
CHEMBL2047_EC50,49,21.553090332805073,245,109,0.4448979591836735,-1,-1
CHEMBL2047_EC50,50,21.553090332805073,245,109,0.4448979591836735,-1,-1
CHEMBL2047_EC50,51,21.553090332805073,245,109,0.4448979591836735,-1,-1
CHEMBL204_Ki,42,20.225127087872185,1094,537,0.49085923217550276,0,0
CHEMBL204_Ki,43,20.18881626724764,1094,538,0.49177330895795246,-1,-1
CHEMBL204_Ki,44,20.152505446623092,1094,539,0.4926873857404022,-1,-1
CHEMBL204_Ki,45,20.26143790849673,1094,538,0.4904109589041096,-1,-1
CHEMBL204_Ki,46,20.225127087872185,1094,537,0.49085923217550276,-1,-1
CHEMBL204_Ki,47,20.225127087872185,1094,537,0.49085923217550276,-1,-1
CHEMBL204_Ki,48,20.225127087872185,1094,537,0.49085923217550276,-1,-1
CHEMBL204_Ki,49,20.225127087872185,1094,537,0.49085923217550276,-1,-1
CHEMBL204_Ki,50,20.225127087872185,1094,537,0.49085923217550276,-1,-1
CHEMBL204_Ki,51,20.225127087872185,1094,537,0.49085923217550276,-1,-1
CHEMBL2147_Ki,42,11.057692307692307,572,411,0.7185314685314685,0,0
CHEMBL2147_Ki,43,11.057692307692307,572,411,0.7185314685314685,-1,-1
CHEMBL2147_Ki,44,11.057692307692307,572,411,0.7185314685314685,-1,-1
CHEMBL2147_Ki,45,11.057692307692307,572,411,0.7185314685314685,-1,-1
CHEMBL2147_Ki,46,11.057692307692307,572,411,0.7185314685314685,-1,-1
CHEMBL2147_Ki,47,11.057692307692307,572,411,0.7185314685314685,-1,-1
CHEMBL2147_Ki,48,11.057692307692307,572,411,0.7185314685314685,-1,-1
CHEMBL2147_Ki,49,11.057692307692307,572,411,0.7185314685314685,-1,-1
CHEMBL2147_Ki,50,11.057692307692307,572,411,0.7185314685314685,-1,-1
CHEMBL2147_Ki,51,11.057692307692307,572,411,0.7185314685314685,-1,-1
CHEMBL214_Ki,42,16.882725354235756,1222,670,0.5432300163132137,0,0
CHEMBL214_Ki,43,16.67169128730781,1222,669,0.5474631751227496,-1,-1
CHEMBL214_Ki,44,16.73198673500151,1222,667,0.5458265139116203,-1,-1
CHEMBL214_Ki,45,16.762134458848358,1222,666,0.5450081833060556,-1,-1
CHEMBL214_Ki,46,16.792282182695207,1222,665,0.544189852700491,-1,-1
CHEMBL214_Ki,47,16.762134458848358,1222,666,0.5450081833060556,-1,-1
CHEMBL214_Ki,48,16.762134458848358,1222,666,0.5450081833060556,-1,-1
CHEMBL214_Ki,49,16.792282182695207,1222,665,0.544189852700491,-1,-1
CHEMBL214_Ki,50,16.73198673500151,1222,669,0.5461978740801309,-1,-1
CHEMBL214_Ki,51,16.792282182695207,1222,669,0.5449346405228758,-1,-1
CHEMBL218_EC50,42,17.16779825412221,369,192,0.5203252032520326,0,0
CHEMBL218_EC50,43,17.16779825412221,369,192,0.5203252032520326,-1,-1
CHEMBL218_EC50,44,17.16779825412221,369,192,0.5203252032520326,-1,-1
CHEMBL218_EC50,45,17.16779825412221,369,192,0.5203252032520326,-1,-1
CHEMBL218_EC50,46,17.16779825412221,369,192,0.5203252032520326,-1,-1
CHEMBL218_EC50,47,17.16779825412221,369,192,0.5203252032520326,-1,-1
CHEMBL218_EC50,48,17.16779825412221,369,192,0.5203252032520326,-1,-1
CHEMBL218_EC50,49,17.16779825412221,369,192,0.5203252032520326,-1,-1
CHEMBL218_EC50,50,17.16779825412221,369,192,0.5203252032520326,-1,-1
CHEMBL218_EC50,51,17.16779825412221,369,192,0.5203252032520326,-1,-1
CHEMBL219_Ki,42,13.887399463806972,741,484,0.6509433962264151,0,0
CHEMBL219_Ki,43,13.83378016085791,741,483,0.6518218623481782,-1,-1
CHEMBL219_Ki,44,13.780160857908847,741,484,0.6531713900134952,-1,-1
CHEMBL219_Ki,45,13.887399463806972,741,484,0.6509433962264151,-1,-1
CHEMBL219_Ki,46,13.941018766756033,741,485,0.6500672947510094,-1,-1
CHEMBL219_Ki,47,13.83378016085791,741,483,0.6518218623481782,-1,-1
CHEMBL219_Ki,48,13.83378016085791,741,483,0.6518218623481782,-1,-1
CHEMBL219_Ki,49,13.83378016085791,741,485,0.6522911051212938,-1,-1
CHEMBL219_Ki,50,13.726541554959788,741,485,0.6545209176788124,-1,-1
CHEMBL219_Ki,51,13.780160857908847,741,484,0.6531713900134952,-1,-1
CHEMBL228_Ki,42,16.02112676056338,641,368,0.5741029641185648,0,0
CHEMBL228_Ki,43,16.02112676056338,641,368,0.5741029641185648,-1,-1
CHEMBL228_Ki,44,16.079812206572768,641,367,0.5725429017160687,-1,-1
CHEMBL228_Ki,45,16.079812206572768,641,369,0.573208722741433,-1,-1
CHEMBL228_Ki,46,16.079812206572768,641,367,0.5725429017160687,-1,-1
CHEMBL228_Ki,47,16.079812206572768,641,369,0.573208722741433,-1,-1
CHEMBL228_Ki,48,16.13849765258216,641,368,0.5716510903426791,-1,-1
CHEMBL228_Ki,49,15.96244131455399,641,371,0.5763239875389408,-1,-1
CHEMBL228_Ki,50,15.9037558685446,641,370,0.5772230889235569,-1,-1
CHEMBL228_Ki,51,15.96244131455399,641,369,0.5756630265210608,-1,-1
CHEMBL231_Ki,42,13.771839671120247,237,103,0.4345991561181435,0,0
CHEMBL231_Ki,43,14.182939362795477,237,99,0.4177215189873418,-1,-1
CHEMBL231_Ki,44,14.388489208633093,237,101,0.41422594142259417,-1,-1
CHEMBL231_Ki,45,14.285714285714285,237,102,0.41841004184100417,-1,-1
CHEMBL231_Ki,46,14.182939362795477,237,99,0.4177215189873418,-1,-1
CHEMBL231_Ki,47,14.182939362795477,237,99,0.4177215189873418,-1,-1
CHEMBL231_Ki,48,13.97738951695786,237,105,0.4309623430962343,-1,-1
CHEMBL231_Ki,49,14.080164439876668,237,100,0.4219409282700422,-1,-1
CHEMBL231_Ki,50,14.080164439876668,237,100,0.4219409282700422,-1,-1
CHEMBL231_Ki,51,14.182939362795477,237,99,0.4177215189873418,-1,-1
CHEMBL233_Ki,42,23.71101209420751,1294,549,0.4242658423493045,0,0
CHEMBL233_Ki,43,23.647358370464673,1294,551,0.42581143740340033,-1,-1
CHEMBL233_Ki,44,23.74283895607893,1294,548,0.4234930448222566,-1,-1
CHEMBL233_Ki,45,23.71101209420751,1294,549,0.4242658423493045,-1,-1
CHEMBL233_Ki,46,23.679185232336092,1294,550,0.4250386398763524,-1,-1
CHEMBL233_Ki,47,23.61553150859325,1294,552,0.4265842349304482,-1,-1
CHEMBL233_Ki,48,23.647358370464673,1294,551,0.42581143740340033,-1,-1
CHEMBL233_Ki,49,23.71101209420751,1294,551,0.4247104247104247,-1,-1
CHEMBL233_Ki,50,23.71101209420751,1294,551,0.4247104247104247,-1,-1
CHEMBL233_Ki,51,23.679185232336092,1294,550,0.4250386398763524,-1,-1
CHEMBL234_Ki,42,16.18813234891988,1605,1015,0.6313823163138231,0,0
CHEMBL234_Ki,43,16.18813234891988,1605,1017,0.6316116988176727,-1,-1
CHEMBL234_Ki,44,16.215477167076838,1605,1014,0.6307596513075965,-1,-1
CHEMBL234_Ki,45,16.18813234891988,1605,1013,0.6311526479750779,-1,-1
CHEMBL234_Ki,46,16.2428219852338,1605,1017,0.6305970149253731,-1,-1
CHEMBL234_Ki,47,16.106097894449,1605,1016,0.6330218068535826,-1,-1
CHEMBL234_Ki,48,16.106097894449,1605,1016,0.6330218068535826,-1,-1
CHEMBL234_Ki,49,16.18813234891988,1605,1015,0.6313823163138231,-1,-1
CHEMBL234_Ki,50,16.133442712605962,1605,1017,0.6326276463262764,-1,-1
CHEMBL234_Ki,51,16.133442712605962,1605,1015,0.632398753894081,-1,-1
CHEMBL235_EC50,42,21.626223925074502,885,377,0.42598870056497173,0,0
CHEMBL235_EC50,43,21.668795232013625,885,376,0.4248587570621469,-1,-1
CHEMBL235_EC50,44,21.668795232013625,885,376,0.4248587570621469,-1,-1
CHEMBL235_EC50,45,21.54108131119625,885,379,0.42824858757062145,-1,-1
CHEMBL235_EC50,46,21.668795232013625,885,376,0.4248587570621469,-1,-1
CHEMBL235_EC50,47,21.668795232013625,885,376,0.4248587570621469,-1,-1
CHEMBL235_EC50,48,21.668795232013625,885,376,0.4248587570621469,-1,-1
CHEMBL235_EC50,49,21.58365261813538,885,378,0.4271186440677966,-1,-1
CHEMBL235_EC50,50,21.626223925074502,885,377,0.42598870056497173,-1,-1
CHEMBL235_EC50,51,21.58365261813538,885,378,0.4271186440677966,-1,-1
CHEMBL236_Ki,42,23.017705927636644,1017,419,0.4119960668633235,0,0
CHEMBL236_Ki,43,23.017705927636644,1017,419,0.4119960668633235,-1,-1
CHEMBL236_Ki,44,23.094688221709006,1017,417,0.41002949852507375,-1,-1
CHEMBL236_Ki,45,23.094688221709006,1017,417,0.41002949852507375,-1,-1
CHEMBL236_Ki,46,23.13317936874519,1017,418,0.40962671905697445,-1,-1
CHEMBL236_Ki,47,23.056197074672824,1017,418,0.4110127826941986,-1,-1
CHEMBL236_Ki,48,23.056197074672824,1017,418,0.4110127826941986,-1,-1
CHEMBL236_Ki,49,23.094688221709006,1017,417,0.41002949852507375,-1,-1
CHEMBL236_Ki,50,23.094688221709006,1017,417,0.41002949852507375,-1,-1
CHEMBL236_Ki,51,22.9022324865281,1017,422,0.41494591937069814,-1,-1
CHEMBL237_EC50,42,28.90052356020942,456,180,0.39473684210526316,0,0
CHEMBL237_EC50,43,28.90052356020942,456,180,0.39473684210526316,-1,-1
CHEMBL237_EC50,44,28.90052356020942,456,180,0.39473684210526316,-1,-1
CHEMBL237_EC50,45,28.90052356020942,456,180,0.39473684210526316,-1,-1
CHEMBL237_EC50,46,28.90052356020942,456,180,0.39473684210526316,-1,-1
CHEMBL237_EC50,47,28.90052356020942,456,180,0.39473684210526316,-1,-1
CHEMBL237_EC50,48,28.90052356020942,456,180,0.39473684210526316,-1,-1
CHEMBL237_EC50,49,28.90052356020942,456,180,0.39473684210526316,-1,-1
CHEMBL237_EC50,50,28.90052356020942,456,180,0.39473684210526316,-1,-1
CHEMBL237_EC50,51,28.90052356020942,456,180,0.39473684210526316,-1,-1
CHEMBL237_Ki,42,25.470610833653478,1110,447,0.4027027027027027,0,0
CHEMBL237_Ki,43,25.3937764118325,1110,449,0.4045045045045045,-1,-1
CHEMBL237_Ki,44,25.43219362274299,1110,448,0.4036036036036036,-1,-1
CHEMBL237_Ki,45,25.470610833653478,1110,447,0.4027027027027027,-1,-1
CHEMBL237_Ki,46,25.470610833653478,1110,447,0.4027027027027027,-1,-1
CHEMBL237_Ki,47,25.43219362274299,1110,448,0.4036036036036036,-1,-1
CHEMBL237_Ki,48,25.43219362274299,1110,448,0.4036036036036036,-1,-1
CHEMBL237_Ki,49,25.470610833653478,1110,447,0.4027027027027027,-1,-1
CHEMBL237_Ki,50,25.470610833653478,1110,447,0.4027027027027027,-1,-1
CHEMBL237_Ki,51,25.470610833653478,1110,449,0.40324032403240323,-1,-1
CHEMBL238_Ki,42,12.452471482889733,266,135,0.5075187969924813,0,0
CHEMBL238_Ki,43,12.357414448669202,266,138,0.5131086142322098,-1,-1
CHEMBL238_Ki,44,12.547528517110266,266,136,0.5056179775280899,-1,-1
CHEMBL238_Ki,45,12.547528517110266,266,136,0.5056179775280899,-1,-1
CHEMBL238_Ki,46,12.452471482889733,266,135,0.5075187969924813,-1,-1
CHEMBL238_Ki,47,12.452471482889733,266,135,0.5075187969924813,-1,-1
CHEMBL238_Ki,48,12.452471482889733,266,135,0.5075187969924813,-1,-1
CHEMBL238_Ki,49,12.452471482889733,266,135,0.5075187969924813,-1,-1
CHEMBL238_Ki,50,12.547528517110266,266,136,0.5056179775280899,-1,-1
CHEMBL238_Ki,51,12.452471482889733,266,137,0.5093632958801498,-1,-1
CHEMBL239_EC50,42,23.939570017431723,699,287,0.4105865522174535,0,0
CHEMBL239_EC50,43,23.82335851249274,699,289,0.413447782546495,-1,-1
CHEMBL239_EC50,44,23.939570017431723,699,287,0.4105865522174535,-1,-1
CHEMBL239_EC50,45,23.82335851249274,699,289,0.413447782546495,-1,-1
CHEMBL239_EC50,46,24.055781522370715,699,289,0.4094151212553495,-1,-1
CHEMBL239_EC50,47,23.939570017431723,699,287,0.4105865522174535,-1,-1
CHEMBL239_EC50,48,23.939570017431723,699,291,0.4122681883024251,-1,-1
CHEMBL239_EC50,49,23.939570017431723,699,287,0.4105865522174535,-1,-1
CHEMBL239_EC50,50,23.939570017431723,699,287,0.4105865522174535,-1,-1
CHEMBL239_EC50,51,23.939570017431723,699,287,0.4105865522174535,-1,-1
CHEMBL244_Ki,42,26.703261220536,1478,651,0.4404600811907984,0,0
CHEMBL244_Ki,43,26.73555053277365,1478,650,0.4397834912043302,-1,-1
CHEMBL244_Ki,44,26.703261220536,1478,651,0.4404600811907984,-1,-1
CHEMBL244_Ki,45,26.73555053277365,1478,650,0.4397834912043302,-1,-1
CHEMBL244_Ki,46,26.73555053277365,1478,650,0.4397834912043302,-1,-1
CHEMBL244_Ki,47,26.638682596060704,1478,653,0.44181326116373476,-1,-1
CHEMBL244_Ki,48,26.73555053277365,1478,650,0.4397834912043302,-1,-1
CHEMBL244_Ki,49,26.73555053277365,1478,650,0.4397834912043302,-1,-1
CHEMBL244_Ki,50,26.73555053277365,1478,650,0.4397834912043302,-1,-1
CHEMBL244_Ki,51,26.670971908298352,1478,652,0.44113667117726657,-1,-1
CHEMBL262_Ki,42,10.74766355140187,160,68,0.425,0,0
CHEMBL262_Ki,43,10.74766355140187,160,68,0.425,-1,-1
CHEMBL262_Ki,44,10.74766355140187,160,68,0.425,-1,-1
CHEMBL262_Ki,45,10.74766355140187,160,68,0.425,-1,-1
CHEMBL262_Ki,46,10.74766355140187,160,68,0.425,-1,-1
CHEMBL262_Ki,47,10.74766355140187,160,68,0.425,-1,-1
CHEMBL262_Ki,48,10.74766355140187,160,68,0.425,-1,-1
CHEMBL262_Ki,49,10.74766355140187,160,68,0.425,-1,-1
CHEMBL262_Ki,50,10.74766355140187,160,68,0.425,-1,-1
CHEMBL262_Ki,51,10.981308411214954,160,70,0.41975308641975306,-1,-1
CHEMBL264_Ki,42,11.46051712089448,1191,869,0.7252931323283082,0,0
CHEMBL264_Ki,43,11.425576519916142,1191,864,0.72544080604534,-1,-1
CHEMBL264_Ki,44,11.46051712089448,1191,863,0.7246011754827876,-1,-1
CHEMBL264_Ki,45,11.425576519916142,1191,864,0.72544080604534,-1,-1
CHEMBL264_Ki,46,11.35569531795947,1191,870,0.7275775356244761,-1,-1
CHEMBL264_Ki,47,11.425576519916142,1191,866,0.7256711409395973,-1,-1
CHEMBL264_Ki,48,11.495457721872816,1191,864,0.7239932885906041,-1,-1
CHEMBL264_Ki,49,11.425576519916142,1191,864,0.72544080604534,-1,-1
CHEMBL264_Ki,50,11.425576519916142,1191,864,0.72544080604534,-1,-1
CHEMBL264_Ki,51,11.495457721872816,1191,868,0.7244556113902848,-1,-1
CHEMBL2835_Ki,42,4.715447154471545,60,31,0.5166666666666667,0,0
CHEMBL2835_Ki,43,4.715447154471545,60,31,0.5166666666666667,-1,-1
CHEMBL2835_Ki,44,4.715447154471545,60,31,0.5166666666666667,-1,-1
CHEMBL2835_Ki,45,4.715447154471545,60,31,0.5166666666666667,-1,-1
CHEMBL2835_Ki,46,4.715447154471545,60,31,0.5166666666666667,-1,-1
CHEMBL2835_Ki,47,4.715447154471545,60,31,0.5166666666666667,-1,-1
CHEMBL2835_Ki,48,4.715447154471545,60,31,0.5166666666666667,-1,-1
CHEMBL2835_Ki,49,4.715447154471545,60,31,0.5166666666666667,-1,-1
CHEMBL2835_Ki,50,4.715447154471545,60,31,0.5166666666666667,-1,-1
CHEMBL2835_Ki,51,4.715447154471545,60,31,0.5166666666666667,-1,-1
CHEMBL287_Ki,42,14.533132530120483,507,314,0.6193293885601578,0,0
CHEMBL287_Ki,43,14.457831325301203,507,315,0.621301775147929,-1,-1
CHEMBL287_Ki,44,14.533132530120483,507,314,0.6193293885601578,-1,-1
CHEMBL287_Ki,45,14.533132530120483,507,314,0.6193293885601578,-1,-1
CHEMBL287_Ki,46,14.457831325301203,507,319,0.6227897838899804,-1,-1
CHEMBL287_Ki,47,14.60843373493976,507,315,0.6181102362204725,-1,-1
CHEMBL287_Ki,48,14.60843373493976,507,313,0.6173570019723866,-1,-1
CHEMBL287_Ki,49,14.60843373493976,507,313,0.6173570019723866,-1,-1
CHEMBL287_Ki,50,14.759036144578314,507,317,0.615686274509804,-1,-1
CHEMBL287_Ki,51,14.60843373493976,507,315,0.6181102362204725,-1,-1
CHEMBL2971_Ki,42,6.967213114754098,162,94,0.5802469135802469,0,0
CHEMBL2971_Ki,43,6.864754098360656,162,95,0.5864197530864198,-1,-1
CHEMBL2971_Ki,44,6.967213114754098,162,94,0.5802469135802469,-1,-1
CHEMBL2971_Ki,45,6.967213114754098,162,94,0.5802469135802469,-1,-1
CHEMBL2971_Ki,46,6.967213114754098,162,94,0.5802469135802469,-1,-1
CHEMBL2971_Ki,47,6.967213114754098,162,94,0.5802469135802469,-1,-1
CHEMBL2971_Ki,48,6.967213114754098,162,94,0.5802469135802469,-1,-1
CHEMBL2971_Ki,49,6.967213114754098,162,94,0.5802469135802469,-1,-1
CHEMBL2971_Ki,50,7.172131147540983,162,96,0.573170731707317,-1,-1
CHEMBL2971_Ki,51,6.967213114754098,162,94,0.5802469135802469,-1,-1
CHEMBL3979_EC50,42,21.688888888888886,468,224,0.47863247863247865,0,0
CHEMBL3979_EC50,43,21.688888888888886,468,224,0.47863247863247865,-1,-1
CHEMBL3979_EC50,44,21.688888888888886,468,224,0.47863247863247865,-1,-1
CHEMBL3979_EC50,45,21.866666666666667,468,226,0.4765957446808511,-1,-1
CHEMBL3979_EC50,46,21.511111111111113,468,226,0.4829059829059829,-1,-1
CHEMBL3979_EC50,47,21.688888888888886,468,224,0.47863247863247865,-1,-1
CHEMBL3979_EC50,48,21.688888888888886,468,224,0.47863247863247865,-1,-1
CHEMBL3979_EC50,49,21.688888888888886,468,224,0.47863247863247865,-1,-1
CHEMBL3979_EC50,50,21.688888888888886,468,224,0.47863247863247865,-1,-1
CHEMBL3979_EC50,51,21.6,468,225,0.4807692307692308,-1,-1
CHEMBL4005_Ki,42,20.729166666666668,401,202,0.5037406483790524,0,0
CHEMBL4005_Ki,43,20.729166666666668,401,202,0.5037406483790524,-1,-1
CHEMBL4005_Ki,44,20.729166666666668,401,202,0.5037406483790524,-1,-1
CHEMBL4005_Ki,45,20.729166666666668,401,202,0.5037406483790524,-1,-1
CHEMBL4005_Ki,46,20.729166666666668,401,202,0.5037406483790524,-1,-1
CHEMBL4005_Ki,47,20.729166666666668,401,202,0.5037406483790524,-1,-1
CHEMBL4005_Ki,48,20.729166666666668,401,202,0.5037406483790524,-1,-1
CHEMBL4005_Ki,49,20.729166666666668,401,202,0.5037406483790524,-1,-1
CHEMBL4005_Ki,50,20.729166666666668,401,202,0.5037406483790524,-1,-1
CHEMBL4005_Ki,51,20.625,401,203,0.5062344139650873,-1,-1
CHEMBL4203_Ki,42,3.556771545827633,64,38,0.59375,0,0
CHEMBL4203_Ki,43,3.556771545827633,64,38,0.59375,-1,-1
CHEMBL4203_Ki,44,3.556771545827633,64,38,0.59375,-1,-1
CHEMBL4203_Ki,45,3.556771545827633,64,38,0.59375,-1,-1
CHEMBL4203_Ki,46,3.556771545827633,64,38,0.59375,-1,-1
CHEMBL4203_Ki,47,3.556771545827633,64,38,0.59375,-1,-1
CHEMBL4203_Ki,48,3.556771545827633,64,38,0.59375,-1,-1
CHEMBL4203_Ki,49,3.556771545827633,64,38,0.59375,-1,-1
CHEMBL4203_Ki,50,3.556771545827633,64,38,0.59375,-1,-1
CHEMBL4203_Ki,51,3.556771545827633,64,38,0.59375,-1,-1
CHEMBL4616_EC50,42,24.193548387096776,355,190,0.5352112676056338,0,0
CHEMBL4616_EC50,43,24.193548387096776,355,190,0.5352112676056338,-1,-1
CHEMBL4616_EC50,44,24.193548387096776,355,190,0.5352112676056338,-1,-1
CHEMBL4616_EC50,45,24.633431085043988,355,193,0.5307262569832403,-1,-1
CHEMBL4616_EC50,46,24.193548387096776,355,190,0.5352112676056338,-1,-1
CHEMBL4616_EC50,47,24.193548387096776,355,190,0.5352112676056338,-1,-1
CHEMBL4616_EC50,48,24.193548387096776,355,192,0.5365168539325843,-1,-1
CHEMBL4616_EC50,49,24.193548387096776,355,190,0.5352112676056338,-1,-1
CHEMBL4616_EC50,50,24.193548387096776,355,190,0.5352112676056338,-1,-1
CHEMBL4616_EC50,51,24.193548387096776,355,190,0.5352112676056338,-1,-1
CHEMBL4792_Ki,42,23.249490142760028,794,452,0.5692695214105793,0,0
CHEMBL4792_Ki,43,23.249490142760028,794,452,0.5692695214105793,-1,-1
CHEMBL4792_Ki,44,23.249490142760028,794,452,0.5692695214105793,-1,-1
CHEMBL4792_Ki,45,23.249490142760028,794,452,0.5692695214105793,-1,-1
CHEMBL4792_Ki,46,23.249490142760028,794,452,0.5692695214105793,-1,-1
CHEMBL4792_Ki,47,23.249490142760028,794,452,0.5692695214105793,-1,-1
CHEMBL4792_Ki,48,23.317471108089734,794,453,0.5685534591194968,-1,-1
CHEMBL4792_Ki,49,23.249490142760028,794,452,0.5692695214105793,-1,-1
CHEMBL4792_Ki,50,23.18150917743032,794,453,0.570528967254408,-1,-1
CHEMBL4792_Ki,51,23.249490142760028,794,454,0.569811320754717,-1,-1
