dataset,n_ecfp_admitted,med_ecfp_admitted,n_scaf_admitted,med_scaf_admitted,n_str_admitted,med_str_admitted,n_ecfp_only,med_ecfp_only,n_scaf_only,med_scaf_only,n_str_only,med_str_only,n_all_cliffpairs,med_all_cliffpairs
CHEMBL1862_Ki,4,0.9291836619377136,280,0.6315789222717285,533,0.6666666865348816,0,,198,0.6030939817428589,449,0.6545454263687134,731,0.6491228342056274
CHEMBL1871_Ki,11,0.9137930870056152,44,0.8459687232971191,121,0.7142857313156128,0,,13,0.5535714030265808,89,0.6896551847457886,134,0.7111330628395081
CHEMBL2034_Ki,0,,106,0.7338541746139526,280,0.7023087739944458,0,,43,0.6617646813392639,217,0.6865671873092651,323,0.6964285969734192
CHEMBL2047_EC50,3,0.918367326259613,107,0.6666666865348816,290,0.6519702672958374,0,,63,0.6666666865348816,249,0.6511628031730652,356,0.6606971621513367
CHEMBL204_Ki,47,0.918367326259613,534,0.7261089086532593,1139,0.734375,8,0.9016393423080444,240,0.6488344669342041,842,0.7248188257217407,1389,0.7260273694992065
CHEMBL2147_Ki,3,0.936170220375061,1024,0.44708847999572754,594,0.6712328791618347,0,,908,0.41004621982574463,478,0.6617646813392639,1502,0.54347825050354
CHEMBL214_Ki,93,0.9629629850387573,651,0.675000011920929,1185,0.7083333134651184,1,0.9047619104385376,301,0.5961538553237915,839,0.6969696879386902,1498,0.6909090876579285
CHEMBL218_EC50,14,0.9748689532279968,163,0.6984127163887024,348,0.6950483322143555,0,,68,0.5772078037261963,252,0.6721311211585999,416,0.6821789741516113
CHEMBL219_Ki,52,0.942307710647583,703,0.46268656849861145,588,0.6857143044471741,1,0.9019607901573181,444,0.36666667461395264,340,0.6666666865348816,1047,0.5833333134651184
CHEMBL228_Ki,29,0.9433962106704712,361,0.644444465637207,546,0.7065997123718262,2,0.9047619104385376,184,0.5538461804389954,368,0.7007462978363037,735,0.6734693646430969
CHEMBL231_Ki,3,0.920634925365448,82,0.6328449249267578,154,0.7024396657943726,0,,57,0.5,129,0.698113203048706,211,0.6753246784210205
CHEMBL233_Ki,64,0.9449495077133179,611,0.761904776096344,1910,0.707317054271698,2,0.9026083946228027,226,0.7099859714508057,1538,0.692307710647583,2151,0.7088607549667358
CHEMBL234_Ki,64,0.9473684430122375,1513,0.4933333396911621,1514,0.6486355066299438,0,,1057,0.4482758641242981,1069,0.641791045665741,2586,0.5636363625526428
CHEMBL235_EC50,22,0.9177643060684204,367,0.7058823704719543,943,0.7164179086685181,3,0.9047619104385376,185,0.662162184715271,762,0.7051281929016113,1136,0.7058823704719543
CHEMBL236_Ki,74,0.9305172562599182,415,0.7837837934494019,1389,0.7105262875556946,1,0.9047619104385376,126,0.7558139562606812,1117,0.6888889074325562,1537,0.7142857313156128
CHEMBL237_EC50,16,0.9454364776611328,164,0.7733333110809326,944,0.7170825004577637,2,0.9030851721763611,51,0.7471264600753784,836,0.7088607549667358,1002,0.7195122241973877
CHEMBL237_Ki,55,0.9300000071525574,398,0.7515432238578796,1729,0.7162162065505981,4,0.9102678298950195,120,0.6825926303863525,1461,0.7068965435028076,1866,0.7162162065505981
CHEMBL238_Ki,2,0.9376617670059204,107,0.6481481194496155,183,0.6666666865348816,0,,48,0.612777054309845,124,0.6601886749267578,231,0.6545454263687134
CHEMBL239_EC50,28,0.917304515838623,209,0.71875,719,0.7058823704719543,7,0.9152542352676392,100,0.6666666865348816,609,0.698630154132843,831,0.7042253613471985
CHEMBL244_Ki,37,0.9200000166893005,884,0.7037037014961243,2019,0.7058823704719543,2,0.9008196592330933,468,0.6458617448806763,1606,0.6966991424560547,2498,0.698630154132843
CHEMBL262_Ki,1,0.9818181991577148,45,0.6551724076271057,99,0.7014925479888916,0,,25,0.581818163394928,79,0.7076923251152039,124,0.6789083480834961
CHEMBL264_Ki,68,0.9291980266571045,1183,0.5454545617103577,946,0.6666666865348816,1,0.9215686321258545,787,0.42592594027519226,558,0.6227961778640747,1744,0.5833333134651184
CHEMBL2835_Ki,2,0.9160172939300537,20,0.6802529096603394,29,0.682539701461792,0,,12,0.6723164319992065,20,0.6776927709579468,41,0.6779661178588867
CHEMBL287_Ki,36,0.9410580396652222,318,0.6225000023841858,418,0.6666666865348816,1,0.8999999761581421,162,0.5178571343421936,270,0.6579036712646484,592,0.6458333134651184
CHEMBL2971_Ki,3,0.9047619104385376,67,0.7049180269241333,151,0.6730769276618958,0,,22,0.6667271852493286,105,0.6538461446762085,173,0.6730769276618958
CHEMBL3979_EC50,17,0.9444444179534912,267,0.6666666865348816,545,0.695652186870575,5,0.9107142686843872,137,0.5967742204666138,419,0.6901408433914185,692,0.6857143044471741
CHEMBL4005_Ki,1,0.9333333373069763,204,0.6470588445663452,338,0.6620669960975647,0,,101,0.60317462682724,235,0.6499999761581421,439,0.649350643157959
CHEMBL4203_Ki,0,,22,0.35604649782180786,29,0.6909090876579285,0,,11,0.2068965584039688,18,0.6792452931404114,40,0.6115257143974304
CHEMBL4616_EC50,14,0.9209375381469727,243,0.694915235042572,948,0.6060606241226196,0,,78,0.6530575752258301,784,0.5909090638160706,1028,0.608401894569397
CHEMBL4792_Ki,3,0.9056603908538818,775,0.5866666436195374,1013,0.6323529481887817,0,,502,0.553146481513977,741,0.625,1516,0.6029411554336548
