dataset,n,n_cliff_D0,pct_reach_ecfp,pct_reach_scaf,pct_reach_str,pct_lost_without_string,pct_relabelled_D0_to_D2,D0_cliffrate_Q1,D2_cliffrate_Q1,D0_cliffrate_Q2,D2_cliffrate_Q2,D0_cliffrate_Q3,D2_cliffrate_Q3,D0_cliffrate_Q4,D2_cliffrate_Q4
CHEMBL1862_Ki,794,330,1.2121212121212122,56.36363636363637,87.87878787878788,43.63636363636363,18.1360201511335,34.054054054054056,25.945945945945947,65.69767441860465,44.18604651162791,39.523809523809526,17.142857142857142,31.277533039647576,11.45374449339207
CHEMBL1871_Ki,659,162,8.024691358024691,37.03703703703704,92.5925925925926,62.34567901234568,15.326251896813353,24.840764331210192,5.7324840764331215,24.074074074074073,6.172839506172839,19.631901840490798,6.134969325153374,29.37853107344633,18.07909604519774
CHEMBL2034_Ki,750,251,0.0,49.40239043824701,89.24302788844622,50.59760956175299,16.933333333333334,38.125,25.624999999999996,46.666666666666664,27.692307692307693,28.019323671497588,6.280193236714976,21.808510638297875,8.51063829787234
CHEMBL2047_EC50,631,245,2.4489795918367347,44.48979591836735,85.71428571428571,55.51020408163265,21.553090332805073,51.31578947368421,36.18421052631579,36.60130718954248,16.99346405228758,31.343283582089555,7.462686567164178,35.9375,9.375
CHEMBL204_Ki,2754,1094,6.764168190127971,47.074954296160875,89.12248628884826,50.914076782449726,20.225127087872185,31.56297420333839,20.333839150227618,39.633027522935784,20.55045871559633,45.195729537366546,18.386714116251483,40.87694483734088,19.236209335219236
CHEMBL2147_Ki,1456,572,1.048951048951049,71.85314685314685,75.0,28.146853146853147,11.057692307692307,21.06741573033708,18.53932584269663,31.521739130434785,24.27536231884058,58.333333333333336,45.05208333333333,42.27272727272727,23.863636363636363
CHEMBL214_Ki,3317,1222,12.111292962356792,53.84615384615385,86.33387888707037,45.5810147299509,16.792282182695207,25.423728813559322,15.819209039548024,41.15384615384615,23.333333333333332,43.050847457627114,22.146892655367232,36.016949152542374,18.53813559322034
CHEMBL218_EC50,1031,369,6.233062330623306,51.49051490514905,87.8048780487805,47.96747967479675,17.16779825412221,26.923076923076923,12.637362637362637,32.302405498281786,17.525773195876287,32.25806451612903,18.63799283154122,48.74551971326165,23.655913978494624
CHEMBL219_Ki,1865,741,9.31174089068826,64.50742240215925,78.40755735492577,34.81781376518219,13.83378016085791,54.52054794520548,44.38356164383562,44.42307692307692,26.73076923076923,34.285714285714285,20.952380952380953,29.82142857142857,16.785714285714285
CHEMBL228_Ki,1704,641,6.70826833073323,56.1622464898596,84.2433697347894,42.74570982839314,16.079812206572768,35.90425531914894,25.53191489361702,34.19811320754717,20.5188679245283,37.437185929648244,19.34673366834171,41.89723320158103,21.14624505928854
CHEMBL231_Ki,973,237,2.109704641350211,41.77215189873418,79.74683544303798,58.22784810126582,14.182939362795477,24.31192660550459,13.761467889908257,26.171875,10.9375,25.630252100840334,11.76470588235294,21.455938697318008,4.980842911877394
CHEMBL233_Ki,3142,1294,7.418856259659969,42.117465224111285,92.04018547140649,57.650695517774345,23.74283895607893,41.17647058823529,19.457013574660635,35.03030303030303,14.424242424242426,45.241379310344826,14.06896551724138,43.48762109795479,21.31324004305705
CHEMBL234_Ki,3657,1605,6.542056074766355,62.741433021806856,78.3177570093458,36.88473520249221,16.18813234891988,34.371395617070355,21.453287197231834,46.62162162162162,28.37837837837838,51.63636363636363,34.18181818181818,41.473684210526315,25.36842105263158
CHEMBL235_EC50,2349,885,4.745762711864407,41.24293785310734,90.73446327683615,57.51412429378531,21.668795232013625,31.62705667276051,16.453382084095065,41.361256544502616,16.404886561954623,32.52032520325203,12.195121951219512,44.78827361563518,19.055374592833875
CHEMBL236_Ki,2598,1017,9.04621435594887,40.511307767944935,93.11701081612586,58.99705014749262,23.094688221709006,39.44530046224962,15.870570107858242,28.54209445585216,8.008213552361395,41.43646408839779,13.259668508287293,43.63143631436314,24.254742547425472
CHEMBL237_EC50,955,456,6.798245614035087,38.81578947368421,93.20175438596492,60.526315789473685,28.90052356020942,36.12334801762114,11.013215859030836,46.86192468619247,18.828451882845187,57.14285714285714,27.27272727272727,50.3875968992248,18.217054263565892
CHEMBL237_Ki,2603,1110,8.558558558558559,39.63963963963964,95.04504504504504,59.729729729729726,25.470610833653478,35.602094240837694,16.75392670157068,32.618683001531394,10.566615620214396,50.0,20.26578073089701,50.58064516129033,20.64516129032258
CHEMBL238_Ki,1052,266,1.5037593984962405,50.75187969924812,82.33082706766918,49.24812030075188,12.452471482889733,19.911504424778762,12.389380530973451,26.359832635983267,13.389121338912133,24.579124579124578,11.784511784511785,29.310344827586203,13.793103448275861
CHEMBL239_EC50,1721,699,7.439198855507868,38.91273247496424,88.12589413447783,58.94134477825465,23.939570017431723,25.141242937853107,12.711864406779661,49.76190476190476,14.523809523809526,39.50892857142857,16.071428571428573,44.88977955911824,21.8436873747495
CHEMBL244_Ki,3097,1478,4.465493910690122,43.437077131258455,89.851150202977,56.021650879566984,26.73555053277365,55.223880597014926,28.493894165535956,54.285714285714285,23.506493506493506,48.79773691654879,19.236209335219236,34.88108720271801,13.929784824462061
CHEMBL262_Ki,856,160,1.25,42.5,82.5,57.5,10.74766355140187,9.75609756097561,7.317073170731707,22.65193370165746,11.049723756906078,21.5962441314554,4.694835680751173,20.622568093385212,8.949416342412452
CHEMBL264_Ki,2862,1191,9.319899244332493,72.12426532325776,71.53652392947103,27.539882451721244,11.46051712089448,51.68350168350169,41.41414141414141,45.38461538461539,35.76923076923077,40.60721062618596,27.32447817836812,32.882414151925076,20.187304890738815
CHEMBL2835_Ki,615,60,6.666666666666667,48.333333333333336,76.66666666666667,48.333333333333336,4.715447154471545,31.125827814569533,14.56953642384106,8.51063829787234,6.382978723404255,0.7352941176470588,0.0,0.0,0.0
CHEMBL287_Ki,1328,507,10.059171597633137,60.74950690335306,79.48717948717949,38.26429980276134,14.60843373493976,37.0242214532872,23.52941176470588,52.916666666666664,39.58333333333333,42.6605504587156,23.623853211009173,23.96694214876033,12.947658402203857
CHEMBL2971_Ki,976,162,3.0864197530864197,56.79012345679013,85.80246913580247,41.97530864197531,6.967213114754098,27.586206896551722,17.733990147783253,25.274725274725274,15.75091575091575,4.958677685950414,2.066115702479339,9.689922480620156,3.875968992248062
CHEMBL3979_EC50,1125,468,4.914529914529915,47.22222222222222,88.03418803418803,52.136752136752136,21.688888888888886,37.55656108597285,20.81447963800905,40.856031128404666,18.28793774319066,40.3448275862069,14.13793103448276,45.65826330532213,25.210084033613445
CHEMBL4005_Ki,960,401,0.49875311720698257,50.37406483790524,85.28678304239402,49.62593516209476,20.729166666666668,51.041666666666664,29.166666666666668,49.152542372881356,26.69491525423729,39.416058394160586,14.5985401459854,30.620155038759687,16.666666666666664
CHEMBL4203_Ki,731,64,0.0,59.375,70.3125,40.625,3.556771545827633,12.941176470588237,12.941176470588237,9.844559585492227,4.145077720207254,8.49673202614379,1.3071895424836601,4.651162790697675,2.7906976744186047
CHEMBL4616_EC50,682,355,7.042253521126761,52.95774647887324,92.95774647887323,46.478873239436616,24.193548387096776,44.14414414414414,25.225225225225223,69.71153846153845,44.230769230769226,51.445086705202314,13.872832369942195,37.89473684210527,24.210526315789473
CHEMBL4792_Ki,1471,794,0.7556675062972292,56.92695214105793,86.272040302267,43.07304785894207,23.249490142760028,53.40909090909091,30.96590909090909,62.916666666666664,35.0,59.38775510204082,33.46938775510204,42.159383033419026,24.42159383033419
