dataset,n,mean_len_shipped,mean_len_kekule,median_len_shipped,median_len_kekule,mean_len_delta,mean_len_delta_pct,frac_longer,atom_order_changed,atom_order_changed_pct,mean_aromatic_rings,kek_flip_pct,kek_gain,kek_loss,n_cliff_base,kek_n_cliff,kek_cliff_gain_pct
CHEMBL1862_Ki,794,45.550377833753146,53.73299748110831,44.0,52.0,8.182619647355164,18.22406631525977,0.9911838790931989,703,88.53904282115869,3.318639798488665,7.556675062972292,53,7,330,376,13.93939393939394
CHEMBL1871_Ki,659,71.33232169954476,76.1350531107739,51.0,57.0,4.802731411229135,8.749823401854023,0.9650986342943855,483,73.2928679817906,2.1714719271623673,5.918057663125948,31,8,162,185,14.197530864197532
CHEMBL2034_Ki,750,63.297333333333334,69.80266666666667,60.0,68.0,6.505333333333334,10.82906027068857,0.9493333333333334,637,84.93333333333334,2.7813333333333334,5.066666666666666,14,24,251,241,-3.9840637450199203
CHEMBL2047_EC50,631,67.54199683042789,74.58003169572108,64.0,72.0,7.038034865293185,12.202951046325573,0.8811410459587956,488,77.33755942947703,2.705229793977813,5.388272583201268,24,10,245,259,5.714285714285714
CHEMBL204_Ki,2754,65.18445896877269,72.73783587509078,62.0,70.0,7.553376906318083,12.360889752126578,0.9825708061002179,2101,76.28903413217138,2.729847494553377,6.717501815541032,120,65,1094,1149,5.027422303473492
CHEMBL2147_Ki,1456,49.128434065934066,55.362637362637365,49.0,55.0,6.2342032967032965,12.933031937628567,0.9883241758241759,1246,85.57692307692308,3.418269230769231,3.5027472527472527,34,17,572,589,2.972027972027972
CHEMBL214_Ki,3317,48.32047030449201,54.54386493819717,48.0,55.0,6.223394633705155,13.210471291028917,0.998191136569189,2366,71.32951462164607,2.72143503165511,5.758215254748267,119,72,1222,1269,3.8461538461538463
CHEMBL218_EC50,1031,57.868089233753636,64.99127061105723,55.0,61.0,7.123181377303589,12.288125405151272,0.9951503394762367,799,77.49757516973811,2.903976721629486,4.461687681862269,30,16,369,383,3.794037940379404
CHEMBL219_Ki,1865,44.61394101876676,51.317962466487934,43.0,50.0,6.704021447721179,15.223030117519196,0.9946380697050938,1436,76.99731903485255,2.584450402144772,4.718498659517426,54,34,741,761,2.699055330634278
CHEMBL228_Ki,1704,45.18779342723005,51.171361502347416,44.0,50.0,5.983568075117371,14.058029581259069,0.9947183098591549,1339,78.57981220657277,2.266431924882629,6.103286384976526,79,25,641,695,8.424336973478939
CHEMBL231_Ki,973,48.339157245632066,54.71325796505653,47.0,53.0,6.374100719424461,13.763987375440758,0.9969167523124358,775,79.65056526207606,2.421377183967112,3.28879753340185,24,8,237,253,6.751054852320675
CHEMBL233_Ki,3142,69.78771483131763,75.74315722469764,62.0,68.0,5.955442393380013,9.65554339629105,0.9707192870782941,2002,63.717377466581794,2.3325907065563336,4.583068109484405,107,37,1294,1364,5.409582689335394
CHEMBL234_Ki,3657,49.93218485097074,56.36833470057424,50.0,57.0,6.4361498496035,13.275508652145602,0.9948044845501778,2504,68.47142466502598,2.5638501503964997,6.890894175553733,147,105,1605,1647,2.616822429906542
CHEMBL235_EC50,2349,56.30736483610047,65.5478927203065,55.0,64.0,9.240527884206045,16.56908414535634,0.9914857386121754,2222,94.59344401873138,3.2639421030225626,6.598552575564069,86,69,885,902,1.92090395480226
CHEMBL236_Ki,2598,76.536181678214,82.79522709776751,65.0,70.0,6.259045419553503,9.536364282354839,0.9665127020785219,1815,69.86143187066975,2.430715935334873,4.734411085450346,91,32,1017,1076,5.801376597836775
CHEMBL237_EC50,955,76.17068062827225,81.38219895287958,73.0,79.0,5.21151832460733,7.774331198979347,0.9476439790575916,813,85.13089005235602,2.050261780104712,5.968586387434556,27,30,456,453,-0.6578947368421053
CHEMBL237_Ki,2603,71.32577794852094,77.03457548981945,64.0,69.0,5.708797541298502,9.290419323017417,0.9623511333077218,1747,67.11486746062236,2.2212831348444104,4.840568574721475,86,40,1110,1156,4.1441441441441444
CHEMBL238_Ki,1052,43.61216730038023,49.14163498098859,40.0,45.0,5.529467680608365,13.613965128586065,0.9933460076045627,774,73.57414448669202,1.9695817490494296,3.897338403041825,27,14,266,279,4.887218045112782
CHEMBL239_EC50,1721,54.264962231260895,63.203951191167924,54.0,63.0,8.93898895990703,16.563378556182613,0.9936083672283557,1675,97.32713538640326,3.0400929692039513,5.926786751888437,71,31,699,739,5.7224606580829755
CHEMBL244_Ki,3097,64.85469809493058,73.48595414917662,63.0,71.0,8.631256054246045,13.974207894077667,0.9935421375524701,2783,89.8611559573781,3.304165321278657,6.813044882144011,118,93,1478,1503,1.6914749661705006
CHEMBL262_Ki,856,43.776869158878505,50.674065420560744,43.0,50.0,6.897196261682243,15.808710343864385,0.9871495327102804,726,84.81308411214954,3.3586448598130842,3.9719626168224296,19,15,160,164,2.5
CHEMBL264_Ki,2862,44.32005590496156,49.26764500349406,44.0,49.0,4.947589098532495,11.135163530621417,0.9517819706498952,2331,81.44654088050315,2.0118798043326347,4.577218728162125,83,48,1191,1226,2.938706968933669
CHEMBL2835_Ki,615,64.5089430894309,73.46504065040651,69.0,79.0,8.95609756097561,13.883320088655607,0.9983739837398374,598,97.23577235772358,3.868292682926829,2.4390243902439024,14,1,60,73,21.666666666666668
CHEMBL287_Ki,1328,39.81325301204819,45.3019578313253,38.0,44.0,5.488704819277109,14.183784871038249,0.9766566265060241,832,62.65060240963855,1.9337349397590362,3.990963855421686,47,6,507,548,8.086785009861932
CHEMBL2971_Ki,976,57.10450819672131,65.24077868852459,55.5,65.0,8.136270491803279,14.387550476441058,0.9938524590163934,925,94.77459016393442,3.7182377049180326,3.995901639344263,27,12,162,177,9.25925925925926
CHEMBL3979_EC50,1125,56.648,66.296,56.0,66.0,9.648,17.10035929401961,0.9893333333333333,1103,98.04444444444445,3.2106666666666666,6.488888888888889,51,22,468,497,6.196581196581197
CHEMBL4005_Ki,960,54.778125,63.496875,55.0,63.5,8.71875,16.276273298374587,1.0,916,95.41666666666667,3.653125,10.0,71,25,401,447,11.471321695760599
CHEMBL4203_Ki,731,41.82900136798906,48.12448700410397,42.0,48.0,6.295485636114911,15.216821687286647,0.9808481532147743,613,83.85772913816689,3.2298221614227085,2.0519835841313268,8,7,64,65,1.5625
CHEMBL4616_EC50,682,75.26979472140762,83.41495601173021,65.0,74.0,8.14516129032258,12.212122549278643,1.0,474,69.50146627565982,2.9164222873900294,6.744868035190615,32,14,355,373,5.070422535211268
CHEMBL4792_Ki,1471,54.526852481305234,62.641060503059144,54.0,63.0,8.114208021753909,15.028210600646084,0.9993201903467029,1148,78.04214819850442,3.186267845003399,10.469068660774983,77,77,794,794,0.0
