dataset,comparison,n,raw_agree_pct,all_train_floor_pct,test_jaccard,cohen_kappa,chance_raw_agree_pct,exact
CHEMBL1862_Ki,reconD0_vs_shipped,794,100.0,79.72292191435768,1.0,1.0,67.66904174254007,True
CHEMBL1871_Ki,reconD0_vs_shipped,659,100.0,79.66616084977238,1.0,1.0,67.60162199129137,True
CHEMBL2034_Ki,reconD0_vs_shipped,750,92.4,79.73333333333333,0.6833333333333333,0.7642627904668425,67.76071111111112,False
CHEMBL2047_EC50,reconD0_vs_shipped,631,97.62282091917591,79.7147385103011,0.8897058823529411,0.9267091518704073,67.56513068833965,False
CHEMBL204_Ki,reconD0_vs_shipped,2754,88.27160493827161,79.920116194626,0.5476190476190477,0.6343333094911,67.92599554144259,False
CHEMBL2147_Ki,reconD0_vs_shipped,1456,100.0,79.8076923076923,1.0,1.0,67.76997041420118,True
CHEMBL214_Ki,reconD0_vs_shipped,3317,100.0,79.9216159179982,1.0,1.0,67.90606198288404,True
CHEMBL218_EC50,reconD0_vs_shipped,1031,100.0,79.82541222114452,1.0,1.0,67.79110428322394,True
CHEMBL219_Ki,reconD0_vs_shipped,1865,90.24128686327077,79.94638069705093,0.6086021505376344,0.6956516281288443,67.9357143370541,False
CHEMBL228_Ki,reconD0_vs_shipped,1704,90.72769953051643,79.92957746478874,0.6247030878859857,0.7110029110956542,67.91559214441578,False
CHEMBL231_Ki,reconD0_vs_shipped,973,100.0,79.75334018499485,1.0,1.0,67.7052250432806,True
CHEMBL233_Ki,reconD0_vs_shipped,3142,87.9057924888606,79.94907702100573,0.5365853658536586,0.6227757557375393,67.93894428820266,False
CHEMBL234_Ki,reconD0_vs_shipped,3657,93.60131255127153,79.95624829094886,0.7247058823529412,0.8003683119239002,67.94753623337952,False
CHEMBL235_EC50,reconD0_vs_shipped,2349,100.0,79.90634312473392,1.0,1.0,67.8877871818864,True
CHEMBL236_Ki,reconD0_vs_shipped,2598,100.0,79.94611239414935,1.0,1.0,67.93539295046051,True
CHEMBL237_EC50,reconD0_vs_shipped,955,100.0,79.79057591623037,1.0,1.0,67.7495682684137,True
CHEMBL237_Ki,reconD0_vs_shipped,2603,100.0,79.94621590472532,1.0,1.0,67.93551694024846,True
CHEMBL238_Ki,reconD0_vs_shipped,1052,100.0,79.75285171102662,1.0,1.0,67.70464369876679,True
CHEMBL239_EC50,reconD0_vs_shipped,1721,90.06391632771644,79.83730389308542,0.6041666666666666,0.691042477446881,67.83996845205397,False
CHEMBL244_Ki,reconD0_vs_shipped,3097,100.0,79.94833710041976,1.0,1.0,67.93805790160758,True
CHEMBL262_Ki,reconD0_vs_shipped,856,100.0,79.78971962616822,1.0,1.0,67.74854790811425,True
CHEMBL264_Ki,reconD0_vs_shipped,2862,84.76589797344515,79.94409503843465,0.4494949494949495,0.5249293389537293,67.93297655341615,False
CHEMBL2835_Ki,reconD0_vs_shipped,615,100.0,79.51219512195122,1.0,1.0,67.41939321832243,True
CHEMBL287_Ki,reconD0_vs_shipped,1328,97.96686746987952,79.89457831325302,0.9039145907473309,0.9368029215606096,67.82869429525331,False
CHEMBL2971_Ki,reconD0_vs_shipped,976,77.8688524590164,79.8155737704918,0.29180327868852457,0.31313736861653946,67.77936878527278,False
CHEMBL3979_EC50,reconD0_vs_shipped,1125,100.0,79.91111111111111,1.0,1.0,67.89349135802469,True
CHEMBL4005_Ki,reconD0_vs_shipped,960,100.0,79.89583333333333,1.0,1.0,67.87521701388887,True
CHEMBL4203_Ki,reconD0_vs_shipped,731,80.30095759233926,79.61696306429549,0.34841628959276016,0.3930671832837471,67.54329002303687,False
CHEMBL4616_EC50,reconD0_vs_shipped,682,100.0,79.61876832844574,1.0,1.0,67.5454287458828,True
CHEMBL4792_Ki,reconD0_vs_shipped,1471,100.0,79.80965329707682,1.0,1.0,67.77230859383847,True
