quantity,model,point,pct_lo,pct_hi,pct_status,bca_lo,bca_hi,bca_status,z0,accel,dropped_draws,B
PRIMARY R2-R0,SVM,0.0155085981408295,-0.014256697243758684,0.04316781173666834,includes 0,-0.014457692169980383,0.042961351032591764,includes 0,-0.015040336678635672,0.001401528722675442,0,4000
PRIMARY R2-R0,RF,0.013148283013833528,-0.018022587829396926,0.042320639820213425,includes 0,-0.020891915730077502,0.03984702090645455,includes 0,-0.030711023285021018,-0.023215134649686178,0,4000
PRIMARY R2-R0,GBM,0.020355930682812384,-0.015872271741004217,0.056755994088942656,includes 0,-0.016552555518265087,0.05594664939124681,includes 0,-0.0006266571096722961,-0.008179406234889502,0,4000
PRIMARY R2-R0,KNN,-0.006317672746639524,-0.04769150992672104,0.029142045726767492,includes 0,-0.05034430584895626,0.027674649617895033,includes 0,-0.026949515729801417,-0.012238344211051301,0,4000
D1 penalty (arm S0),SVM,0.3771622345309992,0.2934071728620663,0.4637928002799883,EXCLUDES 0,0.3043924304476247,0.4893778152308307,EXCLUDES 0,0.08910306697329581,0.04800566960437087,0,4000
D1 penalty (arm S0),RF,0.36794026812157266,0.27862682713645576,0.45211177725333923,EXCLUDES 0,0.2895031418066269,0.46403536802982576,EXCLUDES 0,0.08155573793071842,0.027993879333848806,0,4000
D1 penalty (arm S0),GBM,0.3701800824392749,0.2842895799328383,0.45978095336092456,EXCLUDES 0,0.2972818435354427,0.47915655894554476,EXCLUDES 0,0.08029831289205504,0.04695932870223565,0,4000
D1 penalty (arm S0),KNN,0.38513890449558086,0.28421561336466916,0.4686134117324006,EXCLUDES 0,0.2981899737268572,0.478845471179778,EXCLUDES 0,0.0740130516888602,0.03083306826974707,0,4000
D0 penalty (arm S0),SVM,0.12419576152214584,0.08548854039766708,0.15907214970415456,EXCLUDES 0,0.0862881698297744,0.15953604651301442,EXCLUDES 0,0.03133798202142648,-0.009984971856469321,0,4000
D0 penalty (arm S0),RF,0.1287403648666835,0.09432129830546424,0.16065331593309146,EXCLUDES 0,0.09501934229088732,0.1615600333696559,EXCLUDES 0,0.03196495307632347,-0.004201932531410768,0,4000
D0 penalty (arm S0),GBM,0.13191852617308397,0.09296191305577585,0.16975723577461904,EXCLUDES 0,0.0939719112908588,0.1708603932445325,EXCLUDES 0,0.03823539548934048,-0.002109800901517675,0,4000
D0 penalty (arm S0),KNN,0.173776032488428,0.12996795884206788,0.21245897047298226,EXCLUDES 0,0.12920880347440408,0.2119295998938766,EXCLUDES 0,-0.0025066308995717666,-0.010363859255825081,0,4000
