model,stratum,n_cliff,n_non,estimate,ci_lo,ci_hi,dropped_draws,B,conditional
SVM,0.7-0.8,4,2930,-0.1930531860612762,-0.4011364702740568,0.09591051917212451,152,4000,True
SVM,0.8-0.9,15,3733,0.10652013955311601,-0.049963462928512184,0.22449627337399436,0,4000,False
SVM,0.9-1.0,207,898,0.6695933391877268,0.5855320360800409,0.76648932194417,0,4000,False
RF,0.7-0.8,4,2930,-0.17336269435285867,-0.5461406622923833,-0.048694112418996134,152,4000,True
RF,0.8-0.9,15,3733,0.09059715258436496,-0.0834557855890848,0.2122082784956077,0,4000,False
RF,0.9-1.0,207,898,0.6895127946655832,0.5970576524739747,0.783164283523485,0,4000,False
SVM,S0/D1 partner_out,-1,-1,-0.07063079794602967,-0.14471178598958717,0.015350020773158833,0,4000,False
SVM,R2/D2 partner_out,-1,-1,0.013592857318460605,-0.07304248699761089,0.09254108477827448,0,4000,False
RF,S0/D1 partner_out,-1,-1,-0.09349805541516787,-0.2119572702975205,0.025707106957129185,0,4000,False
RF,R2/D2 partner_out,-1,-1,0.07477014017107542,-0.012790475383774506,0.15612305958699332,0,4000,False
GBM,S0/D1 partner_out,-1,-1,-0.055766561544578375,-0.18983734430622162,0.06543136869264508,0,4000,False
GBM,R2/D2 partner_out,-1,-1,0.07049291065552976,-0.01671132978646594,0.15252421809702896,0,4000,False
KNN,S0/D1 partner_out,-1,-1,-0.08143639311067952,-0.18586076836018078,0.016058350290557993,0,4000,False
KNN,R2/D2 partner_out,-1,-1,0.03171110786397924,-0.055425696108668446,0.13355011873602324,0,4000,False
