dataset,n_D1_pairs,median_abs_dy,mean_abs_dy
CHEMBL1862_Ki,4,1.8028939319236033,1.8028939319236033
CHEMBL1871_Ki,11,1.3010299956639813,1.2909222673845626
CHEMBL2047_EC50,3,1.4436974992327123,1.4909087102807481
CHEMBL204_Ki,47,1.320774053859739,1.6591001113207091
CHEMBL2147_Ki,3,1.4449365713482614,1.4697633448135523
CHEMBL214_Ki,93,1.4340363540203143,1.5966147294530897
CHEMBL218_EC50,14,1.3285838837889927,1.3733355431371097
CHEMBL219_Ki,52,1.3074206209169708,1.3792712592099932
CHEMBL228_Ki,29,1.486458872284656,1.5946370349068193
CHEMBL231_Ki,3,1.0374918102923365,1.19157590827564
CHEMBL233_Ki,64,1.4611693242782064,1.6603071382681578
CHEMBL234_Ki,64,1.3190054352469032,1.5147402421293932
CHEMBL235_EC50,22,1.3455031511260223,1.473060950284311
CHEMBL236_Ki,74,1.3374181623096493,1.6716883802758487
CHEMBL237_EC50,16,1.296458305944046,1.478442758215904
CHEMBL237_Ki,55,1.3933442569828882,1.524144006613521
CHEMBL238_Ki,2,1.1508923171987813,1.1508923171987813
CHEMBL239_EC50,28,1.3282579051938788,1.5067766509623515
CHEMBL244_Ki,37,1.4393326938302646,1.7022554471104894
CHEMBL262_Ki,1,1.0413926851582236,1.0413926851582236
CHEMBL264_Ki,68,1.226148835497316,1.3182625649434339
CHEMBL2835_Ki,2,1.4756496512815,1.4756496512815
CHEMBL287_Ki,36,1.5170808620989562,1.60787431448889
CHEMBL2971_Ki,3,1.6031443726201822,1.5988699092484289
CHEMBL3979_EC50,17,1.3352440961950824,1.4958324440627473
CHEMBL4005_Ki,1,1.0200699827753343,1.0200699827753343
CHEMBL4616_EC50,14,1.3321039490384035,1.3743274147805693
CHEMBL4792_Ki,3,1.6857417386022657,1.6369964887649102
