dataset,n,n_cliff_D3,n_cliff_D3capped,prev_D3_pct,prev_D3capped_pct,n_smiles_with_stereo,stereo_pct,n_nofrag,n_exception,n_allcapped
CHEMBL1862_Ki,794,479,452,60.32745591939547,56.92695214105793,26,3.27455919395466,4,0,0
CHEMBL1871_Ki,659,235,222,35.66009104704097,33.68740515933232,301,45.6752655538695,37,0,0
CHEMBL2034_Ki,750,375,326,50.0,43.46666666666666,388,51.733333333333334,2,0,0
CHEMBL2047_EC50,631,372,309,58.9540412044374,48.96988906497623,177,28.050713153724246,2,0,0
CHEMBL204_Ki,2754,1717,1456,62.34567901234568,52.868554829339146,1198,43.500363108206244,48,0,0
CHEMBL2147_Ki,1456,853,783,58.58516483516484,53.777472527472526,306,21.016483516483518,5,0,0
CHEMBL214_Ki,3317,2153,1854,64.90804944226711,55.89388001205909,462,13.928248417244498,15,0,0
CHEMBL218_EC50,1031,518,484,50.24248302618817,46.9447138700291,226,21.920465567410282,26,0,0
CHEMBL219_Ki,1865,1226,1068,65.7372654155496,57.265415549597854,215,11.528150134048257,36,0,2
CHEMBL228_Ki,1704,973,879,57.10093896713615,51.58450704225353,504,29.577464788732396,9,0,0
CHEMBL231_Ki,973,515,422,52.92908530318602,43.37101747173689,321,32.99075025693731,0,0,0
CHEMBL233_Ki,3142,1869,1673,59.484404837683,53.246339910884785,2023,64.3857415658816,138,0,0
CHEMBL234_Ki,3657,2542,2187,69.51052775499042,59.803117309269894,1016,27.782335247470606,47,0,2
CHEMBL235_EC50,2349,1430,1110,60.87696892294594,47.254150702426564,563,23.967645806726267,26,0,0
CHEMBL236_Ki,2598,1297,1167,49.923017705927634,44.919168591224015,1876,72.20939183987683,251,0,0
CHEMBL237_EC50,955,561,534,58.7434554973822,55.91623036649215,763,79.89528795811518,30,0,0
CHEMBL237_Ki,2603,1558,1447,59.854014598540154,55.58970418747599,1856,71.30234344986555,82,0,0
CHEMBL238_Ki,1052,472,443,44.866920152091254,42.11026615969582,390,37.0722433460076,7,0,0
CHEMBL239_EC50,1721,1148,916,66.70540383497966,53.22486926205694,438,25.45031958163858,12,0,0
CHEMBL244_Ki,3097,2174,1888,70.19696480464967,60.96222150468195,1071,34.58185340652244,17,0,0
CHEMBL262_Ki,856,351,335,41.00467289719626,39.13551401869159,2,0.2336448598130841,4,0,0
CHEMBL264_Ki,2862,1898,1776,66.3172606568833,62.05450733752621,713,24.91264849755416,4,0,0
CHEMBL2835_Ki,615,366,240,59.512195121951216,39.02439024390244,123,20.0,0,0,0
CHEMBL287_Ki,1328,786,762,59.18674698795181,57.37951807228916,234,17.620481927710845,2,0,0
CHEMBL2971_Ki,976,561,339,57.479508196721305,34.73360655737705,114,11.680327868852459,2,0,0
CHEMBL3979_EC50,1125,696,535,61.86666666666667,47.55555555555556,199,17.68888888888889,15,0,0
CHEMBL4005_Ki,960,681,618,70.9375,64.375,100,10.416666666666666,0,0,0
CHEMBL4203_Ki,731,151,145,20.656634746922027,19.835841313269494,0,0.0,3,0,0
CHEMBL4616_EC50,682,420,390,61.58357771260997,57.18475073313783,626,91.78885630498533,53,0,0
CHEMBL4792_Ki,1471,1194,1155,81.16927260367098,78.51801495581238,475,32.290958531611146,0,0,0
