dataset,arm,definition,n_test,n_cliff,k,tie_at_k_pct,n_distinct_distances,rmse_brute,ss_cliff_brute,n_c,ss_non_brute,n_n,gap_brute,rmse_ball_tree,ss_cliff_ball_tree,ss_non_ball_tree,gap_ball_tree,rmse_kd_tree,ss_cliff_kd_tree,ss_non_kd_tree,gap_kd_tree,dtype_max_pred_diff,dtype_n_pred_diff,gap_uint8,gap_float64,ss_cliff_uint8,ss_non_uint8,ss_cliff_float64,ss_non_float64,max_pred_diff_between_backends,n_pred_diff_brute_vs_ball
CHEMBL1862_Ki,S0,D0,161,67,21,71.42857142857143,81,0.8971839465654852,45.17030678018671,67,84.42487768975917,94,-0.12661400900753506,0.9006208130042427,44.58488080605913,86.005092853385,-0.14078031088924503,0.9036615942524725,45.38989508481576,86.08339350041841,-0.13388409389865985,0.7208777693670134,89,-0.12661400900753506,-0.11534490022968058,45.17030678018671,84.42487768975917,47.38204495021826,85.96275865142537,0.6601869240974496,89
CHEMBL1862_Ki,R0,D0,161,67,21,71.42857142857143,81,0.8971839465654852,45.17030678018671,67,84.42487768975917,94,-0.12661400900753506,0.9006208130042427,44.58488080605913,86.005092853385,-0.14078031088924503,0.9036615942524725,45.38989508481576,86.08339350041841,-0.13388409389865985,0.7208777693670134,89,-0.12661400900753506,-0.11534490022968058,45.17030678018671,84.42487768975917,47.38204495021826,85.96275865142537,0.6601869240974496,89
CHEMBL1862_Ki,R2,D2,161,37,21,75.15527950310559,79,0.7791000295138906,22.63735714740586,37,75.0891366667499,124,0.004013745761193177,0.7797720533086545,22.244506296436647,75.65065097807576,-0.0057072227048703406,0.7747714524442882,22.04809667369044,74.59550269345333,-0.0036716802820241368,0.4691360988258264,98,0.004013745761193177,0.0077838522251783004,22.63735714740586,75.0891366667499,22.7174727279608,74.62914131000929,0.4159111871153085,105
CHEMBL1871_Ki,S0,D0,134,32,5,27.611940298507463,61,0.6530128590363606,22.663479856070595,32,34.4775765488862,102,0.26017527858961975,0.64168540622666,21.4212541528442,33.75460736276847,0.24291435644165915,0.6487625093433887,22.245375407373572,34.15425892558353,0.25510882860882733,0.3422360842462844,20,0.26017527858961975,0.23104526496224587,22.663479856070595,34.4775765488862,21.21215197341914,34.68402305352988,0.3422360842462844,22
CHEMBL1871_Ki,R0,D0,134,32,5,27.611940298507463,61,0.6530128590363606,22.663479856070595,32,34.4775765488862,102,0.26017527858961975,0.64168540622666,21.4212541528442,33.75460736276847,0.24291435644165915,0.6487625093433887,22.245375407373572,34.15425892558353,0.25510882860882733,0.3422360842462844,20,0.26017527858961975,0.23104526496224587,22.663479856070595,34.4775765488862,21.21215197341914,34.68402305352988,0.3422360842462844,22
CHEMBL1871_Ki,R2,D2,134,13,5,31.343283582089555,60,0.6416310992735004,7.123404311742958,13,48.0431183406164,121,0.11011978611820228,0.6548176376404102,7.729013136148243,49.72832943155742,0.12998825395394598,0.6509928790482484,7.916028245818977,48.8720633827657,0.1448042897395989,0.45295924511872165,26,0.11011978611820228,0.11351383575716745,7.123404311742958,48.0431183406164,7.394379461329598,49.66595450736524,0.373150594337587,24
CHEMBL2034_Ki,S0,D0,152,52,3,19.078947368421055,48,0.6886108725715725,42.7473866662701,52,29.328723274944803,100,0.36511807386166206,0.6896746380740748,42.235792853281524,30.063175319914617,0.35293729072492075,0.6938178770004446,42.80492783624073,30.365325623460695,0.3562406785980189,0.6700307971574855,19,0.36511807386166206,0.36254311345324874,42.7473866662701,29.328723274944803,43.37299451447465,30.332057977454806,0.6700307971574855,20
CHEMBL2034_Ki,R0,D0,151,50,3,22.516556291390728,48,0.7235468949090115,42.75699137208349,50,36.29454510691981,101,0.325278007519073,0.7310324933244724,44.47864055366288,36.21704389706254,0.3443523437984892,0.7273366384556952,43.94294517158501,35.93886126005961,0.3409596104565801,0.49257403710845793,18,0.325278007519073,0.3337026778969221,42.75699137208349,36.29454510691981,44.14025909234006,37.07546893345993,0.49257403710845793,17
CHEMBL2034_Ki,R2,D2,151,24,3,26.490066225165563,45,0.6599083551124922,11.130221127208952,24,54.6271134820296,127,0.02515209673624008,0.682992363414027,16.21580894451191,54.22245489625172,0.16857167912879223,0.6784227333119032,16.226171469049405,53.27269669718404,0.1745821345499312,1.0472364393539522,27,0.02515209673624008,0.16897423964673997,11.130221127208952,54.6271134820296,16.416022442984023,54.99800263719263,1.0472364393539522,28
CHEMBL2047_EC50,S0,D0,128,50,3,24.21875,46,0.6239169091893885,27.267544447766312,50,22.55931117750596,78,0.20068518352086762,0.646068094486412,27.542989253550246,25.884720533752592,0.16613037724840962,0.6407183272395028,28.04612674459495,24.50043003756014,0.18849416130868557,0.9225804090370557,22,0.20068518352086762,0.1615252062841419,27.267544447766312,22.55931117750596,27.036953268711407,25.683407812468314,0.9225804090370557,21
CHEMBL2047_EC50,R0,D0,129,50,3,23.25581395348837,44,0.6247070031414383,26.70410956400884,50,23.639280766831618,79,0.18378879461235575,0.6354908158669562,26.29078921865964,25.805677220951562,0.15359491371641543,0.6263741867750869,26.150906512083047,24.46154970761849,0.1667469883554994,0.7203766988416787,20,0.18378879461235575,0.1568367869438584,26.70410956400884,23.639280766831618,26.295710050621423,25.51985066864905,0.7203766988416787,19
CHEMBL2047_EC50,R2,D2,129,23,3,24.031007751937985,54,0.6491076212489946,18.211153826810175,23,36.14179698448496,106,0.3059073293289165,0.6478357368306058,19.308954484000736,34.831202823015424,0.3430199515645297,0.6641299842832289,19.495574466444797,37.4022795806566,0.3266570196018276,0.6362766929354002,15,0.3059073293289165,0.3321888893488071,18.211153826810175,36.14179698448496,19.527989748731024,36.8044026287222,0.6952508007295792,16
CHEMBL204_Ki,S0,D0,553,220,5,27.48643761301989,82,0.818630600715629,219.18427240670212,220,151.41202900999932,333,0.323836723470458,0.8183656081969816,215.6064798954497,154.7499346843777,0.308264642529407,0.8140039943443957,219.25548253917657,147.16370151399644,0.3335260377196114,0.5743960748826051,86,0.323836723470458,0.3196900897395023,219.18427240670212,151.41202900999932,214.83578835562793,148.8166189356746,0.9546085847594465,76
CHEMBL204_Ki,R0,D0,552,219,5,25.36231884057971,83,0.7824290364918979,208.69827821062296,219,129.23347061377018,333,0.3532292954426848,0.7882135001377927,209.49109756798285,133.45575046532463,0.34498684607079744,0.7825096300896447,209.86874382467278,128.1326254683613,0.35862190029313235,0.6783818439170668,78,0.3532292954426848,0.3507953674912573,208.69827821062296,129.23347061377018,207.35251581870506,128.9354987232156,0.9546085847594465,83
CHEMBL204_Ki,R2,D2,552,109,5,25.905797101449274,77,0.8292264802252441,113.64283918915487,109,265.9214994505696,443,0.2463016560516358,0.8385365653714401,116.91066354519772,271.22458790344444,0.25319097988037664,0.8389345794003817,117.32054389502116,271.1832542445387,0.2550644762881187,0.6918892878898948,89,0.2463016560516358,0.2554836270776466,113.64283918915487,265.9214994505696,115.90023924110224,266.54617502973684,0.828399052675028,76
CHEMBL2147_Ki,S0,D0,294,116,3,29.25170068027211,65,0.6903224346710172,60.904454735224384,116,79.1997940249511,178,0.057555111366986655,0.6635624121244762,52.72056176978975,76.73207021683947,0.01759085420584905,0.6707785928475278,56.260015126443506,76.0234975365743,0.042891925226820615,0.8769668051359938,54,0.057555111366986655,0.03418741102806422,60.904454735224384,79.1997940249511,56.18182811953381,77.94805534015245,1.0655253149408903,47
CHEMBL2147_Ki,R0,D0,294,116,3,29.25170068027211,65,0.6903224346710172,60.904454735224384,116,79.1997940249511,178,0.057555111366986655,0.6635624121244762,52.72056176978975,76.73207021683947,0.01759085420584905,0.6707785928475278,56.260015126443506,76.0234975365743,0.042891925226820615,0.8769668051359938,54,0.057555111366986655,0.03418741102806422,60.904454735224384,79.1997940249511,56.18182811953381,77.94805534015245,1.0655253149408903,47
CHEMBL2147_Ki,R2,D2,294,83,3,23.809523809523807,62,0.8650967976219972,72.98759947481167,83,147.03978648640376,211,0.10295857808820263,0.8629618151869007,73.19905478429212,145.74365499008508,0.10800339068579923,0.8680953264567982,74.68832760749518,146.86698416244852,0.11431183232380682,1.3172323690856933,31,0.10295857808820263,0.10784303030102427,72.98759947481167,147.03978648640376,73.55824211363817,146.6082872927646,1.3172323690856933,36
CHEMBL214_Ki,S0,D0,666,245,5,32.58258258258258,72,0.7239624483374405,184.2241099207361,245,164.84089339668952,421,0.24140552088200484,0.728421660530975,186.0913863736792,167.28695856976898,0.24116353319014405,0.728097904744951,184.45451913657948,168.60976908681624,0.23483471553135316,0.5366660088305757,134,0.24140552088200484,0.23027574725946265,184.2241099207361,164.84089339668952,185.20117533283292,171.9906757774635,0.6746847936962137,130
CHEMBL214_Ki,R0,D0,666,245,5,32.58258258258258,72,0.7239624483374405,184.2241099207361,245,164.84089339668952,421,0.24140552088200484,0.728421660530975,186.0913863736792,167.28695856976898,0.24116353319014405,0.728097904744951,184.45451913657948,168.60976908681624,0.23483471553135316,0.5366660088305757,134,0.24140552088200484,0.23027574725946265,184.2241099207361,164.84089339668952,185.20117533283292,171.9906757774635,0.6746847936962137,130
CHEMBL214_Ki,R2,D2,666,135,5,34.98498498498498,72,0.659118087148672,99.79879021083602,135,189.53602055830927,531,0.26235071483759054,0.6575416653975691,100.3526244263976,187.59982936831898,0.2677925542340668,0.6556277170745005,101.23293970689619,185.04563075505376,0.2756261057306132,0.8071221212664419,145,0.26235071483759054,0.2650261524458024,99.79879021083602,189.53602055830927,100.10731721608323,188.6820528169361,1.0752921115672702,145
CHEMBL218_EC50,S0,D0,208,76,3,15.865384615384615,64,0.7521459519093562,49.48695053594569,76,68.18354432256967,132,0.08822642918004397,0.7360977591654979,47.31423501232621,65.38846648575502,0.08519875245895392,0.7453567093219171,47.34293540965127,68.21284240963769,0.07039831361638693,0.8239584282985932,21,0.08822642918004397,0.08186553165914523,49.48695053594569,68.18354432256967,47.3426775805332,66.05355206806325,0.8591122256387553,20
CHEMBL218_EC50,R0,D0,208,76,3,15.865384615384615,64,0.7521459519093562,49.48695053594569,76,68.18354432256967,132,0.08822642918004397,0.7360977591654979,47.31423501232621,65.38846648575502,0.08519875245895392,0.7453567093219171,47.34293540965127,68.21284240963769,0.07039831361638693,0.8239584282985932,21,0.08822642918004397,0.08186553165914523,49.48695053594569,68.18354432256967,47.3426775805332,66.05355206806325,0.8591122256387553,20
CHEMBL218_EC50,R2,D2,208,39,3,20.192307692307693,61,0.8342180153506459,34.911245901122456,39,109.8400511030762,169,0.13993977036555316,0.824087438834804,35.170760843058936,106.08622138076487,0.1573454967928648,0.8219348371523199,35.63017182262526,104.88981849449371,0.16800787969654574,0.678531053339051,26,0.13993977036555316,0.16527522405094575,34.911245901122456,109.8400511030762,35.60295588558052,105.5211954399984,0.6428153581241416,20
CHEMBL219_Ki,S0,D0,374,149,5,31.283422459893046,66,0.7591286670801054,95.60425691739617,149,119.92309169297756,225,0.0709612310528751,0.7759737308052289,100.02555502308246,125.17302133343745,0.07346492721739806,0.7692148899940849,98.20073077796962,123.09190779577133,0.07218308927644079,0.9986638200178932,67,0.0709612310528751,0.06488324542835,95.60425691739617,119.92309169297756,99.60853785506174,127.49016248690079,0.9615501576339689,67
CHEMBL219_Ki,R0,D0,374,149,5,35.82887700534759,66,0.737182448002742,91.2890670166201,149,111.95673063797986,225,0.07734031278011633,0.7491791378732329,91.93105639086068,117.98369196269499,0.061349850334448286,0.746112880461034,91.63088619240715,116.56909077340092,0.06442064264003122,1.0678619622475072,79,0.07734031278011633,0.05255728239734625,91.2890670166201,111.95673063797986,91.23583190792074,119.886783411639,1.0307482998635829,79
CHEMBL219_Ki,R2,D2,374,98,5,29.946524064171122,59,0.6899638127766982,67.55976470593309,98,110.48295883413502,276,0.19759921733687624,0.686450911798745,68.08401860501809,108.1503369066707,0.20752910719912454,0.6895589509658835,67.51231052098845,110.32152800359304,0.197769961068192,0.4416198876985824,66,0.19759921733687624,0.20762399011221222,67.55976470593309,110.48295883413502,68.28136020022826,108.53498952281262,0.6479929908070732,66
CHEMBL228_Ki,S0,D0,342,128,5,32.748538011695906,77,0.7117936906614672,84.71175083316456,128,88.562637425227,214,0.17021023741682462,0.7187726042233189,85.79413269562004,90.8947146554143,0.16697607996182218,0.7203812044128616,86.38579957827633,91.09478566931685,0.16907737850659132,0.5897694955105237,66,0.17021023741682462,0.16418065108780744,84.71175083316456,88.562637425227,85.48732770274944,91.26615237707284,0.5897694955105237,67
CHEMBL228_Ki,R0,D0,342,129,5,32.748538011695906,70,0.723410087530171,86.32874121297793,129,92.64743570824214,213,0.15853727607076173,0.7187962722794299,85.80195547886237,90.8985282377767,0.16229206030735954,0.7216927202083672,87.95471881870867,90.17269196269066,0.17507321561580724,0.605876755537043,69,0.15853727607076173,0.15827886131879088,86.32874121297793,92.64743570824214,85.60575607031345,91.75774425897063,0.605876755537043,71
CHEMBL228_Ki,R2,D2,342,73,5,29.82456140350877,74,0.824227302589609,70.71708588674352,73,161.62083515953333,269,0.2091129956578731,0.8222329991770786,71.82373155603744,159.3912183319835,0.22214937972658122,0.8126568452668296,70.50466063611748,155.35595203427275,0.22280514577233634,1.0167448827601788,63,0.2091129956578731,0.23554106556208376,70.71708588674352,161.62083515953333,72.33882853181387,155.34171669270023,1.0167448827601788,57
CHEMBL231_Ki,S0,D0,197,48,5,29.441624365482234,66,0.7658036494742596,46.59286989469942,48,68.93881032627525,149,0.3050300312433505,0.7675293637616889,50.16753835591322,65.8854225186621,0.35736002223027774,0.7725451442602445,49.86147727337197,67.71324471088417,0.34507591693195305,0.7180899951122113,32,0.3050300312433505,0.3021998276815394,46.59286989469942,68.93881032627525,45.634685959799725,67.45638831330051,0.5897303693424627,29
CHEMBL231_Ki,R0,D0,197,48,5,29.441624365482234,66,0.7658036494742596,46.59286989469942,48,68.93881032627525,149,0.3050300312433505,0.7675293637616889,50.16753835591322,65.8854225186621,0.35736002223027774,0.7725451442602445,49.86147727337197,67.71324471088417,0.34507591693195305,0.7180899951122113,32,0.3050300312433505,0.3021998276815394,46.59286989469942,68.93881032627525,45.634685959799725,67.45638831330051,0.5897303693424627,29
CHEMBL231_Ki,R2,D2,197,21,5,35.53299492385787,64,0.736802886320488,8.667222892397241,21,98.27984028577254,176,-0.1048304540847328,0.7347051446819235,9.03707473340974,97.30188024214125,-0.08753922638746481,0.7407410657443764,9.03707473340974,99.05629858317283,-0.09421254197107265,0.7464486344487771,44,-0.1048304540847328,-0.07647322291570846,8.667222892397241,98.27984028577254,9.280845829461464,96.70678687869622,0.8497656835722234,42
CHEMBL233_Ki,S0,D0,630,259,5,35.23809523809524,71,0.8208117860917341,217.8606140021582,259,206.59053855571653,371,0.17092575729179693,0.8173885159436652,215.32929282914154,205.58881834870863,0.16739336758662193,0.8179348460194165,212.78270610968758,208.69826365998048,0.1563772879735944,0.6202317017190433,132,0.17092575729179693,0.17213770981972543,217.8606140021582,206.59053855571653,215.43290236992385,203.09701589085972,0.7219261897584497,130
CHEMBL233_Ki,R0,D0,630,259,5,37.301587301587304,72,0.8165059383188831,219.1374610132686,259,200.87216579203124,371,0.18400955588958212,0.8196822129956464,219.4258410049358,203.85788508497149,0.1791662176932055,0.8227288751958389,219.2833420033686,207.15282330766786,0.1729007594992623,0.5368139437620227,134,0.18400955588958212,0.1833471466850669,219.1374610132686,200.87216579203124,218.61255258783422,200.63205784903914,0.750556001429362,133
CHEMBL233_Ki,R2,D2,630,109,5,34.285714285714285,71,0.7675104788499186,111.62499084673772,109,259.4905802942541,521,0.3062341504627708,0.7663389907832363,111.61671675657203,258.3668159840695,0.30772645078603633,0.7623032936885363,110.60964022985291,255.48733605823335,0.30708611744519143,0.6206862937501416,120,0.3062341504627708,0.3048995638993941,111.62499084673772,259.4905802942541,110.64924153788925,257.21731548237557,0.8060955620320165,112
CHEMBL234_Ki,S0,D0,733,321,5,36.69849931787176,70,0.6681890358416559,154.34563208676087,321,172.92170663796742,412,0.04556475862539244,0.6664134282907449,155.1800051879934,170.35032129076865,0.05227139468386033,0.6663673126787548,154.13753399718314,171.34774083593197,0.04805232501951717,0.8026716482173075,163,0.04556475862539244,0.04362189913804593,154.34563208676087,172.92170663796742,156.15485320838624,176.1368795859122,0.5895955286578225,174
CHEMBL234_Ki,R0,D0,733,320,5,36.56207366984993,69,0.6983218208809601,167.3090267944005,320,190.14089013065987,413,0.04455712121178046,0.6935215336399745,163.86539269863584,188.68716951854105,0.03967585820790043,0.6950492724784589,165.71796189671664,188.38956713297142,0.04424280846419937,0.7303482633110043,165,0.04455712121178046,0.036510326716806984,167.3090267944005,190.14089013065987,163.67557256078243,190.22617557766952,0.7303482633110043,168
CHEMBL234_Ki,R2,D2,733,203,5,31.51432469304229,62,0.6876702363440372,111.79818525996127,203,234.83044418792784,530,0.07647206088121339,0.6863929845976481,109.12035613106826,236.2218402493994,0.06556145116687284,0.6868730578943301,109.49204234059513,236.33339774499683,0.06665143056346412,0.6846780142768738,148,0.07647206088121339,0.06512458415229694,111.79818525996127,234.83044418792784,110.22478018613937,239.15908630614754,0.7112295823837735,149
CHEMBL235_EC50,S0,D0,472,178,5,30.508474576271187,65,0.6833908273046838,111.84863053749723,178,108.58623624495577,294,0.1849593008346463,0.6928885545926259,115.64423082266592,110.96039634567042,0.1916892648266859,0.6904310781056927,114.33443241598617,110.66564232991112,0.187928177588929,0.5431752874704436,76,0.1849593008346463,0.18235924867690856,111.84863053749723,108.58623624495577,113.74000632907013,111.92565023582037,0.730208828099391,91
CHEMBL235_EC50,R0,D0,472,178,5,30.508474576271187,65,0.6833908273046838,111.84863053749723,178,108.58623624495577,294,0.1849593008346463,0.6928885545926259,115.64423082266592,110.96039634567042,0.1916892648266859,0.6904310781056927,114.33443241598617,110.66564232991112,0.187928177588929,0.5431752874704436,76,0.1849593008346463,0.18235924867690856,111.84863053749723,108.58623624495577,113.74000632907013,111.92565023582037,0.730208828099391,91
CHEMBL235_EC50,R2,D2,472,76,5,34.74576271186441,68,0.6772897303580794,64.62388656976044,76,151.89260424674097,396,0.30279687267453115,0.6744790904043463,64.50488800110618,150.2183164802361,0.30537031510332535,0.6771431471702773,66.38890384530696,150.0338774652563,0.3191057082186921,0.7788762332505055,96,0.30279687267453115,0.295786646894056,64.62388656976044,151.89260424674097,63.58395795370995,151.67720581264027,0.7788762332505055,105
CHEMBL236_Ki,S0,D0,521,204,5,32.05374280230326,73,0.7517275888997067,154.16669007763605,204,140.2474756050195,317,0.20417364287752637,0.7470222163515798,153.79554242721738,136.94443946037526,0.21100586412951083,0.7502090373703066,154.9117744362187,138.31411103461605,0.2108723804867536,0.6441206316267625,94,0.20417364287752637,0.20715177034216936,154.16669007763605,140.2474756050195,154.11091555962582,138.9283857084583,0.6441206316267625,98
CHEMBL236_Ki,R0,D0,521,204,5,32.05374280230326,73,0.7517275888997067,154.16669007763605,204,140.2474756050195,317,0.20417364287752637,0.7470222163515798,153.79554242721738,136.94443946037526,0.21100586412951083,0.7502090373703066,154.9117744362187,138.31411103461605,0.2108723804867536,0.6441206316267625,94,0.20417364287752637,0.20715177034216936,154.16669007763605,140.2474756050195,154.11091555962582,138.9283857084583,0.6441206316267625,98
CHEMBL236_Ki,R2,D2,521,83,5,34.548944337811896,75,0.6488627817913379,54.14200304735902,83,165.21093285111155,438,0.19349799819085678,0.6621341357496744,56.41077269768071,172.00688805302772,0.1977419709097894,0.6666145210013608,57.212527140297404,174.30680597644675,0.1994041805318073,0.9138211639533784,102,0.19349799819085678,0.19692704457083865,54.14200304735902,165.21093285111155,56.195332530030456,171.58947148733466,0.9138211639533784,105
CHEMBL237_EC50,S0,D0,193,91,3,26.94300518134715,65,0.8237101275777117,74.75447436648834,91,56.19571186841106,102,0.16410187645434138,0.8009221893258197,65.95055808992133,57.85437810749027,0.0981849079304341,0.802793498119882,66.42328916338626,57.960849156960236,0.10053786269899323,1.3017556354154065,33,0.16410187645434138,0.11358636360570051,74.75447436648834,56.19571186841106,67.27452671852468,56.79931520585845,1.3017556354154065,34
CHEMBL237_EC50,R0,D0,193,91,3,26.94300518134715,65,0.8237101275777117,74.75447436648834,91,56.19571186841106,102,0.16410187645434138,0.8009221893258197,65.95055808992133,57.85437810749027,0.0981849079304341,0.802793498119882,66.42328916338626,57.960849156960236,0.10053786269899323,1.3017556354154065,33,0.16410187645434138,0.11358636360570051,74.75447436648834,56.19571186841106,67.27452671852468,56.79931520585845,1.3017556354154065,34
CHEMBL237_EC50,R2,D2,193,36,3,20.72538860103627,63,0.9182545963075047,42.14604558433709,36,120.58991461815557,157,0.20559310677783538,0.923844449866635,42.14604558433709,122.57724795269431,0.19840098461295863,0.9162655053659868,40.83800777993413,121.1936901505182,0.1864791063680955,0.6994654919639487,26,0.20559310677783538,0.20305924103833362,42.14604558433709,120.58991461815557,42.116017600886295,121.18184687185959,0.8937470791251956,22
CHEMBL237_Ki,S0,D0,522,223,3,25.095785440613028,63,0.7363331369034181,158.63733634105185,223,124.38401065700671,299,0.19845173857478626,0.744350515193188,165.10218770358614,124.11592619890006,0.21616150790444344,0.7408158473339947,162.42679595018882,124.05104251294956,0.20932992460930355,1.0158019182238824,79,0.19845173857478626,0.20886101670835577,158.63733634105185,124.38401065700671,160.4854789437211,122.26771247279925,0.980879544381339,75
CHEMBL237_Ki,R0,D0,522,223,3,25.095785440613028,63,0.7363331369034181,158.63733634105185,223,124.38401065700671,299,0.19845173857478626,0.744350515193188,165.10218770358614,124.11592619890006,0.21616150790444344,0.7408158473339947,162.42679595018882,124.05104251294956,0.20932992460930355,1.0158019182238824,79,0.19845173857478626,0.20886101670835577,158.63733634105185,124.38401065700671,160.4854789437211,122.26771247279925,0.980879544381339,75
CHEMBL237_Ki,R2,D2,522,89,3,27.969348659003828,64,0.7747172808789123,79.650178730454,89,233.647364952187,433,0.21144017044520946,0.7766504036958378,82.35283996855638,232.51017350223748,0.22914603273384915,0.7728339878662703,82.00527994639054,229.77089865587894,0.231443407200855,1.026917353732939,90,0.21144017044520946,0.24650262922980137,79.650178730454,233.647364952187,86.26859256355758,235.85182085454392,0.6992526390713873,79
CHEMBL238_Ki,S0,D0,213,55,3,23.943661971830984,65,0.6420146441763473,29.608331653933416,55,58.18660545682245,158,0.12685975142401906,0.6398526134367074,30.0134375201,57.19118363424009,0.1370753065727477,0.6400057164336068,31.13405746268989,56.11230107272902,0.15644154268563848,0.4682846296330032,30,0.12685975142401906,0.12258295475019187,29.608331653933416,58.18660545682245,29.68178009950327,59.18540405288398,0.6646221213864454,31
CHEMBL238_Ki,R0,D0,213,55,3,23.943661971830984,65,0.6420146441763473,29.608331653933416,55,58.18660545682245,158,0.12685975142401906,0.6398526134367074,30.0134375201,57.19118363424009,0.1370753065727477,0.6400057164336068,31.13405746268989,56.11230107272902,0.15644154268563848,0.4682846296330032,30,0.12685975142401906,0.12258295475019187,29.608331653933416,58.18660545682245,29.68178009950327,59.18540405288398,0.6646221213864454,31
CHEMBL238_Ki,R2,D2,213,26,3,26.76056338028169,63,0.5803998682927981,12.334025201364557,26,59.418008313980806,187,0.12506926047055988,0.5844789864773957,12.325995272004404,60.4381457679617,0.12002668906532621,0.585855713307256,12.431989599276216,60.675343682266345,0.12186628570513192,0.6132204488921573,24,0.12506926047055988,0.1106773699589434,12.334025201364557,59.418008313980806,12.244616152936647,61.95129006286284,0.6132204488921573,30
CHEMBL239_EC50,S0,D0,347,141,5,26.512968299711815,63,0.7116954837650312,103.54161308496465,141,72.21751709424032,206,0.26484513261365383,0.7159742442651121,106.33930308364445,71.53953101885203,0.27913099920161455,0.7191018370933584,106.18000291692924,73.25628296560274,0.27145136217357824,0.4527600335775199,60,0.26484513261365383,0.2700525045504861,103.54161308496465,72.21751709424032,105.19498295431538,72.6101534490551,0.5073872871073828,53
CHEMBL239_EC50,R0,D0,346,142,5,28.034682080924856,63,0.7565720944914062,105.04863780972055,142,93.00222381071663,204,0.1849054671607402,0.7603445300706566,104.71856782887909,95.3122684964161,0.17521909162550164,0.7611149143355067,106.25709149411585,94.17929434296931,0.18557918630353198,0.5015649817455197,67,0.1849054671607402,0.16640973189946395,105.04863780972055,93.00222381071663,102.93162008536835,95.71730975167075,0.5211999920087944,63
CHEMBL239_EC50,R2,D2,346,57,5,29.47976878612717,65,0.7649762159124768,40.25231368953187,57,162.22294568594128,289,0.09112942268236346,0.7700810725378627,42.27507526804247,162.911525697206,0.11039677628926947,0.7666238641692855,42.56401079311585,160.78439280027533,0.11825249923353298,0.4673744844629102,59,0.09112942268236346,0.12022594686272636,40.25231368953187,162.22294568594128,42.828882485873116,161.09111471232907,0.6891539695967746,67
CHEMBL244_Ki,S0,D0,621,296,5,27.536231884057973,80,0.772343255327798,231.87109654847805,296,138.56416206678318,325,0.2321138645768629,0.7735537118667639,230.98198786094275,140.61531147276605,0.22560027579572228,0.7701896406400501,228.34894630742826,140.0233369556558,0.221936952715995,0.551953910548618,106,0.2321138645768629,0.2234779290311667,231.87109654847805,138.56416206678318,227.60543277345204,138.75817450563983,0.551953910548618,109
CHEMBL244_Ki,R0,D0,621,296,5,27.536231884057973,80,0.772343255327798,231.87109654847805,296,138.56416206678318,325,0.2321138645768629,0.7735537118667639,230.98198786094275,140.61531147276605,0.22560027579572228,0.7701896406400501,228.34894630742826,140.0233369556558,0.221936952715995,0.551953910548618,106,0.2321138645768629,0.2234779290311667,231.87109654847805,138.56416206678318,227.60543277345204,138.75817450563983,0.551953910548618,109
CHEMBL244_Ki,R2,D2,621,131,5,30.112721417069245,79,0.7385006081415189,121.04923019481006,131,217.63370485315914,490,0.29482384395760386,0.7311415575318109,116.27105801225122,215.6956557979251,0.2786347648293882,0.7325730017613538,117.04916896782396,216.21868003906275,0.280977984402742,0.6604981286752096,124,0.29482384395760386,0.28082151828505075,121.04923019481006,217.63370485315914,116.60453067338238,215.15196771966166,0.6604981286752096,107
CHEMBL262_Ki,S0,D0,173,32,11,50.28901734104046,66,0.823806999922898,24.94247840239957,32,92.46535094770047,141,0.07306197369793876,0.834506552270334,25.763588277877197,94.71381686242952,0.07768953764361497,0.8161653406991222,25.688926031505538,89.55084832951741,0.09903992298836117,0.3935790184669603,59,0.07306197369793876,0.09046959541610522,24.94247840239957,92.46535094770047,25.87125399028607,92.2096799442661,0.40350761896635046,53
CHEMBL262_Ki,R0,D0,173,32,11,50.28901734104046,66,0.823806999922898,24.94247840239957,32,92.46535094770047,141,0.07306197369793876,0.834506552270334,25.763588277877197,94.71381686242952,0.07768953764361497,0.8161653406991222,25.688926031505538,89.55084832951741,0.09903992298836117,0.3935790184669603,59,0.07306197369793876,0.09046959541610522,24.94247840239957,92.46535094770047,25.87125399028607,92.2096799442661,0.40350761896635046,53
CHEMBL262_Ki,R2,D2,173,12,11,45.08670520231214,74,0.7614157053410778,7.878809747828702,12,92.41861085900013,161,0.05264173877454659,0.7637185924900636,7.678907533644953,93.22612577945071,0.03899352118558652,0.7608779570572395,7.188839595165944,92.96696134249257,0.014104963642836421,0.27160957927844276,61,0.05264173877454659,0.007939188373121464,7.878809747828702,92.41861085900013,6.982399308753042,91.74063121277186,0.2723767191037112,60
CHEMBL264_Ki,S0,D0,574,239,5,36.58536585365854,53,0.677472307671242,154.6637682999425,239,108.78428137769991,335,0.2345929685855389,0.6824405066809955,156.23127440383104,111.09490151744288,0.23263905909460592,0.671269612971541,151.09326183443397,107.55279891917046,0.22848787143895244,0.8514887725170066,130,0.2345929685855389,0.2501558919477884,154.6637682999425,108.78428137769991,159.0049278454366,107.12928109307745,0.7674873856806599,130
CHEMBL264_Ki,R0,D0,574,238,5,37.10801393728223,57,0.701743194762251,147.11539441015537,238,135.5471811306495,336,0.1510646715409476,0.6971033070132745,147.7520437852927,131.18499006714353,0.16306781176480334,0.6945175203505535,146.2944284452334,130.5771039611745,0.16062107493578415,0.9354901593533533,122,0.1510646715409476,0.16114716182275501,147.11539441015537,135.5471811306495,146.26190304011917,130.32032794899794,0.8514887725170066,133
CHEMBL264_Ki,R2,D2,574,173,5,34.146341463414636,51,0.6617992180419386,87.24605896618985,173,164.15343070433903,401,0.07033700742142002,0.6659682216293238,88.29937940407068,166.2774684502806,0.07048488590561697,0.6661424383559855,88.89237574573585,165.81768370892863,0.07377073073728913,0.6257622911704388,114,0.07033700742142002,0.07139388769589983,87.24605896618985,164.15343070433903,89.40032076856221,168.10602278105205,0.7813925412471683,117
CHEMBL2835_Ki,S0,D0,126,13,5,44.44444444444444,45,0.4337051716522924,9.265531185596963,13,14.435090980064023,113,0.4868220949521509,0.4450747839151555,10.06155791847934,14.897979054438071,0.5166548683467371,0.44424601818135745,10.147771344543184,14.718898763875677,0.5226048543697155,0.32395775165767837,39,0.4868220949521509,0.5013848861453737,9.265531185596963,14.435090980064023,9.578442007872047,14.400732161960214,0.2841895861794468,40
CHEMBL2835_Ki,R0,D0,126,13,5,44.44444444444444,45,0.4337051716522924,9.265531185596963,13,14.435090980064023,113,0.4868220949521509,0.4450747839151555,10.06155791847934,14.897979054438071,0.5166548683467371,0.44424601818135745,10.147771344543184,14.718898763875677,0.5226048543697155,0.32395775165767837,39,0.4868220949521509,0.5013848861453737,9.265531185596963,14.435090980064023,9.578442007872047,14.400732161960214,0.2841895861794468,40
CHEMBL2835_Ki,R2,D2,126,7,5,38.88888888888889,50,0.48694335325784166,3.4528503087190603,7,26.423492180811834,119,0.2311100597692039,0.47810382734527157,2.947661185319577,25.853830799677283,0.18280732061074395,0.4770827273939902,2.7685778463434634,25.910021179645277,0.16227991431158584,0.20855039608419101,30,0.2311100597692039,0.2167499005586201,3.4528503087190603,26.423492180811834,3.273766969742945,25.966170408991132,0.2549402113883277,33
CHEMBL287_Ki,S0,D0,267,103,5,37.07865168539326,63,0.8081942263452944,92.73964802197646,103,81.65885327995454,164,0.2432518026415441,0.8184990420319324,93.74653559968434,85.12762644283566,0.23355759618791183,0.8053114699544807,92.92458749312534,80.23200499882043,0.25038949841623204,0.7091196570665286,64,0.2432518026415441,0.24020622626153187,92.73964802197646,81.65885327995454,94.03255464746388,83.90455214956353,0.7091196570665286,56
CHEMBL287_Ki,R0,D0,268,104,5,36.56716417910448,63,0.7846211080343204,83.90877396431436,104,81.08014192605091,164,0.1950993764155774,0.7959173253297959,86.25041208249749,83.52340410521899,0.19703115524205017,0.7963841245543707,88.16401124802763,81.80900534169035,0.21444021538709523,0.5025154213795036,58,0.1950993764155774,0.20309613687218342,83.90877396431436,81.08014192605091,86.93907518699606,82.9540337951288,0.7473250376295599,59
CHEMBL287_Ki,R2,D2,268,62,5,39.17910447761194,67,0.8726919488625035,45.29469795863377,62,158.81175372069464,206,-0.02329885678205379,0.8744963911827428,46.21914019449482,158.7322352408649,-0.014400782608006257,0.8786010285422815,45.654594276167344,161.22526337512136,-0.026556545816242005,0.6800098738601035,67,-0.02329885678205379,-0.014740695301920903,45.29469795863377,158.81175372069464,46.622557212587544,160.2184105425444,0.8001280839924654,72
CHEMBL2971_Ki,S0,D0,197,34,5,38.578680203045685,73,0.6716205787934206,21.432184578983524,34,67.42943318720192,163,0.1507734516142395,0.6626303591496038,18.97256159465597,67.52600000009042,0.1033669823581399,0.6634598690829112,19.628784750331224,67.08647783272096,0.11827399218477708,0.42689115108425923,43,0.1507734516142395,0.15755102956250655,21.432184578983524,67.42943318720192,21.468645952359456,66.15595346613839,0.5438775210578548,42
CHEMBL2971_Ki,R0,D0,197,34,5,39.08629441624365,67,0.5901651469795954,15.555728301299443,34,53.05836713846171,163,0.10586718554768404,0.5930622450195392,15.625880266442167,53.663516547678185,0.1041463059469756,0.5720709628153345,16.06201320881371,48.40922853098968,0.1423553594599708,0.73988047971309,47,0.10586718554768404,0.09953464088949093,15.555728301299443,53.05836713846171,15.632322575560725,54.55595733979437,0.73988047971309,44
CHEMBL2971_Ki,R2,D2,197,19,5,32.48730964467005,70,0.656438304887054,14.150869029970986,19,70.73864685025781,178,0.23260472067534488,0.6618603427129229,14.081769228248955,72.2158760831964,0.22394675693414534,0.6622403942036771,14.103645029458912,72.29313589440427,0.22427456451443128,0.39635094998168974,37,0.23260472067534488,0.2305645217474629,14.150869029970986,70.73864685025781,14.176742289506153,71.3749192735397,0.3743032731841298,38
CHEMBL3979_EC50,S0,D0,226,94,5,34.51327433628318,63,0.6828277865165818,51.75415164170896,94,53.619204003135465,132,0.10466514782744007,0.6833180107463208,50.43547776062176,55.08923410050808,0.08647346812186196,0.676835747791278,49.711367297046316,53.82073096728203,0.08867724854171843,0.3332852432682083,40,0.10466514782744007,0.0977031860469062,51.75415164170896,53.619204003135465,51.30756038536864,54.2526387375378,0.3332852432682083,42
CHEMBL3979_EC50,R0,D0,226,94,5,34.51327433628318,63,0.6828277865165818,51.75415164170896,94,53.619204003135465,132,0.10466514782744007,0.6833180107463208,50.43547776062176,55.08923410050808,0.08647346812186196,0.676835747791278,49.711367297046316,53.82073096728203,0.08867724854171843,0.3332852432682083,40,0.10466514782744007,0.0977031860469062,51.75415164170896,53.619204003135465,51.30756038536864,54.2526387375378,0.3332852432682083,42
CHEMBL3979_EC50,R2,D2,226,45,5,36.283185840707965,60,0.6914456483551379,32.774598427039564,45,75.27534269917251,181,0.20852710677750697,0.691376095108274,32.37833954854656,75.64986495595275,0.20175002030343336,0.6924253325156797,32.37950953666612,75.9768325540695,0.2003697397212375,0.36164365150232136,53,0.20852710677750697,0.1873593041861018,32.774598427039564,75.27534269917251,31.16042817432077,75.2489048003138,0.3764818460114361,50
CHEMBL4005_Ki,S0,D0,193,81,5,34.715025906735754,53,0.6529272432250982,45.58438435853773,81,36.69421473594888,112,0.17779306203525824,0.6546938652067714,45.525232269428884,37.19921075847188,0.17338095622750072,0.6491693864018938,44.61189145781313,36.72234074477924,0.16952846168680225,0.41900220462905224,35,0.17779306203525824,0.18253724390057047,45.58438435853773,36.69421473594888,46.073069234133555,36.60019501693218,0.41900220462905224,41
CHEMBL4005_Ki,R0,D0,193,81,5,34.715025906735754,53,0.6529272432250982,45.58438435853773,81,36.69421473594888,112,0.17779306203525824,0.6546938652067714,45.525232269428884,37.19921075847188,0.17338095622750072,0.6491693864018938,44.61189145781313,36.72234074477924,0.16952846168680225,0.41900220462905224,35,0.17779306203525824,0.18253724390057047,45.58438435853773,36.69421473594888,46.073069234133555,36.60019501693218,0.41900220462905224,41
CHEMBL4005_Ki,R2,D2,193,40,5,27.979274611398964,58,0.7004339846747888,22.22386133336393,40,72.46343767590469,153,0.05718493399946689,0.7037990321235253,22.655432259921003,72.94385172035513,0.06211001090700108,0.7004247231148766,21.876137806139447,72.80865719471697,0.049693299630036436,0.32610561948150085,31,0.05718493399946689,0.055380621279285225,22.22386133336393,72.46343767590469,22.40454047771,73.48375812235656,0.46680628406653835,29
CHEMBL4203_Ki,S0,D0,149,13,5,33.557046979865774,68,0.9751818907675234,15.842739655647504,13,125.85323863640983,136,0.1419622158343874,0.9747658459065603,16.00602699703608,125.5690727005078,0.14872326918865408,0.985412912006056,15.820229185356194,128.8645232797338,0.1297371546179139,0.4349187569848434,35,0.1419622158343874,0.14253759139018696,15.842739655647504,125.85323863640983,15.820229185356194,125.49765599717546,0.5405498977618608,33
CHEMBL4203_Ki,R0,D0,149,13,5,35.57046979865772,66,0.8172626497784534,19.303532625544015,13,80.21628494416795,136,0.45055838898427525,0.8074566120967933,19.294261166170134,77.85167971623574,0.4616699068118786,0.8148294763323387,18.702076220834346,80.22603802867063,0.43137763742116886,0.6071247910464983,35,0.45055838898427525,0.4683087438030181,19.303532625544015,80.21628494416795,19.294261166170134,76.49143866990002,0.6071247910464983,34
CHEMBL4203_Ki,R2,D2,149,8,5,35.57046979865772,65,0.8647699501813171,9.074112804778602,8,102.35212013897444,141,0.21301978811091837,0.8310746505596702,8.428106038402412,94.4839701072264,0.20781214086628386,0.8414908640636216,8.242308226722525,97.26561604435602,0.18447300965043667,0.6403906126344507,27,0.21301978811091837,0.18798277696886356,9.074112804778602,102.35212013897444,8.242308226722525,96.44530424495362,0.6403906126344507,31
CHEMBL4616_EC50,S0,D0,139,73,11,44.60431654676259,77,0.7440938609465821,50.86228493922182,73,26.098633732654584,66,0.2058763964272775,0.7392884045009726,49.95690994849743,26.01317101061607,0.19944432600384965,0.743439946843831,50.57697066262805,26.24874002165093,0.2017261471774855,0.2514009039236207,45,0.2058763964272775,0.1905093449651668,50.86228493922182,26.098633732654584,49.59822195350156,26.50940770486449,0.1829582725728942,39
CHEMBL4616_EC50,R0,D0,139,73,11,44.60431654676259,77,0.7440938609465821,50.86228493922182,73,26.098633732654584,66,0.2058763964272775,0.7392884045009726,49.95690994849743,26.01317101061607,0.19944432600384965,0.743439946843831,50.57697066262805,26.24874002165093,0.2017261471774855,0.2514009039236207,45,0.2058763964272775,0.1905093449651668,50.86228493922182,26.098633732654584,49.59822195350156,26.50940770486449,0.1829582725728942,39
CHEMBL4616_EC50,R2,D2,139,39,11,48.92086330935252,82,0.6427247367351616,17.40382761303442,39,40.01638950933389,100,0.03543586111652197,0.6463115811138097,17.739334876624987,40.32355884694974,0.039420858683904214,0.6442664628187732,17.659183796844527,40.03683544386437,0.04015717016472253,0.2696123055436228,43,0.03543586111652197,0.04868773200406251,17.40382761303442,40.01638950933389,18.018039432639924,39.8184764429102,0.2696123055436246,45
CHEMBL4792_Ki,S0,D0,297,160,5,35.35353535353536,56,0.7042267970282482,86.48007964129074,160,60.81272870955088,137,0.06893778863277022,0.7044786505923991,87.20602699836638,60.19215323635844,0.07542521890091591,0.7024364770010492,87.77925378982741,58.76559646400132,0.08574943446493866,0.7487903938755451,65,0.06893778863277022,0.06588988315630939,86.48007964129074,60.81272870955088,84.18184311223217,59.58009284716315,0.7487903938755451,68
CHEMBL4792_Ki,R0,D0,297,160,5,35.35353535353536,56,0.7042267970282482,86.48007964129074,160,60.81272870955088,137,0.06893778863277022,0.7044786505923991,87.20602699836638,60.19215323635844,0.07542521890091591,0.7024364770010492,87.77925378982741,58.76559646400132,0.08574943446493866,0.7487903938755451,65,0.06893778863277022,0.06588988315630939,86.48007964129074,60.81272870955088,84.18184311223217,59.58009284716315,0.7487903938755451,68
CHEMBL4792_Ki,R2,D2,297,92,5,42.76094276094276,62,0.7172615669387198,58.82966674112461,92,93.96618741486948,205,0.12262649347271881,0.7332536071794042,63.44071338152297,96.24455979363464,0.14521507102645015,0.7251292226003587,61.50012950995966,94.66615016233354,0.13805760772720654,0.7029647347810286,73,0.12262649347271881,0.14771702285223776,58.82966674112461,93.96618741486948,62.87226014817083,94.50214040940352,0.7029647347810286,80
