dataset,n,n_test_shipped,agree_default_arpack,agree_lobpcg,agree_kmeans_n_init1,agree_discretize
CHEMBL1862_Ki,794,161,100.0,97.73299748110831,98.48866498740554,79.09319899244332
CHEMBL1871_Ki,659,134,100.0,100.0,100.0,77.54172989377845
CHEMBL2034_Ki,750,152,92.4,100.0,89.86666666666666,77.60000000000001
CHEMBL2047_EC50,631,128,97.62282091917591,97.62282091917591,97.62282091917591,75.91125198098257
CHEMBL204_Ki,2754,553,88.27160493827161,89.76034858387798,72.0406681190995,69.86201888162672
CHEMBL2147_Ki,1456,294,100.0,100.0,100.0,78.43406593406593
CHEMBL214_Ki,3317,666,100.0,100.0,100.0,68.52577630388905
CHEMBL218_EC50,1031,208,100.0,100.0,80.60135790494665,70.51406401551891
CHEMBL219_Ki,1865,374,90.67024128686327,83.05630026809652,70.18766756032171,70.13404825737265
CHEMBL228_Ki,1704,342,91.66666666666666,91.66666666666666,76.58450704225352,69.8943661971831
CHEMBL231_Ki,973,197,100.0,100.0,100.0,69.98972250770812
CHEMBL233_Ki,3142,630,87.9057924888606,97.58115849777212,83.80012730744748,68.14131126670911
CHEMBL234_Ki,3657,733,100.0,100.0,91.57779600765656,70.93245829915232
CHEMBL235_EC50,2349,472,100.0,100.0,68.66751809280545,69.77437207322265
CHEMBL236_Ki,2598,521,100.0,100.0,100.0,72.86374133949192
CHEMBL237_EC50,955,193,100.0,100.0,100.0,85.75916230366492
CHEMBL237_Ki,2603,522,100.0,100.0,100.0,72.4164425662697
CHEMBL238_Ki,1052,213,100.0,100.0,80.6083650190114,70.43726235741445
CHEMBL239_EC50,1721,347,90.06391632771644,97.73387565368972,72.74840209180708,77.8617083091226
CHEMBL244_Ki,3097,621,100.0,88.05295447206974,84.04907975460122,69.87407168227317
CHEMBL262_Ki,856,173,100.0,94.85981308411215,74.29906542056075,68.92523364485982
CHEMBL264_Ki,2862,574,84.76589797344515,74.35359888190078,88.4346610761705,69.3570929419986
CHEMBL2835_Ki,615,126,100.0,100.0,100.0,76.42276422764228
CHEMBL287_Ki,1328,267,97.96686746987952,81.62650602409639,97.96686746987952,68.82530120481928
CHEMBL2971_Ki,976,197,77.8688524590164,100.0,82.78688524590164,68.34016393442623
CHEMBL3979_EC50,1125,226,100.0,100.0,88.35555555555555,67.28888888888889
CHEMBL4005_Ki,960,193,100.0,100.0,100.0,71.04166666666667
CHEMBL4203_Ki,731,149,80.30095759233926,79.89056087551299,66.89466484268127,67.16826265389876
CHEMBL4616_EC50,682,139,100.0,100.0,86.36363636363636,79.32551319648094
CHEMBL4792_Ki,1471,297,100.0,100.0,100.0,76.07070020394289
