dataset,n,n_cliff_shipped,n_cliff_D0,n_cliff_D1,n_cliff_D2,n_cliff_D3,label_agree_shipped_vs_D0,split_agree_reconD0_vs_shipped,split_change_D2_vs_reconD0,split_change_D2_vs_shipped,n_cliffpairs_D0,n_pairs_str_only,n_pairs_scaf_only,n_pairs_ecfp_only,n_pairs_ecfp_admitted,n_pairs_scaf_admitted,n_pairs_str_admitted,secs
CHEMBL1862_Ki,794,330,330,4,186,479,100.0,100.0,31.738035264483628,31.738035264483628,731,449,198,0,4,280,533,5.6
CHEMBL1871_Ki,659,162,162,13,61,235,100.0,100.0,29.74203338391502,29.74203338391502,134,89,13,0,11,44,121,5.1
CHEMBL2034_Ki,750,251,251,0,124,375,100.0,92.4,27.46666666666667,27.066666666666666,323,217,43,0,0,106,280,7.1
CHEMBL2047_EC50,631,245,245,6,109,372,100.0,97.62282091917591,32.64659270998415,32.48811410459588,356,249,63,0,3,107,290,7.5
CHEMBL204_Ki,2754,1094,1094,74,537,1717,100.0,88.27160493827161,31.154684095860567,31.263616557734203,1389,842,240,8,47,534,1139,42.1
CHEMBL2147_Ki,1456,572,572,6,411,853,100.0,100.0,31.318681318681318,31.318681318681318,1502,478,908,0,3,1024,594,11.1
CHEMBL214_Ki,3317,1222,1222,148,665,2153,100.0,100.0,31.775700934579437,31.775700934579437,1498,839,301,1,93,651,1185,42.1
CHEMBL218_EC50,1031,369,369,23,192,518,100.0,100.0,30.26188166828322,30.26188166828322,416,252,68,0,14,163,348,10.7
CHEMBL219_Ki,1865,740,741,69,483,1226,99.94638069705094,90.24128686327077,30.455764075067027,31.099195710455763,1047,340,444,1,52,703,588,15.1
CHEMBL228_Ki,1704,638,641,43,367,973,99.82394366197182,90.72769953051643,31.8075117370892,31.8075117370892,735,368,184,2,29,361,546,13.8
CHEMBL231_Ki,973,237,237,5,99,515,100.0,100.0,27.74922918807811,27.74922918807811,211,129,57,0,3,82,154,9.0
CHEMBL233_Ki,3142,1294,1294,96,548,1869,100.0,87.9057924888606,31.763208147676643,32.017823042648,2151,1538,226,2,64,611,1910,45.6
CHEMBL234_Ki,3657,1604,1605,105,1013,2542,99.97265518184304,93.60131255127153,31.33716160787531,31.6106097894449,2586,1069,1057,0,64,1513,1514,47.2
CHEMBL235_EC50,2349,885,885,42,376,1430,100.0,100.0,31.417624521072796,31.417624521072796,1136,762,185,3,22,367,943,35.8
CHEMBL236_Ki,2598,1017,1017,92,417,1297,100.0,100.0,31.485758275596616,31.485758275596616,1537,1117,126,1,74,415,1389,33.2
CHEMBL237_EC50,955,456,456,31,180,561,100.0,100.0,31.83246073298429,31.83246073298429,1002,836,51,2,16,164,944,12.4
CHEMBL237_Ki,2603,1110,1110,95,447,1558,100.0,100.0,32.11678832116788,32.11678832116788,1866,1461,120,4,55,398,1729,35.1
CHEMBL238_Ki,1052,266,266,4,135,472,100.0,100.0,29.277566539923956,29.277566539923956,231,124,48,0,2,107,183,7.8
CHEMBL239_EC50,1721,699,699,52,287,1148,100.0,90.06391632771644,31.609529343404997,32.01626961069145,831,609,100,7,28,209,719,23.1
CHEMBL244_Ki,3097,1478,1478,66,650,2174,100.0,100.0,31.514368743945752,31.514368743945752,2498,1606,468,2,37,884,2019,48.7
CHEMBL262_Ki,856,160,160,2,68,351,100.0,100.0,32.242990654205606,32.242990654205606,124,79,25,0,1,45,99,5.9
CHEMBL264_Ki,2862,1191,1191,111,863,1898,100.0,84.76589797344515,31.3067784765898,31.72606568832984,1744,558,787,1,68,1183,946,32.0
CHEMBL2835_Ki,615,60,60,4,31,366,100.0,100.0,18.211382113821138,18.211382113821138,41,20,12,0,2,20,29,10.3
CHEMBL287_Ki,1328,507,507,51,313,786,100.0,97.96686746987952,32.98192771084337,33.05722891566265,592,270,162,1,36,318,418,10.8
CHEMBL2971_Ki,976,162,162,5,94,561,100.0,77.8688524590164,30.532786885245898,30.942622950819672,173,105,22,0,3,67,151,11.5
CHEMBL3979_EC50,1125,468,468,23,224,696,100.0,100.0,30.933333333333334,30.933333333333334,692,419,137,5,17,267,545,14.8
CHEMBL4005_Ki,960,401,401,2,202,681,100.0,100.0,31.666666666666664,31.666666666666664,439,235,101,0,1,204,338,8.7
CHEMBL4203_Ki,731,64,64,0,38,151,100.0,80.30095759233926,23.25581395348837,26.812585499316004,40,18,11,0,0,22,29,4.4
CHEMBL4616_EC50,682,355,355,25,190,420,100.0,100.0,30.498533724340177,30.498533724340177,1028,784,78,0,14,243,948,8.3
CHEMBL4792_Ki,1471,794,794,6,452,1194,100.0,100.0,29.91162474507138,29.91162474507138,1516,741,502,0,3,775,1013,12.8
