dataset,arm,n,quarantined,quarantined_pct,q_write_failed,q_can_mismatch,q_key_mismatch,strings_changed_pct,flip_pct,n_cliff_base,n_cliff_new,gain,loss,jaccard,mean_len_shipped,mean_len_arm,median_len_shipped,median_len_arm,ctrl_ecfp_pair_diffs,ctrl_anongraph_pair_diffs,secs
CHEMBL1862_Ki,inchi_rt,794,554,69.77329974811083,0,554,0,0.12594458438287154,0.0,330,330,0,0,1.0,45.550377833753146,45.550377833753146,44.0,44.0,0,0,2.9
CHEMBL1862_Ki,indigo,794,1,0.12594458438287154,1,0,0,99.49622166246851,6.801007556675064,330,324,24,30,0.847457627118644,45.550377833753146,49.8992443324937,44.0,48.0,0,0,4.7
CHEMBL1862_Ki,openbabel,794,0,0.0,0,0,0,100.0,8.564231738035264,330,330,34,34,0.8131868131868132,45.550377833753146,46.104534005037785,44.0,44.0,0,0,6.4
CHEMBL1871_Ki,inchi_rt,659,231,35.053110773899846,0,231,0,6.828528072837633,0.30349013657056145,162,160,0,2,0.9876543209876543,71.33232169954476,71.28983308042488,51.0,51.0,0,0,2.7
CHEMBL1871_Ki,indigo,659,0,0.0,0,0,0,99.2412746585736,9.104704097116842,162,156,27,33,0.6825396825396826,71.33232169954476,71.70561456752655,51.0,52.0,0,0,4.7
CHEMBL1871_Ki,openbabel,659,0,0.0,0,0,0,100.0,11.532625189681335,162,166,40,36,0.6237623762376238,71.33232169954476,71.05311077389985,51.0,51.0,0,0,6.3
CHEMBL2034_Ki,inchi_rt,750,225,30.0,0,225,0,5.866666666666666,1.2,251,244,1,8,0.9642857142857143,63.297333333333334,63.32533333333333,60.0,60.0,0,0,3.0
CHEMBL2034_Ki,indigo,750,0,0.0,0,0,0,99.06666666666666,10.933333333333334,251,225,28,54,0.7060931899641577,63.297333333333334,65.744,60.0,64.0,0,0,5.1
CHEMBL2034_Ki,openbabel,750,0,0.0,0,0,0,100.0,12.0,251,257,48,42,0.6989966555183946,63.297333333333334,63.074666666666666,60.0,60.0,0,0,7.0
CHEMBL2047_EC50,inchi_rt,631,155,24.564183835182252,0,155,0,7.9239302694136295,0.7923930269413629,245,240,0,5,0.9795918367346939,67.54199683042789,67.63866877971473,64.0,64.0,0,0,2.6
CHEMBL2047_EC50,indigo,631,1,0.15847860538827258,0,1,0,98.8906497622821,10.618066561014263,245,216,19,48,0.7462121212121212,67.54199683042789,68.89857369255151,64.0,66.0,0,0,4.4
CHEMBL2047_EC50,openbabel,631,0,0.0,0,0,0,100.0,8.55784469096672,245,237,23,31,0.7985074626865671,67.54199683042789,67.53724247226624,64.0,63.0,0,0,6.0
CHEMBL204_Ki,inchi_rt,2754,1802,65.4320987654321,0,1802,0,0.18155410312273057,0.0,1094,1094,0,0,1.0,65.18445896877269,65.18264342774147,62.0,62.0,0,0,15.4
CHEMBL204_Ki,indigo,2754,2,0.07262164124909223,0,2,0,96.11474219317357,9.077705156136528,1094,1022,89,161,0.7886728655959425,65.18445896877269,67.38235294117646,62.0,65.0,0,0,26.3
CHEMBL204_Ki,openbabel,2754,0,0.0,0,0,0,99.63689179375454,10.784313725490197,1094,1061,132,165,0.7577487765089723,65.18445896877269,65.57407407407408,62.0,62.0,0,0,35.8
CHEMBL2147_Ki,inchi_rt,1456,779,53.502747252747255,0,779,0,0.13736263736263737,0.0,572,572,0,0,1.0,49.128434065934066,49.128434065934066,49.0,49.0,0,0,5.6
CHEMBL2147_Ki,indigo,1456,2,0.13736263736263737,2,0,0,99.24450549450549,6.318681318681318,572,582,51,41,0.8523274478330658,49.128434065934066,55.82074175824176,49.0,57.0,0,0,9.4
CHEMBL2147_Ki,openbabel,1456,0,0.0,0,0,0,99.93131868131869,7.623626373626374,572,561,50,61,0.8215434083601286,49.128434065934066,48.35782967032967,49.0,48.0,0,0,12.7
CHEMBL214_Ki,inchi_rt,3317,916,27.6153150437142,0,916,0,1.1456135061802835,0.0,1222,1222,0,0,1.0,48.32047030449201,48.32167621344588,48.0,48.0,0,0,15.8
CHEMBL214_Ki,indigo,3317,0,0.0,0,0,0,94.00060295447693,8.32077178173048,1222,1134,94,182,0.790273556231003,48.32047030449201,49.645764244799516,48.0,49.0,0,0,27.5
CHEMBL214_Ki,openbabel,3317,0,0.0,0,0,0,98.82423876997287,9.737714802532409,1222,1273,187,136,0.7707594038325053,48.32047030449201,48.706361169731686,48.0,49.0,0,0,38.2
CHEMBL218_EC50,inchi_rt,1031,629,61.008729388942776,0,629,0,1.454898157129001,0.0,369,369,0,0,1.0,57.868089233753636,57.86905916585839,55.0,55.0,0,0,4.3
CHEMBL218_EC50,indigo,1031,2,0.19398642095053345,0,2,0,98.15712900096993,6.401551891367604,369,341,19,47,0.8298969072164949,57.868089233753636,60.889427740058196,55.0,58.0,0,0,7.0
CHEMBL218_EC50,openbabel,1031,0,0.0,0,0,0,99.51503394762366,9.21435499515034,369,348,37,58,0.7660098522167488,57.868089233753636,57.68574199806014,55.0,54.0,0,0,9.5
CHEMBL219_Ki,inchi_rt,1865,537,28.79356568364611,0,537,0,0.3753351206434316,0.0,741,741,0,0,1.0,44.61394101876676,44.61554959785523,43.0,43.0,0,0,6.7
CHEMBL219_Ki,indigo,1865,0,0.0,0,0,0,91.84986595174263,7.453083109919572,741,730,64,75,0.8273291925465839,44.61394101876676,46.212332439678285,43.0,45.0,0,0,11.2
CHEMBL219_Ki,openbabel,1865,0,0.0,0,0,0,99.51742627345844,7.935656836461126,741,803,105,43,0.8250591016548463,44.61394101876676,44.98016085790885,43.0,43.0,0,0,15.7
CHEMBL228_Ki,inchi_rt,1704,234,13.732394366197184,0,234,0,1.4671361502347418,0.05868544600938967,641,642,1,0,0.9984423676012462,45.18779342723005,45.19600938967136,44.0,44.0,0,0,6.0
CHEMBL228_Ki,indigo,1704,0,0.0,0,0,0,90.96244131455398,8.274647887323944,641,584,42,99,0.7935578330893118,45.18779342723005,45.72593896713615,44.0,44.0,0,0,10.1
CHEMBL228_Ki,openbabel,1704,0,0.0,0,0,0,97.65258215962442,8.626760563380282,641,656,81,66,0.796398891966759,45.18779342723005,45.46420187793427,44.0,44.0,0,0,13.8
CHEMBL231_Ki,inchi_rt,973,191,19.630010277492293,0,191,0,0.513874614594039,0.0,237,237,0,0,1.0,48.339157245632066,48.34121274409044,47.0,47.0,0,0,3.4
CHEMBL231_Ki,indigo,973,0,0.0,0,0,0,96.19732785200411,7.399794450154163,237,211,23,49,0.7230769230769231,48.339157245632066,50.17163412127441,47.0,49.0,0,0,5.7
CHEMBL231_Ki,openbabel,973,0,0.0,0,0,0,98.86947584789311,6.783144912641316,237,247,38,28,0.76,48.339157245632066,48.793422404933196,47.0,47.0,0,0,7.8
CHEMBL233_Ki,inchi_rt,3142,1119,35.6142584341184,0,1119,0,9.484404837683005,0.7001909611712286,1294,1280,4,18,0.9830508474576272,69.78771483131763,69.83163590070019,62.0,62.0,0,0,18.1
CHEMBL233_Ki,indigo,3142,6,0.19096117122851686,0,6,0,94.46212603437301,10.884786760025461,1294,1170,109,233,0.7562366357804704,69.78771483131763,70.22819859961808,62.0,62.0,0,0,32.8
CHEMBL233_Ki,openbabel,3142,2,0.06365372374283895,0,2,0,99.45894334818587,10.184595798854232,1294,1288,157,163,0.7794624396967609,69.78771483131763,70.15340547422024,62.0,63.0,0,0,45.6
CHEMBL234_Ki,inchi_rt,3657,1258,34.39978124145475,0,1258,0,1.0391030899644518,0.0,1605,1605,0,0,1.0,49.93218485097074,49.93683347005742,50.0,50.0,0,0,17.9
CHEMBL234_Ki,indigo,3657,0,0.0,0,0,0,95.78889800382828,8.887065901011757,1605,1490,105,220,0.8099415204678363,49.93218485097074,52.337981952420016,50.0,52.0,0,0,31.8
CHEMBL234_Ki,openbabel,3657,4,0.10937927262783702,0,4,0,99.45310363686082,9.789444900191414,1605,1639,196,162,0.8012215435868961,49.93218485097074,50.4667760459393,50.0,50.0,0,0,44.0
CHEMBL235_EC50,inchi_rt,2349,601,25.585355470412942,0,601,0,0.17028522775649213,0.0,885,885,0,0,1.0,56.30736483610047,56.30523627075351,55.0,55.0,0,0,11.1
CHEMBL235_EC50,indigo,2349,2,0.08514261387824607,0,2,0,99.48914431673052,9.365687526607067,885,801,68,152,0.7691500524658972,56.30736483610047,58.523201362281824,55.0,57.0,0,0,18.6
CHEMBL235_EC50,openbabel,2349,0,0.0,0,0,0,99.87228607918263,9.025117071094083,885,903,115,97,0.788,56.30736483610047,56.263942103022565,55.0,55.0,0,0,25.6
CHEMBL236_Ki,inchi_rt,2598,974,37.490377213240954,1,973,0,7.582755966127791,0.4234026173979984,1017,1014,4,7,0.9892262487757101,76.536181678214,76.57043879907621,65.0,65.0,0,0,15.1
CHEMBL236_Ki,indigo,2598,5,0.1924557351809084,0,5,0,95.84295612009238,11.316397228637413,1017,959,118,176,0.7409691629955947,76.536181678214,76.87990762124711,65.0,65.0,0,0,28.3
CHEMBL236_Ki,openbabel,2598,2,0.07698229407236336,0,2,0,99.65357967667437,10.816012317167052,1017,998,131,150,0.7552264808362369,76.536181678214,76.83448806774442,65.0,65.0,0,0,39.4
CHEMBL237_EC50,inchi_rt,955,264,27.643979057591622,0,264,0,6.492146596858639,0.6282722513089005,456,454,2,4,0.9868995633187773,76.17068062827225,76.22408376963351,73.0,73.0,0,0,5.1
CHEMBL237_EC50,indigo,955,0,0.0,0,0,0,95.28795811518324,13.507853403141363,456,419,46,83,0.7430278884462151,76.17068062827225,76.40628272251308,73.0,73.0,0,0,9.2
CHEMBL237_EC50,openbabel,955,0,0.0,0,0,0,100.0,10.261780104712042,456,466,54,44,0.807843137254902,76.17068062827225,76.78115183246074,73.0,74.0,0,0,12.5
CHEMBL237_Ki,inchi_rt,2603,814,31.27160968113715,0,814,0,8.451786400307338,0.6915097963887822,1110,1102,5,13,0.9838565022421525,71.32577794852094,71.36227429888591,64.0,64.0,0,0,15.1
CHEMBL237_Ki,indigo,2603,6,0.2305032654629274,0,6,0,94.6215904725317,11.678832116788321,1110,1020,107,197,0.7502054231717338,71.32577794852094,71.70265078755283,64.0,64.0,0,0,27.4
CHEMBL237_Ki,openbabel,2603,2,0.0768344218209758,0,2,0,99.61582789089512,10.372646945831733,1110,1090,125,145,0.7813765182186235,71.32577794852094,71.8340376488667,64.0,65.0,0,0,37.9
CHEMBL238_Ki,inchi_rt,1052,104,9.885931558935361,0,104,0,1.806083650190114,0.09505703422053231,266,265,0,1,0.9962406015037594,43.61216730038023,43.62357414448669,40.0,40.0,0,0,3.8
CHEMBL238_Ki,indigo,1052,0,0.0,0,0,0,89.35361216730038,6.55893536121673,266,243,23,46,0.7612456747404844,43.61216730038023,44.24429657794677,40.0,41.0,0,0,6.2
CHEMBL238_Ki,openbabel,1052,0,0.0,0,0,0,97.0532319391635,9.03041825095057,266,295,62,33,0.7103658536585366,43.61216730038023,43.883079847908746,40.0,41.0,0,0,8.3
CHEMBL239_EC50,inchi_rt,1721,277,16.09529343404997,0,277,0,0.05810575246949448,0.0,699,699,0,0,1.0,54.264962231260895,54.2643811737362,54.0,54.0,0,0,7.3
CHEMBL239_EC50,indigo,1721,0,0.0,0,0,0,99.76757699012202,11.446833236490413,699,632,65,132,0.7421465968586387,54.264962231260895,56.18826263800116,54.0,56.0,0,0,12.0
CHEMBL239_EC50,openbabel,1721,0,0.0,0,0,0,99.65136548518304,10.400929692039512,699,710,95,84,0.77455919395466,54.264962231260895,53.93550261475886,54.0,54.0,0,0,16.5
CHEMBL244_Ki,inchi_rt,3097,1626,52.50242169841783,0,1626,0,1.6790442363577656,0.0,1478,1478,0,0,1.0,64.85469809493058,64.83564740071037,63.0,63.0,0,0,17.5
CHEMBL244_Ki,indigo,3097,1,0.03228931223764934,0,1,0,98.74071682273167,10.946076848563125,1478,1361,111,228,0.7866582756450597,64.85469809493058,67.36293186955118,63.0,66.0,0,0,30.3
CHEMBL244_Ki,openbabel,3097,0,0.0,0,0,0,100.0,13.529221827575071,1478,1425,183,236,0.7477423239012643,64.85469809493058,64.91378753632547,63.0,63.0,0,0,41.6
CHEMBL262_Ki,inchi_rt,856,537,62.73364485981308,0,537,0,0.0,0.0,160,160,0,0,1.0,43.776869158878505,43.776869158878505,43.0,43.0,0,0,3.1
CHEMBL262_Ki,indigo,856,3,0.35046728971962615,3,0,0,99.06542056074767,5.724299065420561,160,163,26,23,0.7365591397849462,43.776869158878505,48.63084112149533,43.0,48.0,0,0,4.9
CHEMBL262_Ki,openbabel,856,0,0.0,0,0,0,99.88317757009345,8.761682242990654,160,179,47,28,0.6376811594202898,43.776869158878505,43.55373831775701,43.0,43.0,0,0,6.5
CHEMBL264_Ki,inchi_rt,2862,638,22.292103424178897,0,638,0,0.6638714185883997,0.0,1191,1191,0,0,1.0,44.32005590496156,44.32389937106918,44.0,44.0,0,0,10.9
CHEMBL264_Ki,indigo,2862,0,0.0,0,0,0,98.32285115303984,7.337526205450734,1191,1137,78,132,0.83451536643026,44.32005590496156,46.21558350803634,44.0,45.0,0,0,18.9
CHEMBL264_Ki,openbabel,2862,0,0.0,0,0,0,99.19636617749825,6.883298392732355,1191,1208,107,90,0.8482280431432974,44.32005590496156,44.484276729559745,44.0,44.0,0,0,26.3
CHEMBL2835_Ki,inchi_rt,615,610,99.1869918699187,0,610,0,0.0,0.0,60,60,0,0,1.0,64.5089430894309,64.5089430894309,69.0,69.0,0,0,2.9
CHEMBL2835_Ki,indigo,615,0,0.0,0,0,0,100.0,6.016260162601626,60,75,26,11,0.5697674418604651,64.5089430894309,73.63089430894308,69.0,79.0,0,0,4.7
CHEMBL2835_Ki,openbabel,615,0,0.0,0,0,0,100.0,6.341463414634147,60,73,26,13,0.5465116279069767,64.5089430894309,63.84227642276423,69.0,68.0,0,0,6.5
CHEMBL287_Ki,inchi_rt,1328,193,14.533132530120483,0,193,0,1.430722891566265,0.15060240963855423,507,509,2,0,0.9960707269155207,39.81325301204819,39.81701807228916,38.0,38.0,0,0,4.3
CHEMBL287_Ki,indigo,1328,0,0.0,0,0,0,83.13253012048193,7.379518072289157,507,475,33,65,0.8185185185185185,39.81325301204819,41.288403614457835,38.0,40.0,0,0,7.2
CHEMBL287_Ki,openbabel,1328,0,0.0,0,0,0,96.3855421686747,7.530120481927711,507,515,54,46,0.82174688057041,39.81325301204819,39.9789156626506,38.0,38.0,0,0,9.8
CHEMBL2971_Ki,inchi_rt,976,842,86.27049180327869,0,842,0,0.0,0.0,162,162,0,0,1.0,57.10450819672131,57.10450819672131,55.5,55.5,0,0,4.1
CHEMBL2971_Ki,indigo,976,0,0.0,0,0,0,100.0,6.454918032786885,162,181,41,22,0.6896551724137931,57.10450819672131,64.56659836065573,55.5,62.0,0,0,6.8
CHEMBL2971_Ki,openbabel,976,0,0.0,0,0,0,99.89754098360656,7.377049180327869,162,188,49,23,0.6587677725118484,57.10450819672131,56.54610655737705,55.5,55.0,0,0,9.3
CHEMBL3979_EC50,inchi_rt,1125,181,16.08888888888889,0,181,0,0.35555555555555557,0.0,468,468,0,0,1.0,56.648,56.64266666666666,56.0,56.0,0,0,4.8
CHEMBL3979_EC50,indigo,1125,0,0.0,0,0,0,99.64444444444445,10.133333333333333,468,440,43,71,0.776908023483366,56.648,58.574222222222225,56.0,59.0,0,0,7.7
CHEMBL3979_EC50,openbabel,1125,0,0.0,0,0,0,99.2,9.955555555555556,468,482,63,49,0.7890772128060264,56.648,56.17333333333333,56.0,56.0,0,0,10.5
CHEMBL4005_Ki,inchi_rt,960,556,57.916666666666664,0,556,0,0.10416666666666667,0.0,401,401,0,0,1.0,54.778125,54.780208333333334,55.0,55.0,0,0,3.8
CHEMBL4005_Ki,indigo,960,0,0.0,0,0,0,100.0,16.25,401,335,45,111,0.6502242152466368,54.778125,62.936458333333334,55.0,63.0,0,0,6.4
CHEMBL4005_Ki,openbabel,960,0,0.0,0,0,0,100.0,11.458333333333332,401,391,50,60,0.7560975609756098,54.778125,54.532291666666666,55.0,55.0,0,0,8.7
CHEMBL4203_Ki,inchi_rt,731,495,67.71545827633379,0,495,0,0.0,0.0,64,64,0,0,1.0,41.82900136798906,41.82900136798906,42.0,42.0,0,0,2.4
CHEMBL4203_Ki,indigo,731,4,0.5471956224350205,4,0,0,97.94801641586868,3.009575923392613,64,64,11,11,0.7066666666666667,41.82900136798906,45.96032831737346,42.0,46.0,0,0,3.8
CHEMBL4203_Ki,openbabel,731,0,0.0,0,0,0,99.58960328317373,2.7359781121751023,64,72,14,6,0.7435897435897436,41.82900136798906,41.667578659370726,42.0,42.0,0,0,5.2
CHEMBL4616_EC50,inchi_rt,682,409,59.97067448680352,0,409,0,28.885630498533725,0.43988269794721413,355,358,3,0,0.9916201117318436,75.26979472140762,75.76539589442815,65.0,66.0,0,0,3.3
CHEMBL4616_EC50,indigo,682,23,3.372434017595308,0,23,0,90.4692082111437,10.263929618768328,355,353,34,36,0.8200514138817481,75.26979472140762,77.74046920821114,65.0,67.0,0,0,5.7
CHEMBL4616_EC50,openbabel,682,0,0.0,0,0,0,100.0,13.049853372434017,355,398,66,23,0.7885985748218527,75.26979472140762,75.44868035190616,65.0,65.0,0,0,7.7
CHEMBL4792_Ki,inchi_rt,1471,276,18.76274643099932,0,276,0,0.0,0.0,794,794,0,0,1.0,54.526852481305234,54.526852481305234,54.0,54.0,0,0,6.0
CHEMBL4792_Ki,indigo,1471,0,0.0,0,0,0,99.38817131203263,15.295717199184228,794,763,97,128,0.7474747474747475,54.526852481305234,60.942216179469746,54.0,61.0,0,0,10.4
CHEMBL4792_Ki,openbabel,1471,0,0.0,0,0,0,100.0,13.936097892590075,794,809,110,95,0.7732300884955752,54.526852481305234,54.898028552005435,54.0,55.0,0,0,14.2
