dataset,n,n_ecfp_admitted,maccs_med_ecfp_admitted,maccs_below05_pct_ecfp_admitted,mcs_n_ecfp_admitted,mcs_med_ecfp_admitted,n_scaf_only,maccs_med_scaf_only,maccs_below05_pct_scaf_only,mcs_n_scaf_only,mcs_med_scaf_only,n_str_only,maccs_med_str_only,maccs_below05_pct_str_only,mcs_n_str_only,mcs_med_str_only,secs
CHEMBL1862_Ki,794,4,0.914634108543396,0.0,4,1.0,198,0.7527778148651123,1.0101010101010102,120,0.875,449,0.7857142686843872,0.0,120,0.8864285945892334,19.4
CHEMBL1871_Ki,659,11,1.0,0.0,11,0.9668508172035216,13,0.8125,0.0,13,0.9200000166893004,89,0.8444444537162781,0.0,89,0.9473684430122375,15.8
CHEMBL2034_Ki,750,0,,,0,,43,0.875,0.0,43,0.92592591047287,217,0.8478260636329651,0.0,120,0.959999978542328,23.1
CHEMBL2047_EC50,631,3,0.9444444179534912,0.0,3,0.9629629850387572,63,0.8500000238418579,1.5873015873015872,63,0.91304349899292,249,0.8333333134651184,0.0,120,0.8857142925262451,58.3
CHEMBL204_Ki,2754,47,0.9857142567634584,0.0,47,0.9512194991111756,240,0.8928571343421936,0.0,120,0.8490028381347656,842,0.9154929518699646,0.0,120,0.9340579509735109,70.0
CHEMBL2147_Ki,1456,3,0.982758641242981,0.0,3,1.0,908,0.7962962985038757,9.140969162995596,120,0.5962963104248047,478,0.849056601524353,0.0,120,0.9354838728904724,59.7
CHEMBL214_Ki,3317,93,1.0,0.0,93,0.625,301,0.8571428656578064,0.9966777408637874,120,0.8047618865966797,839,0.921052634716034,0.0,120,0.8848683834075928,57.2
CHEMBL218_EC50,1031,14,0.9910714626312256,0.0,14,0.970563530921936,68,0.771780252456665,2.941176470588235,68,0.84375,252,0.8914663791656494,0.0,120,0.9045454263687134,44.6
CHEMBL219_Ki,1865,52,1.0,0.0,52,0.9324324131011964,444,0.7731560468673706,0.9009009009009008,120,0.6363636255264282,340,0.8981320858001709,0.0,120,0.9198718070983888,13.8
CHEMBL228_Ki,1704,29,1.0,0.0,29,0.6428571343421936,184,0.7939536571502686,4.891304347826087,120,0.8360214829444885,368,0.8867924809455872,0.0,120,0.9642857313156128,39.0
CHEMBL231_Ki,973,3,1.0,0.0,3,0.5789473652839661,57,0.7777777910232544,0.0,57,0.8064516186714172,129,0.8999999761581421,0.0,120,0.9016128778457642,11.7
CHEMBL233_Ki,3142,64,1.0,0.0,64,0.9761363863945008,226,0.8677858114242554,0.0,120,0.9003308415412903,1538,0.8679245114326477,0.0,120,0.9154762029647828,123.3
CHEMBL234_Ki,3657,64,0.9803921580314636,0.0,64,0.6206896305084229,1057,0.7580645084381104,0.5676442762535477,120,0.6774193644523621,1069,0.8769230842590332,0.0,120,0.931034505367279,47.1
CHEMBL235_EC50,2349,22,1.0,0.0,22,1.0,185,0.8571428656578064,0.0,120,0.8421052694320679,762,0.9090909361839294,0.0,120,0.931034505367279,49.3
CHEMBL236_Ki,2598,74,0.9733333587646484,0.0,74,0.8417813777923584,126,0.901960790157318,0.0,120,0.8399999737739563,1117,0.8600000143051147,0.0,120,0.9265498518943788,152.2
CHEMBL237_EC50,955,16,0.9583152532577516,0.0,16,1.0,51,0.8793103694915771,0.0,51,0.9411764740943908,836,0.8627451062202454,0.0,120,0.9076704978942872,66.3
CHEMBL237_Ki,2603,55,0.9722222089767456,0.0,55,0.975000023841858,120,0.8665158748626709,0.0,120,0.8888031244277954,1461,0.859649121761322,0.0,120,0.8752913475036621,104.4
CHEMBL238_Ki,1052,2,0.9487179517745972,0.0,2,0.79347825050354,48,0.8260869383811951,2.083333333333333,48,0.8535714149475098,124,0.837837815284729,0.8064516129032258,120,0.9444444179534912,13.3
CHEMBL239_EC50,1721,28,0.982299506664276,0.0,28,1.0,100,0.8999999761581421,0.0,100,0.8709677457809448,609,0.9076923131942748,0.0,120,0.8982758522033691,45.5
CHEMBL244_Ki,3097,37,1.0,0.0,37,0.9629629850387573,468,0.8766278028488159,0.0,120,0.8382737636566162,1606,0.900617241859436,0.0,120,0.9333333373069763,102.5
CHEMBL262_Ki,856,1,0.9571428298950195,0.0,1,1.0,25,0.8999999761581421,4.0,25,0.8181818127632141,79,0.8679245114326477,0.0,79,0.9615384340286255,6.2
CHEMBL264_Ki,2862,68,0.976190447807312,0.0,68,0.9629120826721191,787,0.7272727489471436,13.722998729351971,120,0.6112637519836426,558,0.8814674615859985,0.5376344086021506,120,0.8198052048683167,36.6
CHEMBL2835_Ki,615,2,0.9379909038543701,0.0,2,1.0,12,0.8042553663253784,0.0,12,0.7958333492279053,20,0.8630319237709045,0.0,20,0.892380952835083,4.3
CHEMBL287_Ki,1328,36,0.9629502296447754,0.0,36,0.9642400741577148,162,0.8130296468734741,2.4691358024691357,120,0.739130437374115,270,0.8510638475418091,0.0,120,0.95652174949646,9.2
CHEMBL2971_Ki,976,3,0.9268292784690857,0.0,3,1.0,22,0.8268743753433228,0.0,22,0.8600000143051147,105,0.800000011920929,0.0,105,0.95652174949646,19.7
CHEMBL3979_EC50,1125,17,0.9841269850730896,0.0,17,0.9487179517745972,137,0.7727272510528564,0.0,120,0.8888888955116272,419,0.8947368264198303,0.0,120,0.9166666865348816,46.9
CHEMBL4005_Ki,960,1,1.0,0.0,1,0.7857142686843872,101,0.7910447716712952,0.0,101,0.8928571343421936,235,0.8730158805847168,0.0,120,0.917792797088623,99.6
CHEMBL4203_Ki,731,0,,,0,,11,0.5,45.45454545454545,11,0.625,18,0.9327683448791504,0.0,18,0.9599999785423279,1.5
CHEMBL4616_EC50,682,14,0.9852941036224365,0.0,14,0.9713349938392639,78,0.868249773979187,0.0,78,0.8333333134651184,784,0.9259259104728699,0.0,120,0.9032257795333862,68.2
CHEMBL4792_Ki,1471,3,0.97826087474823,0.0,3,0.970588207244873,502,0.8333333134651184,0.0,120,0.800000011920929,741,0.8775510191917419,0.0,120,0.931034505367279,101.5
