analysis,contrast,model,estimate,ci_lo,ci_hi,ci_status,B,dropped_draws,valid_draws,note
A_design_difference,(R2-R0) - (fixed-split relabelling),SVM,0.014911034340146956,-0.017973469928925047,0.049991657506016134,includes 0,4000,0,4000,
A_design_difference,(R2-R0) - (fixed-split relabelling),RF,0.008738209702014,-0.020378306485223496,0.040913267390660334,includes 0,4000,0,4000,
A_design_difference,(R2-R0) - (fixed-split relabelling),GBM,0.020550196354200523,-0.01894556512080959,0.06247125720269606,includes 0,4000,0,4000,
A_design_difference,(R2-R0) - (fixed-split relabelling),KNN,0.004318463538499073,-0.03161367607730399,0.036036508531989496,includes 0,4000,0,4000,
B_primary_minus_control,(R2-R0) - (R0-S0),SVM,0.0118669904762283,-0.016629778919395048,0.040136789457259736,includes 0,4000,0,4000,
B_primary_minus_control,(R2-R0) - (R0-S0),RF,0.003910477229497,-0.02935739097599035,0.03578375096318666,includes 0,4000,0,4000,
B_primary_minus_control,(R2-R0) - (R0-S0),GBM,0.012862161047486054,-0.022315971219777474,0.05108150911488283,includes 0,4000,0,4000,
B_primary_minus_control,(R2-R0) - (R0-S0),KNN,-0.0064021789981487665,-0.04531873238596108,0.028424930839941784,includes 0,4000,0,4000,
C_ecfp_minus_maccs,"gap(S0,D1,ECFP4) - gap(MACCS)",SVM,0.0172906388566062,-0.07666992701295067,0.12486928717531193,includes 0,4000,0,4000,S0/D1
D_ecfp_minus_physchem,"gap(S0,D1,ECFP4) - gap(PHYSCHEM)",SVM,0.23858693806754327,0.14255515342540495,0.33091132805403,EXCLUDES 0,4000,0,4000,S0/D1
C_ecfp_minus_maccs,"gap(S0,D1,ECFP4) - gap(MACCS)",RF,0.020360154778450212,-0.06756456982588196,0.12747898079553255,includes 0,4000,0,4000,S0/D1
D_ecfp_minus_physchem,"gap(S0,D1,ECFP4) - gap(PHYSCHEM)",RF,0.22461390854812213,0.12492018995787425,0.3371553331587284,EXCLUDES 0,4000,0,4000,S0/D1
C_ecfp_minus_maccs,"gap(S0,D1,ECFP4) - gap(MACCS)",GBM,0.07325890940466029,-0.000765553307741414,0.15460130612154097,includes 0,4000,0,4000,S0/D1
D_ecfp_minus_physchem,"gap(S0,D1,ECFP4) - gap(PHYSCHEM)",GBM,0.2060866317790907,0.12324648933227111,0.28341433071562594,EXCLUDES 0,4000,0,4000,S0/D1
C_ecfp_minus_maccs,"gap(S0,D1,ECFP4) - gap(MACCS)",KNN,0.10261485124236047,0.015478111482686454,0.20210876662247984,EXCLUDES 0,4000,0,4000,S0/D1
D_ecfp_minus_physchem,"gap(S0,D1,ECFP4) - gap(PHYSCHEM)",KNN,0.2379407276947494,0.10821869513399436,0.3683942925013894,EXCLUDES 0,4000,0,4000,S0/D1
C_ecfp_minus_maccs,"gap(S0,D0,ECFP4) - gap(MACCS)",SVM,-0.017178524163305675,-0.04140828467601869,0.006586545915375728,includes 0,4000,0,4000,S0/D0
D_ecfp_minus_physchem,"gap(S0,D0,ECFP4) - gap(PHYSCHEM)",SVM,0.08968531743864283,0.05245759937287161,0.12682267006484463,EXCLUDES 0,4000,0,4000,S0/D0
C_ecfp_minus_maccs,"gap(S0,D0,ECFP4) - gap(MACCS)",RF,-0.013364494131394289,-0.03454397271494062,0.009456922147210986,includes 0,4000,0,4000,S0/D0
D_ecfp_minus_physchem,"gap(S0,D0,ECFP4) - gap(PHYSCHEM)",RF,0.0805872691255689,0.04678183674982383,0.10737523521445365,EXCLUDES 0,4000,0,4000,S0/D0
C_ecfp_minus_maccs,"gap(S0,D0,ECFP4) - gap(MACCS)",GBM,0.0008744179639059713,-0.01917446166823256,0.021843919115262192,includes 0,4000,0,4000,S0/D0
D_ecfp_minus_physchem,"gap(S0,D0,ECFP4) - gap(PHYSCHEM)",GBM,0.07402407655405174,0.04057368895287627,0.10570076361574482,EXCLUDES 0,4000,0,4000,S0/D0
C_ecfp_minus_maccs,"gap(S0,D0,ECFP4) - gap(MACCS)",KNN,0.052364371523321296,0.022931989001186554,0.08106560520791428,EXCLUDES 0,4000,0,4000,S0/D0
D_ecfp_minus_physchem,"gap(S0,D0,ECFP4) - gap(PHYSCHEM)",KNN,0.14636817977715244,0.10756778922578174,0.179745391829983,EXCLUDES 0,4000,0,4000,S0/D0
C_ecfp_minus_maccs,"gap(S0,D2,ECFP4) - gap(MACCS)",SVM,-0.022431683970760785,-0.05433615718478641,0.011267111189175196,includes 0,4000,0,4000,S0/D2
D_ecfp_minus_physchem,"gap(S0,D2,ECFP4) - gap(PHYSCHEM)",SVM,0.1098413485986589,0.05935536599488311,0.1528021422485367,EXCLUDES 0,4000,0,4000,S0/D2
C_ecfp_minus_maccs,"gap(S0,D2,ECFP4) - gap(MACCS)",RF,-0.0016153309600503984,-0.03369745104505123,0.03114833332165521,includes 0,4000,0,4000,S0/D2
D_ecfp_minus_physchem,"gap(S0,D2,ECFP4) - gap(PHYSCHEM)",RF,0.10381018102367878,0.05974058374760206,0.14485237431753828,EXCLUDES 0,4000,0,4000,S0/D2
C_ecfp_minus_maccs,"gap(S0,D2,ECFP4) - gap(MACCS)",GBM,0.012958560614120262,-0.018967526688080556,0.04492803203465757,includes 0,4000,0,4000,S0/D2
D_ecfp_minus_physchem,"gap(S0,D2,ECFP4) - gap(PHYSCHEM)",GBM,0.09430266805022747,0.04964225100750699,0.1385047790394624,EXCLUDES 0,4000,0,4000,S0/D2
C_ecfp_minus_maccs,"gap(S0,D2,ECFP4) - gap(MACCS)",KNN,0.035176407399994725,-0.0014340716028199444,0.07321596251091468,includes 0,4000,0,4000,S0/D2
D_ecfp_minus_physchem,"gap(S0,D2,ECFP4) - gap(PHYSCHEM)",KNN,0.1481092421825344,0.10384926429930066,0.1912243607508442,EXCLUDES 0,4000,0,4000,S0/D2
C_ecfp_minus_maccs,"gap(R0,D1,ECFP4) - gap(MACCS)",SVM,-0.007783532536055238,-0.09118648396815218,0.08708892404954108,includes 0,4000,0,4000,R0/D1
D_ecfp_minus_physchem,"gap(R0,D1,ECFP4) - gap(PHYSCHEM)",SVM,0.19341104605645887,0.08583650891841739,0.29847226787001896,EXCLUDES 0,4000,0,4000,R0/D1
C_ecfp_minus_maccs,"gap(R0,D1,ECFP4) - gap(MACCS)",RF,-0.006751811213049463,-0.07867140597407257,0.08595446230137316,includes 0,4000,0,4000,R0/D1
D_ecfp_minus_physchem,"gap(R0,D1,ECFP4) - gap(PHYSCHEM)",RF,0.1781138458300563,0.08786431491603089,0.26737454509745834,EXCLUDES 0,4000,0,4000,R0/D1
C_ecfp_minus_maccs,"gap(R0,D1,ECFP4) - gap(MACCS)",GBM,0.03639133096932545,-0.02520726584246649,0.10526518593729661,includes 0,4000,0,4000,R0/D1
D_ecfp_minus_physchem,"gap(R0,D1,ECFP4) - gap(PHYSCHEM)",GBM,0.15855011415775788,0.06616789291494347,0.23622023942708506,EXCLUDES 0,4000,0,4000,R0/D1
C_ecfp_minus_maccs,"gap(R0,D1,ECFP4) - gap(MACCS)",KNN,0.07796518118571205,0.005844891268681973,0.1620660372263713,EXCLUDES 0,4000,0,4000,R0/D1
D_ecfp_minus_physchem,"gap(R0,D1,ECFP4) - gap(PHYSCHEM)",KNN,0.18555726897064773,0.07359724334931751,0.2982131695522664,EXCLUDES 0,4000,0,4000,R0/D1
C_ecfp_minus_maccs,"gap(R0,D0,ECFP4) - gap(MACCS)",SVM,-0.014867766132305116,-0.036789414734685215,0.007777148543086655,includes 0,4000,0,4000,R0/D0
D_ecfp_minus_physchem,"gap(R0,D0,ECFP4) - gap(PHYSCHEM)",SVM,0.07359019629425523,0.033241079772322664,0.11379750984709822,EXCLUDES 0,4000,0,4000,R0/D0
C_ecfp_minus_maccs,"gap(R0,D0,ECFP4) - gap(MACCS)",RF,-0.007207936291967476,-0.030732469570565166,0.016896482139200836,includes 0,4000,0,4000,R0/D0
D_ecfp_minus_physchem,"gap(R0,D0,ECFP4) - gap(PHYSCHEM)",RF,0.07712147605111497,0.043216701347135365,0.10717742831798995,EXCLUDES 0,4000,0,4000,R0/D0
C_ecfp_minus_maccs,"gap(R0,D0,ECFP4) - gap(MACCS)",GBM,-0.0014497099642769573,-0.022200797623054453,0.021421657365582075,includes 0,4000,0,4000,R0/D0
D_ecfp_minus_physchem,"gap(R0,D0,ECFP4) - gap(PHYSCHEM)",GBM,0.07052192354717124,0.030588917381939234,0.10951774489589049,EXCLUDES 0,4000,0,4000,R0/D0
C_ecfp_minus_maccs,"gap(R0,D0,ECFP4) - gap(MACCS)",KNN,0.04787691683286055,0.02178870905700221,0.07396545284264465,EXCLUDES 0,4000,0,4000,R0/D0
D_ecfp_minus_physchem,"gap(R0,D0,ECFP4) - gap(PHYSCHEM)",KNN,0.13300834673959205,0.09404987670766973,0.1701377494718944,EXCLUDES 0,4000,0,4000,R0/D0
C_ecfp_minus_maccs,"gap(R2,D1,ECFP4) - gap(MACCS)",SVM,-0.02391293287663787,-0.06714962094876432,0.01970747841090906,includes 0,4000,0,4000,R2/D1
D_ecfp_minus_physchem,"gap(R2,D1,ECFP4) - gap(PHYSCHEM)",SVM,0.17061731226443844,0.06089179549062227,0.28391699886756827,EXCLUDES 0,4000,0,4000,R2/D1
C_ecfp_minus_maccs,"gap(R2,D1,ECFP4) - gap(MACCS)",RF,-0.03908203923908271,-0.08729067896742267,0.013725430862628757,includes 0,4000,0,4000,R2/D1
D_ecfp_minus_physchem,"gap(R2,D1,ECFP4) - gap(PHYSCHEM)",RF,0.17932190624136257,0.09445629453696854,0.2570317760393489,EXCLUDES 0,4000,0,4000,R2/D1
C_ecfp_minus_maccs,"gap(R2,D1,ECFP4) - gap(MACCS)",GBM,0.009932209118023061,-0.040932292117331376,0.058151298582109406,includes 0,4000,0,4000,R2/D1
D_ecfp_minus_physchem,"gap(R2,D1,ECFP4) - gap(PHYSCHEM)",GBM,0.20437911607762738,0.11944452244539887,0.2782705134899215,EXCLUDES 0,4000,0,4000,R2/D1
C_ecfp_minus_maccs,"gap(R2,D1,ECFP4) - gap(MACCS)",KNN,0.018642454675373177,-0.04769150906977462,0.07559671503881962,includes 0,4000,0,4000,R2/D1
D_ecfp_minus_physchem,"gap(R2,D1,ECFP4) - gap(PHYSCHEM)",KNN,0.1703085759175078,0.0842643461805778,0.23741502745205964,EXCLUDES 0,4000,0,4000,R2/D1
C_ecfp_minus_maccs,"gap(R2,D2,ECFP4) - gap(MACCS)",SVM,-0.011023743944195252,-0.039420184631970806,0.014967751602545277,includes 0,4000,0,4000,R2/D2
D_ecfp_minus_physchem,"gap(R2,D2,ECFP4) - gap(PHYSCHEM)",SVM,0.10411076119033447,0.059818489001072506,0.14173562528920478,EXCLUDES 0,4000,0,4000,R2/D2
C_ecfp_minus_maccs,"gap(R2,D2,ECFP4) - gap(MACCS)",RF,0.012576046738196567,-0.00774115930322816,0.029826489054299115,includes 0,4000,0,4000,R2/D2
D_ecfp_minus_physchem,"gap(R2,D2,ECFP4) - gap(PHYSCHEM)",RF,0.08930502833119114,0.04926522153494989,0.12518651819388546,EXCLUDES 0,4000,0,4000,R2/D2
C_ecfp_minus_maccs,"gap(R2,D2,ECFP4) - gap(MACCS)",GBM,0.02145737717643037,-0.009049451148419213,0.047445038680402146,includes 0,4000,0,4000,R2/D2
D_ecfp_minus_physchem,"gap(R2,D2,ECFP4) - gap(PHYSCHEM)",GBM,0.096556479857686,0.048114557057435794,0.13926654767321656,EXCLUDES 0,4000,0,4000,R2/D2
C_ecfp_minus_maccs,"gap(R2,D2,ECFP4) - gap(MACCS)",KNN,0.018665072294730245,-0.024736016349923468,0.05338019216094974,includes 0,4000,0,4000,R2/D2
D_ecfp_minus_physchem,"gap(R2,D2,ECFP4) - gap(PHYSCHEM)",KNN,0.11682556239200592,0.07904903677341682,0.15018838517358196,EXCLUDES 0,4000,0,4000,R2/D2
C_ecfp_minus_maccs,"gap(R2,D0,ECFP4) - gap(MACCS)",SVM,-0.007603539750914878,-0.0309028809094535,0.015374385384886231,includes 0,4000,0,4000,R2/D0
D_ecfp_minus_physchem,"gap(R2,D0,ECFP4) - gap(PHYSCHEM)",SVM,0.09607689815367526,0.060240642099735425,0.13282988987649705,EXCLUDES 0,4000,0,4000,R2/D0
C_ecfp_minus_maccs,"gap(R2,D0,ECFP4) - gap(MACCS)",RF,0.00832848655442553,-0.012252389490986972,0.024507589502559962,includes 0,4000,0,4000,R2/D0
D_ecfp_minus_physchem,"gap(R2,D0,ECFP4) - gap(PHYSCHEM)",RF,0.08480337737980692,0.05573582226615718,0.11602972563864015,EXCLUDES 0,4000,0,4000,R2/D0
C_ecfp_minus_maccs,"gap(R2,D0,ECFP4) - gap(MACCS)",GBM,0.012090323448815332,-0.00809249109975473,0.03295672194168538,includes 0,4000,0,4000,R2/D0
D_ecfp_minus_physchem,"gap(R2,D0,ECFP4) - gap(PHYSCHEM)",GBM,0.07876432505360753,0.05022261237921826,0.10923080380476509,EXCLUDES 0,4000,0,4000,R2/D0
C_ecfp_minus_maccs,"gap(R2,D0,ECFP4) - gap(MACCS)",KNN,0.02475975835618449,-0.009996442051690063,0.05594838411291707,includes 0,4000,0,4000,R2/D0
D_ecfp_minus_physchem,"gap(R2,D0,ECFP4) - gap(PHYSCHEM)",KNN,0.10420449221364081,0.07621332917407868,0.13123344618267957,EXCLUDES 0,4000,0,4000,R2/D0
