dataset,rep,random_state,model,n_test,test_frac,memb_change_vs_R0,n_cliff,ss_cliff,n_c,ss_non,n_n
CHEMBL1862_Ki,0,1000,SVM,161,0.20277078085642317,29.219143576826195,67,19.14710354939703,67,53.70030702149325,94
CHEMBL1862_Ki,1,1001,SVM,161,0.20277078085642317,32.99748110831234,67,38.948898338403644,67,44.14895322191823,94
CHEMBL1862_Ki,2,1002,SVM,161,0.20277078085642317,30.478589420654913,67,40.395325718997604,67,49.75626340397079,94
CHEMBL1862_Ki,3,1003,SVM,161,0.20277078085642317,30.730478589420656,67,35.40130395071935,67,43.14430586840885,94
CHEMBL1862_Ki,4,1004,SVM,161,0.20277078085642317,29.219143576826195,67,26.310814840145344,67,46.11436288967997,94
CHEMBL1862_Ki,5,1005,SVM,161,0.20277078085642317,33.249370277078086,67,28.23332841788653,67,64.04162228741615,94
CHEMBL1862_Ki,6,1006,SVM,161,0.20277078085642317,30.982367758186395,67,30.876022174155885,67,59.883800574720965,94
CHEMBL1862_Ki,7,1007,SVM,161,0.20277078085642317,31.234256926952142,67,37.329157312079104,67,34.66317957076796,94
CHEMBL1862_Ki,8,1008,SVM,161,0.20277078085642317,32.49370277078086,67,35.82422843953906,67,56.56147448592423,94
CHEMBL1862_Ki,9,1009,SVM,161,0.20277078085642317,34.76070528967254,67,34.059192504185035,67,53.133939458619835,94
CHEMBL1862_Ki,10,1010,SVM,161,0.20277078085642317,31.48614609571788,67,36.09696465681097,67,69.35088551159896,94
CHEMBL1862_Ki,11,1011,SVM,161,0.20277078085642317,31.48614609571788,67,32.33112446264066,67,42.94319802089998,94
CHEMBL1862_Ki,12,1012,SVM,161,0.20277078085642317,30.730478589420656,67,31.548363886301352,67,39.00730084422157,94
CHEMBL1862_Ki,13,1013,SVM,161,0.20277078085642317,34.25692695214106,67,32.44176678481943,67,45.079060152558675,94
CHEMBL1862_Ki,14,1014,SVM,161,0.20277078085642317,32.241813602015114,67,23.643366853880238,67,53.48796500726274,94
CHEMBL1862_Ki,15,1015,SVM,161,0.20277078085642317,30.22670025188917,67,30.928412371078775,67,47.44061693541959,94
CHEMBL1862_Ki,16,1016,SVM,161,0.20277078085642317,30.982367758186395,67,35.021048911533626,67,50.99225440592349,94
CHEMBL1862_Ki,17,1017,SVM,161,0.20277078085642317,32.241813602015114,67,25.93151537407019,67,62.219664560288344,94
CHEMBL1862_Ki,18,1018,SVM,161,0.20277078085642317,31.98992443324937,67,31.365479226398804,67,66.27511991140774,94
CHEMBL1862_Ki,19,1019,SVM,161,0.20277078085642317,30.478589420654913,67,37.97318081309113,67,51.09417175194461,94
CHEMBL1862_Ki,20,1020,SVM,161,0.20277078085642317,32.99748110831234,67,31.61361750763817,67,45.23584218743881,94
CHEMBL1862_Ki,21,1021,SVM,161,0.20277078085642317,33.50125944584383,67,31.557494508485124,67,58.56724763009021,94
CHEMBL1862_Ki,22,1022,SVM,161,0.20277078085642317,34.76070528967254,67,26.43274641099486,67,53.123022227438554,94
CHEMBL1862_Ki,23,1023,SVM,161,0.20277078085642317,32.49370277078086,67,32.937252268006795,67,51.72620751849755,94
CHEMBL1871_Ki,0,1000,SVM,134,0.20333839150227617,31.25948406676783,32,17.324100621181664,32,43.205791814221364,102
CHEMBL1871_Ki,1,1001,SVM,134,0.20333839150227617,32.47344461305007,32,20.9699693636785,32,25.937300662455943,102
CHEMBL1871_Ki,2,1002,SVM,134,0.20333839150227617,28.528072837632777,32,11.213464845916278,32,36.487390698734885,102
CHEMBL1871_Ki,3,1003,SVM,134,0.20333839150227617,30.349013657056144,32,22.03200170261329,32,34.716612935175036,102
CHEMBL1871_Ki,4,1004,SVM,134,0.20333839150227617,29.1350531107739,32,24.725517755958414,32,30.03691265284964,102
CHEMBL1871_Ki,5,1005,SVM,134,0.20333839150227617,33.68740515933232,32,19.084676877394728,32,41.68308192102404,102
CHEMBL1871_Ki,6,1006,SVM,134,0.20333839150227617,33.0804248861912,32,13.66417747962161,32,27.242092305036895,102
CHEMBL1871_Ki,7,1007,SVM,134,0.20333839150227617,31.86646433990895,32,11.600922068200045,32,24.017272076661957,102
CHEMBL1871_Ki,8,1008,SVM,134,0.20333839150227617,35.204855842185125,32,25.701986519913003,32,35.08603055438702,102
CHEMBL1871_Ki,9,1009,SVM,134,0.20333839150227617,34.59787556904401,32,13.736033449482182,32,33.34048281403177,102
CHEMBL1871_Ki,10,1010,SVM,134,0.20333839150227617,33.38391502276176,32,24.00521364963896,32,35.443972654750894,102
CHEMBL1871_Ki,11,1011,SVM,134,0.20333839150227617,31.56297420333839,32,12.244330832628826,32,38.96450989688068,102
CHEMBL1871_Ki,12,1012,SVM,134,0.20333839150227617,31.56297420333839,32,18.3008210768839,32,37.95015323463568,102
CHEMBL1871_Ki,13,1013,SVM,134,0.20333839150227617,33.38391502276176,32,25.66180927048626,32,35.831007989094,102
CHEMBL1871_Ki,14,1014,SVM,134,0.20333839150227617,33.99089529590288,32,21.06639588403709,32,35.57790156284985,102
CHEMBL1871_Ki,15,1015,SVM,134,0.20333839150227617,29.1350531107739,32,14.545438908910546,32,40.089856368148624,102
CHEMBL1871_Ki,16,1016,SVM,134,0.20333839150227617,30.045523520485585,32,24.98156378914967,32,31.063488813795963,102
CHEMBL1871_Ki,17,1017,SVM,134,0.20333839150227617,33.68740515933232,32,23.596370248347533,32,27.988266391860428,102
CHEMBL1871_Ki,18,1018,SVM,134,0.20333839150227617,31.56297420333839,32,21.423572161305703,32,28.08317797274394,102
CHEMBL1871_Ki,19,1019,SVM,134,0.20333839150227617,31.25948406676783,32,16.06560875881517,32,35.74005539254322,102
CHEMBL1871_Ki,20,1020,SVM,134,0.20333839150227617,33.0804248861912,32,20.687745241244464,32,30.544535051039325,102
CHEMBL1871_Ki,21,1021,SVM,134,0.20333839150227617,32.77693474962064,32,14.295191131231569,32,25.313295296663032,102
CHEMBL1871_Ki,22,1022,SVM,134,0.20333839150227617,34.59787556904401,32,21.190179580626484,32,36.21545477904672,102
CHEMBL1871_Ki,23,1023,SVM,134,0.20333839150227617,29.1350531107739,32,20.442281286704592,32,30.486278115594118,102
CHEMBL2034_Ki,0,1000,SVM,151,0.20133333333333334,31.2,51,25.843275102675275,51,33.80856134551897,100
CHEMBL2034_Ki,1,1001,SVM,152,0.20266666666666666,32.13333333333333,51,31.286214697840197,51,30.954496833368523,101
CHEMBL2034_Ki,2,1002,SVM,152,0.20266666666666666,27.866666666666667,51,31.115307038379175,51,46.0403770511475,101
CHEMBL2034_Ki,3,1003,SVM,152,0.20266666666666666,31.6,51,29.025792577137008,51,18.316736948739518,101
CHEMBL2034_Ki,4,1004,SVM,151,0.20133333333333334,28.26666666666667,51,38.324854444932086,51,42.53257553632818,100
CHEMBL2034_Ki,5,1005,SVM,152,0.20266666666666666,34.8,51,35.19151115708985,51,29.859178420905213,101
CHEMBL2034_Ki,6,1006,SVM,152,0.20266666666666666,32.93333333333333,52,28.72682728477981,52,35.36800020172758,100
CHEMBL2034_Ki,7,1007,SVM,152,0.20266666666666666,31.6,52,33.87457448346615,52,49.64327886438848,100
CHEMBL2034_Ki,8,1008,SVM,152,0.20266666666666666,32.4,52,24.750703117802704,52,40.26415916274988,100
CHEMBL2034_Ki,9,1009,SVM,152,0.20266666666666666,35.333333333333336,51,33.428350779625525,51,42.16079411561116,101
CHEMBL2034_Ki,10,1010,SVM,152,0.20266666666666666,31.333333333333336,51,25.638300457354696,51,30.258301751253022,101
CHEMBL2034_Ki,11,1011,SVM,152,0.20266666666666666,31.866666666666667,52,22.983812817589094,52,53.37104461920638,100
CHEMBL2034_Ki,12,1012,SVM,152,0.20266666666666666,31.066666666666663,51,32.905508874629994,51,41.05813284559584,101
CHEMBL2034_Ki,13,1013,SVM,152,0.20266666666666666,31.866666666666667,51,26.290513970738406,51,27.76057533508167,101
CHEMBL2034_Ki,14,1014,SVM,152,0.20266666666666666,32.666666666666664,51,26.22032682092278,51,39.67354054569089,101
CHEMBL2034_Ki,15,1015,SVM,152,0.20266666666666666,29.2,51,27.526436476534084,51,35.62376237088523,101
CHEMBL2034_Ki,16,1016,SVM,152,0.20266666666666666,30.8,52,31.954605894478906,52,46.208181661449935,100
CHEMBL2034_Ki,17,1017,SVM,152,0.20266666666666666,31.6,52,21.077198464154645,52,48.652912465944496,100
CHEMBL2034_Ki,18,1018,SVM,151,0.20133333333333334,33.33333333333333,50,27.10682790127234,50,34.187669022513234,101
CHEMBL2034_Ki,19,1019,SVM,151,0.20133333333333334,29.333333333333332,50,40.85756420043089,50,25.256890761535796,101
CHEMBL2034_Ki,20,1020,SVM,151,0.20133333333333334,31.733333333333334,51,27.74388156879999,51,22.473877126458202,100
CHEMBL2034_Ki,21,1021,SVM,152,0.20266666666666666,32.4,51,33.631236229995366,51,35.86844621039869,101
CHEMBL2034_Ki,22,1022,SVM,152,0.20266666666666666,34.8,52,32.71164567726762,52,35.107513687977786,100
CHEMBL2034_Ki,23,1023,SVM,152,0.20266666666666666,32.666666666666664,51,34.857315845520965,51,28.376316195489302,101
CHEMBL2047_EC50,0,1000,SVM,129,0.20443740095087162,30.11093502377179,50,25.908299426712635,50,20.78950658462442,79
CHEMBL2047_EC50,1,1001,SVM,129,0.20443740095087162,32.64659270998415,50,28.515465561208167,50,19.418603332669512,79
CHEMBL2047_EC50,2,1002,SVM,128,0.20285261489698891,30.269413629160063,49,25.988327789020673,49,19.248272127450814,79
CHEMBL2047_EC50,3,1003,SVM,129,0.20443740095087162,29.4770206022187,50,32.85461131729499,50,26.08509848238047,79
CHEMBL2047_EC50,4,1004,SVM,128,0.20285261489698891,29.952456418383516,50,25.23763513005485,50,17.39401959793764,78
CHEMBL2047_EC50,5,1005,SVM,129,0.20443740095087162,33.28050713153724,50,29.138792141743103,50,32.50422736522206,79
CHEMBL2047_EC50,6,1006,SVM,128,0.20285261489698891,32.17115689381934,50,27.134180507140137,50,20.69128402696598,78
CHEMBL2047_EC50,7,1007,SVM,129,0.20443740095087162,31.695721077654515,50,19.424929959066702,50,25.734750773459805,79
CHEMBL2047_EC50,8,1008,SVM,128,0.20285261489698891,30.269413629160063,50,23.18630488898077,50,23.72279824251421,78
CHEMBL2047_EC50,9,1009,SVM,129,0.20443740095087162,34.23137876386688,50,32.332334418011875,50,17.07187726840141,79
CHEMBL2047_EC50,10,1010,SVM,129,0.20443740095087162,30.744849445324878,50,27.058300044845986,50,17.663165544961725,79
CHEMBL2047_EC50,11,1011,SVM,128,0.20285261489698891,32.48811410459588,50,27.779626906754334,50,13.640530600200838,78
CHEMBL2047_EC50,12,1012,SVM,129,0.20443740095087162,30.427892234548338,50,22.892405958473063,50,19.761727282859603,79
CHEMBL2047_EC50,13,1013,SVM,129,0.20443740095087162,33.914421553090335,50,25.03649556007344,50,25.816553708224387,79
CHEMBL2047_EC50,14,1014,SVM,128,0.20285261489698891,33.75594294770206,50,21.765022591703072,50,21.08374193125554,78
CHEMBL2047_EC50,15,1015,SVM,128,0.20285261489698891,30.903328050713153,50,27.21642026127414,50,14.941032432098611,78
CHEMBL2047_EC50,16,1016,SVM,129,0.20443740095087162,29.793977812995248,50,24.450412812194607,50,16.85155465042918,79
CHEMBL2047_EC50,17,1017,SVM,129,0.20443740095087162,32.01267828843106,50,22.994816074587536,50,19.965350124542837,79
CHEMBL2047_EC50,18,1018,SVM,129,0.20443740095087162,31.695721077654515,50,31.510811632640085,50,20.041267378713666,79
CHEMBL2047_EC50,19,1019,SVM,129,0.20443740095087162,29.793977812995248,50,16.21099550651061,50,17.942387749447246,79
CHEMBL2047_EC50,20,1020,SVM,129,0.20443740095087162,33.597464342313785,50,17.006710778203033,50,20.57313346868965,79
CHEMBL2047_EC50,21,1021,SVM,129,0.20443740095087162,33.28050713153724,50,27.23915171994028,50,24.97758173576751,79
CHEMBL2047_EC50,22,1022,SVM,129,0.20443740095087162,35.8161648177496,50,18.90308604517582,50,18.560473032683444,79
CHEMBL2047_EC50,23,1023,SVM,129,0.20443740095087162,30.11093502377179,50,16.4940035675294,50,17.941087622461946,79
CHEMBL204_Ki,0,1000,SVM,552,0.20043572984749455,31.154684095860567,219,144.6724655584939,219,129.57003586282843,333
CHEMBL204_Ki,1,1001,SVM,553,0.20079883805374002,32.78867102396514,220,139.63051768995675,220,133.2375783411649,333
CHEMBL204_Ki,2,1002,SVM,552,0.20043572984749455,30.93681917211329,219,137.74162318620753,219,143.432305425109,333
CHEMBL204_Ki,3,1003,SVM,553,0.20079883805374002,31.699346405228756,220,114.12947564541787,220,131.81869231763204,333
CHEMBL204_Ki,4,1004,SVM,553,0.20079883805374002,32.35294117647059,220,132.72881012218886,220,133.9186844700103,333
CHEMBL204_Ki,5,1005,SVM,553,0.20079883805374002,31.699346405228756,220,168.55187132986032,220,119.14293206478584,333
CHEMBL204_Ki,6,1006,SVM,553,0.20079883805374002,32.35294117647059,220,135.34887268405413,220,120.43722303083788,333
CHEMBL204_Ki,7,1007,SVM,552,0.20043572984749455,32.316630355846044,219,165.99659050591384,219,127.41122107357253,333
CHEMBL204_Ki,8,1008,SVM,553,0.20079883805374002,32.64342774146696,220,136.15294858151015,220,108.92013894562712,333
CHEMBL204_Ki,9,1009,SVM,553,0.20079883805374002,32.42556281771968,220,128.50436687425338,220,118.07852933775396,333
CHEMBL204_Ki,10,1010,SVM,554,0.20116194625998549,32.6797385620915,220,135.3267140038808,220,117.17214984603544,334
CHEMBL204_Ki,11,1011,SVM,553,0.20079883805374002,32.86129266521423,220,146.38202331941912,220,157.65699479213373,333
CHEMBL204_Ki,12,1012,SVM,552,0.20043572984749455,31.445170660856935,219,139.23354708521805,219,117.64241624520261,333
CHEMBL204_Ki,13,1013,SVM,552,0.20043572984749455,31.66303558460421,219,135.06264203254705,219,131.54475533625262,333
CHEMBL204_Ki,14,1014,SVM,552,0.20043572984749455,32.02614379084967,219,135.90855159645668,219,139.58791971276713,333
CHEMBL204_Ki,15,1015,SVM,553,0.20079883805374002,32.2076978939724,220,190.26350363472037,220,128.67119806725483,333
CHEMBL204_Ki,16,1016,SVM,553,0.20079883805374002,31.844589687726945,219,132.21597333818295,219,113.051143523929,334
CHEMBL204_Ki,17,1017,SVM,553,0.20079883805374002,32.2076978939724,220,136.196788119347,220,138.49513590272258,333
CHEMBL204_Ki,18,1018,SVM,553,0.20079883805374002,32.13507625272331,220,149.10274671153303,220,167.4813620560065,333
CHEMBL204_Ki,19,1019,SVM,553,0.20079883805374002,31.844589687726945,220,126.67713261847827,220,138.8022203759066,333
CHEMBL204_Ki,20,1020,SVM,552,0.20043572984749455,31.590413943355124,219,127.01668259430261,219,107.3529998006061,333
CHEMBL204_Ki,21,1021,SVM,553,0.20079883805374002,32.13507625272331,220,126.40547047719294,220,171.89879879440053,333
CHEMBL204_Ki,22,1022,SVM,553,0.20079883805374002,31.263616557734203,219,114.83747134004642,219,128.49001738308078,334
CHEMBL204_Ki,23,1023,SVM,552,0.20043572984749455,30.93681917211329,219,127.28813964156413,219,136.5354294537653,333
CHEMBL2147_Ki,0,1000,SVM,294,0.20192307692307693,29.807692307692307,116,39.77222246566285,116,70.02041818543364,178
CHEMBL2147_Ki,1,1001,SVM,294,0.20192307692307693,32.69230769230769,116,50.82523090374032,116,66.1581419289694,178
CHEMBL2147_Ki,2,1002,SVM,294,0.20192307692307693,31.868131868131865,116,50.22643854429664,116,76.91277820910902,178
CHEMBL2147_Ki,3,1003,SVM,294,0.20192307692307693,31.181318681318682,116,52.01289209349839,116,46.72978300652767,178
CHEMBL2147_Ki,4,1004,SVM,294,0.20192307692307693,31.456043956043956,116,36.53726412472845,116,70.09072073699797,178
CHEMBL2147_Ki,5,1005,SVM,294,0.20192307692307693,32.69230769230769,116,58.667424375506265,116,97.4496678871183,178
CHEMBL2147_Ki,6,1006,SVM,294,0.20192307692307693,33.104395604395606,116,52.32591893181616,116,44.392848737691835,178
CHEMBL2147_Ki,7,1007,SVM,294,0.20192307692307693,32.142857142857146,116,56.68153117593631,116,66.0977768926175,178
CHEMBL2147_Ki,8,1008,SVM,294,0.20192307692307693,31.181318681318682,116,40.33948753553919,116,55.38596124270046,178
CHEMBL2147_Ki,9,1009,SVM,294,0.20192307692307693,32.82967032967033,116,65.50308842254232,116,63.106987219662045,178
CHEMBL2147_Ki,10,1010,SVM,294,0.20192307692307693,32.142857142857146,116,59.32323612557333,116,56.77299926026059,178
CHEMBL2147_Ki,11,1011,SVM,294,0.20192307692307693,32.69230769230769,116,37.67681337289327,116,47.127980515872224,178
CHEMBL2147_Ki,12,1012,SVM,294,0.20192307692307693,32.55494505494506,116,49.40239809042942,116,65.43363720408598,178
CHEMBL2147_Ki,13,1013,SVM,294,0.20192307692307693,32.82967032967033,116,37.589872091032774,116,83.77793074168838,178
CHEMBL2147_Ki,14,1014,SVM,294,0.20192307692307693,32.69230769230769,116,64.59297446227937,116,64.40332533604067,178
CHEMBL2147_Ki,15,1015,SVM,294,0.20192307692307693,30.90659340659341,116,59.075099794956024,116,62.15177030664607,178
CHEMBL2147_Ki,16,1016,SVM,294,0.20192307692307693,32.142857142857146,116,57.03657053578858,116,64.33434115684489,178
CHEMBL2147_Ki,17,1017,SVM,294,0.20192307692307693,30.76923076923077,116,60.119917738143684,116,65.85809435932309,178
CHEMBL2147_Ki,18,1018,SVM,294,0.20192307692307693,31.318681318681318,116,52.987461048764494,116,62.58072158724039,178
CHEMBL2147_Ki,19,1019,SVM,294,0.20192307692307693,31.181318681318682,116,57.67255862435559,116,50.19941462924951,178
CHEMBL2147_Ki,20,1020,SVM,294,0.20192307692307693,32.142857142857146,116,45.819839022861366,116,62.504256159554906,178
CHEMBL2147_Ki,21,1021,SVM,294,0.20192307692307693,32.82967032967033,116,44.18414235906901,116,56.77275281335496,178
CHEMBL2147_Ki,22,1022,SVM,294,0.20192307692307693,34.75274725274725,116,60.05259330026185,116,71.34455389679388,178
CHEMBL2147_Ki,23,1023,SVM,294,0.20192307692307693,31.181318681318682,116,70.81261492971538,116,74.68347432030717,178
CHEMBL214_Ki,0,1000,SVM,666,0.2007838408200181,31.172746457642447,245,130.9067692700218,245,157.93901070193613,421
CHEMBL214_Ki,1,1001,SVM,666,0.2007838408200181,32.80072354537232,245,139.674467817643,245,148.82535982490248,421
CHEMBL214_Ki,2,1002,SVM,665,0.20048236358154958,31.323485076876693,244,122.95811927795629,244,126.23110520193798,421
CHEMBL214_Ki,3,1003,SVM,665,0.20048236358154958,31.2028941814893,244,132.03987933340724,244,128.44936536727616,421
CHEMBL214_Ki,4,1004,SVM,666,0.2007838408200181,31.172746457642447,245,123.83763059558655,245,138.2721307636482,421
CHEMBL214_Ki,5,1005,SVM,665,0.20048236358154958,32.40880313536328,244,115.91392266988963,244,135.64292427916826,421
CHEMBL214_Ki,6,1006,SVM,665,0.20048236358154958,33.19264395538137,244,125.44541601240152,244,123.08003449782912,421
CHEMBL214_Ki,7,1007,SVM,665,0.20048236358154958,31.80584865842629,244,118.4013722893953,244,144.1584006649768,421
CHEMBL214_Ki,8,1008,SVM,665,0.20048236358154958,32.288212239975884,244,150.49876019671228,244,140.68971152584004,421
CHEMBL214_Ki,9,1009,SVM,665,0.20048236358154958,32.469098583056976,244,131.57918452061236,244,139.23144353949925,421
CHEMBL214_Ki,10,1010,SVM,665,0.20048236358154958,33.55441664154356,244,118.17347902009755,244,144.53514489347103,421
CHEMBL214_Ki,11,1011,SVM,666,0.2007838408200181,32.68013264998493,245,109.27526063383657,245,146.38695117211267,421
CHEMBL214_Ki,12,1012,SVM,666,0.2007838408200181,31.233041905336144,245,129.9449500843836,245,174.17543638530566,421
CHEMBL214_Ki,13,1013,SVM,666,0.2007838408200181,31.594814591498345,245,119.24866882024506,245,149.20456037862004,421
CHEMBL214_Ki,14,1014,SVM,665,0.20048236358154958,32.288212239975884,244,118.61904561069427,244,132.31078499594946,421
CHEMBL214_Ki,15,1015,SVM,666,0.2007838408200181,31.293337353029848,245,99.75485282750658,245,152.80748074541464,421
CHEMBL214_Ki,16,1016,SVM,666,0.2007838408200181,31.71540548688574,245,131.80483020282676,245,149.6092960258249,421
CHEMBL214_Ki,17,1017,SVM,666,0.2007838408200181,32.07717817304793,245,136.09785315762556,245,124.06267782502823,421
CHEMBL214_Ki,18,1018,SVM,666,0.2007838408200181,31.655110039192042,245,118.99309438329286,245,139.58105279441986,421
CHEMBL214_Ki,19,1019,SVM,665,0.20048236358154958,32.770575821525476,244,110.48961395620171,244,153.5169343874852,421
CHEMBL214_Ki,20,1020,SVM,666,0.2007838408200181,31.474223696110943,245,134.73482236530938,245,146.95237751698164,421
CHEMBL214_Ki,21,1021,SVM,666,0.2007838408200181,32.559541754597525,245,112.39257213056206,245,130.7784492423764,421
CHEMBL214_Ki,22,1022,SVM,665,0.20048236358154958,33.19264395538137,244,105.62766415825205,244,130.59580764534752,421
CHEMBL214_Ki,23,1023,SVM,666,0.2007838408200181,31.594814591498345,245,109.15643960495089,245,140.27998953697394,421
CHEMBL218_EC50,0,1000,SVM,208,0.2017458777885548,29.485935984481088,76,39.57831451966041,76,38.46053741532946,132
CHEMBL218_EC50,1,1001,SVM,208,0.2017458777885548,31.23181377303589,76,53.153450617196604,76,49.996109849710024,132
CHEMBL218_EC50,2,1002,SVM,208,0.2017458777885548,29.873908826382152,76,29.917209439910827,76,46.33061949086186,132
CHEMBL218_EC50,3,1003,SVM,208,0.2017458777885548,30.84384093113482,76,38.936657554529184,76,54.272149202788526,132
CHEMBL218_EC50,4,1004,SVM,208,0.2017458777885548,28.903976721629487,76,55.0246728051811,76,53.65363998178234,132
CHEMBL218_EC50,5,1005,SVM,208,0.2017458777885548,34.72356935014549,76,52.01769425963032,76,40.84939525332385,132
CHEMBL218_EC50,6,1006,SVM,208,0.2017458777885548,33.753637245392824,76,40.17978642055443,76,54.53691169606884,132
CHEMBL218_EC50,7,1007,SVM,208,0.2017458777885548,31.619786614936956,76,50.40915238448028,76,42.753043361274784,132
CHEMBL218_EC50,8,1008,SVM,208,0.2017458777885548,31.42580019398642,76,46.150737812047616,76,45.38645695944071,132
CHEMBL218_EC50,9,1009,SVM,208,0.2017458777885548,32.201745877788554,76,45.06653391645779,76,46.37597424504668,132
CHEMBL218_EC50,10,1010,SVM,208,0.2017458777885548,32.58971871968962,76,44.063855307650236,76,63.71113318717114,132
CHEMBL218_EC50,11,1011,SVM,208,0.2017458777885548,32.39573229873909,76,51.30709504967161,76,51.13237036035397,132
CHEMBL218_EC50,12,1012,SVM,208,0.2017458777885548,31.619786614936956,76,49.39345083458339,76,39.44970802283092,132
CHEMBL218_EC50,13,1013,SVM,208,0.2017458777885548,32.201745877788554,76,35.50530889816361,76,41.686166857313495,132
CHEMBL218_EC50,14,1014,SVM,208,0.2017458777885548,34.52958292919496,76,45.00167074365516,76,57.04743657898163,132
CHEMBL218_EC50,15,1015,SVM,208,0.2017458777885548,31.42580019398642,76,48.32297718126615,76,42.0955325084956,132
CHEMBL218_EC50,16,1016,SVM,208,0.2017458777885548,30.84384093113482,76,41.94102465249913,76,40.94474849017003,132
CHEMBL218_EC50,17,1017,SVM,208,0.2017458777885548,31.81377303588749,76,42.69292155047093,76,47.65453803559792,132
CHEMBL218_EC50,18,1018,SVM,208,0.2017458777885548,31.42580019398642,76,56.27976516934877,76,45.14909975523288,132
CHEMBL218_EC50,19,1019,SVM,208,0.2017458777885548,32.39573229873909,76,44.329215960707316,76,58.294670409606624,132
CHEMBL218_EC50,20,1020,SVM,208,0.2017458777885548,30.26188166828322,76,41.480460701851705,76,45.238694491962676,132
CHEMBL218_EC50,21,1021,SVM,208,0.2017458777885548,33.559650824442286,76,41.29526869361807,76,51.66728825874655,132
CHEMBL218_EC50,22,1022,SVM,208,0.2017458777885548,34.917555771096026,76,45.16005658976914,76,42.48176364633153,132
CHEMBL218_EC50,23,1023,SVM,208,0.2017458777885548,30.067895247332686,76,50.4209429879132,76,49.61913110064536,132
CHEMBL219_Ki,0,1000,SVM,376,0.20160857908847185,30.67024128686327,149,85.83689411615786,149,104.64362750319742,227
CHEMBL219_Ki,1,1001,SVM,373,0.2,33.29758713136729,149,87.07033116093523,149,105.39217001250444,224
CHEMBL219_Ki,2,1002,SVM,375,0.20107238605898123,32.01072386058981,149,94.97598663986912,149,98.48089898917448,226
CHEMBL219_Ki,3,1003,SVM,375,0.20107238605898123,34.15549597855228,149,79.39847069452065,149,102.25458070968276,226
CHEMBL219_Ki,4,1004,SVM,374,0.2005361930294906,31.742627345844504,149,83.31726576495358,149,77.40546520863111,225
CHEMBL219_Ki,5,1005,SVM,375,0.20107238605898123,33.083109919571044,148,83.5306918140738,148,88.2070492107888,227
CHEMBL219_Ki,6,1006,SVM,374,0.2005361930294906,32.49329758713137,149,87.91494331747589,149,113.04978934240053,225
CHEMBL219_Ki,7,1007,SVM,373,0.2,33.083109919571044,149,86.96494456346822,149,110.60538475257711,224
CHEMBL219_Ki,8,1008,SVM,375,0.20107238605898123,31.903485254691688,149,95.39860257403203,149,96.33148307460229,226
CHEMBL219_Ki,9,1009,SVM,375,0.20107238605898123,33.61930294906166,148,101.49409801336209,148,82.93544747013203,227
CHEMBL219_Ki,10,1010,SVM,375,0.20107238605898123,32.33243967828418,149,93.15545413261842,149,85.26439250617581,226
CHEMBL219_Ki,11,1011,SVM,374,0.2005361930294906,32.171581769437,149,94.98661871989296,149,107.58333925143114,225
CHEMBL219_Ki,12,1012,SVM,374,0.2005361930294906,31.31367292225201,149,83.26495113777449,149,104.30733795993245,225
CHEMBL219_Ki,13,1013,SVM,375,0.20107238605898123,32.8686327077748,149,74.18469642633917,149,104.04457113855345,226
CHEMBL219_Ki,14,1014,SVM,374,0.2005361930294906,33.67292225201072,149,78.62568620823674,149,100.92155480687791,225
CHEMBL219_Ki,15,1015,SVM,375,0.20107238605898123,33.72654155495979,149,80.17194946284212,149,91.25110704685986,226
CHEMBL219_Ki,16,1016,SVM,375,0.20107238605898123,31.152815013404826,149,84.45762432245022,149,85.60738723903981,226
CHEMBL219_Ki,17,1017,SVM,374,0.2005361930294906,32.707774798927616,149,81.32416904366114,149,141.07169078999073,225
CHEMBL219_Ki,18,1018,SVM,374,0.2005361930294906,32.27882037533512,149,87.75919851211438,149,79.72168220077435,225
CHEMBL219_Ki,19,1019,SVM,374,0.2005361930294906,30.88471849865952,149,90.08831482192129,149,112.81401664818338,225
CHEMBL219_Ki,20,1020,SVM,375,0.20107238605898123,31.903485254691688,149,90.11076973344552,149,78.68153645383154,226
CHEMBL219_Ki,21,1021,SVM,376,0.20160857908847185,33.24396782841823,149,87.02408802400085,149,95.92606993954259,227
CHEMBL219_Ki,22,1022,SVM,374,0.2005361930294906,32.92225201072386,149,105.52636084028586,149,83.79572580838764,225
CHEMBL219_Ki,23,1023,SVM,376,0.20160857908847185,31.528150134048254,150,94.12702655896331,150,90.15992583056956,226
CHEMBL228_Ki,0,1000,SVM,341,0.20011737089201878,32.335680751173705,128,88.66497509126424,128,81.23997856135809,213
CHEMBL228_Ki,1,1001,SVM,342,0.2007042253521127,31.572769953051644,129,72.2556392529593,129,97.36690610557099,213
CHEMBL228_Ki,2,1002,SVM,342,0.2007042253521127,30.868544600938968,129,73.13886377399928,129,75.34421208226378,213
CHEMBL228_Ki,3,1003,SVM,343,0.20129107981220656,31.866197183098592,130,78.6559060577589,130,99.2890755891398,213
CHEMBL228_Ki,4,1004,SVM,342,0.2007042253521127,30.399061032863848,129,93.42337841631414,129,82.54646344977124,213
CHEMBL228_Ki,5,1005,SVM,343,0.20129107981220656,32.805164319248824,129,87.62591778200743,129,99.82100357921178,214
CHEMBL228_Ki,6,1006,SVM,342,0.2007042253521127,32.3943661971831,128,81.40243410124634,128,90.13648870049146,214
CHEMBL228_Ki,7,1007,SVM,342,0.2007042253521127,31.8075117370892,129,75.22877977897701,129,98.34361060214738,213
CHEMBL228_Ki,8,1008,SVM,342,0.2007042253521127,32.3943661971831,129,85.54195270798996,129,107.37437958951328,213
CHEMBL228_Ki,9,1009,SVM,343,0.20129107981220656,33.039906103286384,130,52.94910033453606,130,94.89744764802309,213
CHEMBL228_Ki,10,1010,SVM,343,0.20129107981220656,33.039906103286384,130,56.60300840077255,130,99.73358633311301,213
CHEMBL228_Ki,11,1011,SVM,342,0.2007042253521127,32.3943661971831,129,79.54988804362151,129,95.43019132461045,213
CHEMBL228_Ki,12,1012,SVM,343,0.20129107981220656,31.161971830985912,129,95.99989910640296,129,92.19910739016196,214
CHEMBL228_Ki,13,1013,SVM,343,0.20129107981220656,31.161971830985912,129,73.55894805432345,129,93.85946035769533,214
CHEMBL228_Ki,14,1014,SVM,342,0.2007042253521127,32.04225352112676,129,73.83446001243703,129,103.74248275056964,213
CHEMBL228_Ki,15,1015,SVM,342,0.2007042253521127,31.338028169014088,129,79.82090994627511,129,79.24157387132539,213
CHEMBL228_Ki,16,1016,SVM,342,0.2007042253521127,30.868544600938968,129,83.58858067596108,129,69.6042458237134,213
CHEMBL228_Ki,17,1017,SVM,343,0.20129107981220656,33.15727699530516,129,85.87529958415388,129,92.56676297615431,214
CHEMBL228_Ki,18,1018,SVM,342,0.2007042253521127,33.33333333333333,129,62.57753076843409,129,107.50766496101504,213
CHEMBL228_Ki,19,1019,SVM,343,0.20129107981220656,32.57042253521127,129,62.91296415212779,129,108.92680438601103,214
CHEMBL228_Ki,20,1020,SVM,343,0.20129107981220656,31.396713615023476,130,79.08822291009567,130,87.58750596652052,213
CHEMBL228_Ki,21,1021,SVM,343,0.20129107981220656,33.274647887323944,130,67.6524122668225,130,105.65051159253996,213
CHEMBL228_Ki,22,1022,SVM,343,0.20129107981220656,31.98356807511737,130,80.09241070139379,130,93.01848312226741,213
CHEMBL228_Ki,23,1023,SVM,343,0.20129107981220656,29.753521126760564,130,78.71741366445472,130,93.04799184274624,213
CHEMBL231_Ki,0,1000,SVM,197,0.20246659815005139,30.832476875642346,48,29.962945911070328,48,55.311905460753806,149
CHEMBL231_Ki,1,1001,SVM,197,0.20246659815005139,31.86022610483042,48,26.681712673212456,48,62.392741213690066,149
CHEMBL231_Ki,2,1002,SVM,197,0.20246659815005139,30.421377183967113,48,28.371376734112488,48,57.60694324888495,149
CHEMBL231_Ki,3,1003,SVM,197,0.20246659815005139,31.654676258992804,48,34.68762763340247,48,52.22425917678344,149
CHEMBL231_Ki,4,1004,SVM,197,0.20246659815005139,29.18807810894142,48,29.25003667314568,48,60.72640572070032,149
CHEMBL231_Ki,5,1005,SVM,197,0.20246659815005139,34.1212744090442,48,32.575190687039,48,69.15039666947426,149
CHEMBL231_Ki,6,1006,SVM,197,0.20246659815005139,32.06577595066803,48,28.7643273445174,48,50.06336808423428,149
CHEMBL231_Ki,7,1007,SVM,197,0.20246659815005139,31.44912641315519,48,38.31556531622833,48,41.76423449286825,149
CHEMBL231_Ki,8,1008,SVM,197,0.20246659815005139,32.8879753340185,48,30.003117586518435,48,62.08754760705567,149
CHEMBL231_Ki,9,1009,SVM,197,0.20246659815005139,33.093525179856115,48,35.57018751484156,48,64.38965275958782,149
CHEMBL231_Ki,10,1010,SVM,197,0.20246659815005139,31.654676258992804,48,24.456869041603518,48,56.07372221577345,149
CHEMBL231_Ki,11,1011,SVM,197,0.20246659815005139,32.27132579650565,48,24.549449901776832,48,62.913080507519936,149
CHEMBL231_Ki,12,1012,SVM,197,0.20246659815005139,31.243576567317575,48,32.403431083095874,48,51.476834731836036,149
CHEMBL231_Ki,13,1013,SVM,197,0.20246659815005139,32.06577595066803,48,24.81628775851086,48,62.27695439759033,149
CHEMBL231_Ki,14,1014,SVM,197,0.20246659815005139,32.06577595066803,48,24.947206714810136,48,52.21237470847455,149
CHEMBL231_Ki,15,1015,SVM,197,0.20246659815005139,30.215827338129497,48,26.808146193984822,48,54.41636779624388,149
CHEMBL231_Ki,16,1016,SVM,197,0.20246659815005139,30.832476875642346,48,30.92257136601996,48,65.26155512130302,149
CHEMBL231_Ki,17,1017,SVM,197,0.20246659815005139,32.8879753340185,48,29.99819584624137,48,48.32130662802726,149
CHEMBL231_Ki,18,1018,SVM,197,0.20246659815005139,31.654676258992804,48,17.91022898095393,48,62.84581794052413,149
CHEMBL231_Ki,19,1019,SVM,197,0.20246659815005139,31.86022610483042,48,20.880326988359162,48,49.379449836729854,149
CHEMBL231_Ki,20,1020,SVM,197,0.20246659815005139,31.86022610483042,48,25.894686736536897,48,53.63327930880446,149
CHEMBL231_Ki,21,1021,SVM,197,0.20246659815005139,31.86022610483042,48,34.266423233624074,48,62.91207648733996,149
CHEMBL231_Ki,22,1022,SVM,197,0.20246659815005139,34.943473792394656,48,27.93927855143511,48,60.92710790067501,149
CHEMBL231_Ki,23,1023,SVM,197,0.20246659815005139,31.038026721479962,48,22.349024581168294,48,71.07281979647232,149
CHEMBL233_Ki,0,1000,SVM,630,0.2005092297899427,31.381285805219605,259,143.86782437011072,259,160.5586416615592,371
CHEMBL233_Ki,1,1001,SVM,630,0.2005092297899427,32.27243793761935,259,160.48732270757478,259,159.15785625967627,371
CHEMBL233_Ki,2,1002,SVM,630,0.2005092297899427,30.935709739019735,259,164.4100780281728,259,179.37762447042562,371
CHEMBL233_Ki,3,1003,SVM,630,0.2005092297899427,31.826861871419474,259,181.78355553141938,259,204.46833497793213,371
CHEMBL233_Ki,4,1004,SVM,630,0.2005092297899427,30.808402291534055,259,151.61615103134105,259,180.2148233495631,371
CHEMBL233_Ki,5,1005,SVM,630,0.2005092297899427,32.27243793761935,259,143.1826368722759,259,134.0293184075154,371
CHEMBL233_Ki,6,1006,SVM,630,0.2005092297899427,32.527052832590705,259,164.4205041247826,259,175.92023746868756,371
CHEMBL233_Ki,7,1007,SVM,630,0.2005092297899427,30.872056015276893,259,144.51908628155826,259,155.44935440196548,371
CHEMBL233_Ki,8,1008,SVM,630,0.2005092297899427,32.145130490133674,259,140.76539783269902,259,143.5641522748026,371
CHEMBL233_Ki,9,1009,SVM,630,0.2005092297899427,32.845321451304905,259,157.82051918367299,259,168.3552079145489,371
CHEMBL233_Ki,10,1010,SVM,630,0.2005092297899427,32.908975175047736,259,173.72770746486657,259,206.4324068310808,371
CHEMBL233_Ki,11,1011,SVM,630,0.2005092297899427,33.672819859961805,259,158.13548593429027,259,148.2395040549111,371
CHEMBL233_Ki,12,1012,SVM,630,0.2005092297899427,31.890515595162316,259,168.63961442485538,259,163.61681255945572,371
CHEMBL233_Ki,13,1013,SVM,630,0.2005092297899427,32.017823042648,259,171.7458541254244,259,184.37264458005936,371
CHEMBL233_Ki,14,1014,SVM,630,0.2005092297899427,32.145130490133674,259,182.31004688973664,259,158.04829616404186,371
CHEMBL233_Ki,15,1015,SVM,630,0.2005092297899427,32.781667727562066,259,176.60143966722134,259,157.23151940536658,371
CHEMBL233_Ki,16,1016,SVM,630,0.2005092297899427,31.253978357733924,259,145.98782833033465,259,164.22970188854146,371
CHEMBL233_Ki,17,1017,SVM,630,0.2005092297899427,32.65436028007638,259,170.82925415826907,259,155.62644363912847,371
CHEMBL233_Ki,18,1018,SVM,630,0.2005092297899427,32.20878421387651,259,169.24031376053688,259,175.9392459089308,371
CHEMBL233_Ki,19,1019,SVM,630,0.2005092297899427,32.017823042648,259,158.26176149857713,259,200.85495721116143,371
CHEMBL233_Ki,20,1020,SVM,630,0.2005092297899427,31.381285805219605,259,172.96550912490983,259,194.00207607672348,371
CHEMBL233_Ki,21,1021,SVM,630,0.2005092297899427,32.46339910884787,259,152.23591017199732,259,164.1013207104474,371
CHEMBL233_Ki,22,1022,SVM,630,0.2005092297899427,33.609166136218974,259,177.87831838113038,259,169.91419376975162,371
CHEMBL233_Ki,23,1023,SVM,630,0.2005092297899427,30.99936346276257,259,174.03223080432662,259,177.09642568338836,371
CHEMBL234_Ki,0,1000,SVM,733,0.20043751709051136,31.39185124418923,320,119.16050765410654,320,158.9177121937372,413
CHEMBL234_Ki,1,1001,SVM,733,0.20043751709051136,32.70440251572327,320,131.03156735339041,320,171.14836032547657,413
CHEMBL234_Ki,2,1002,SVM,733,0.20043751709051136,31.829368334700575,320,107.18377798191611,320,186.89938105858204,413
CHEMBL234_Ki,3,1003,SVM,733,0.20043751709051136,31.009023789991797,320,133.21340792636815,320,140.0161582196081,413
CHEMBL234_Ki,4,1004,SVM,733,0.20043751709051136,31.501230516817063,320,129.71107368128764,320,160.47256086812862,413
CHEMBL234_Ki,5,1005,SVM,733,0.20043751709051136,32.59502324309543,321,128.77775559149867,321,182.87350798577384,412
CHEMBL234_Ki,6,1006,SVM,733,0.20043751709051136,33.0872299699207,320,127.54473090632678,320,149.13536297454186,413
CHEMBL234_Ki,7,1007,SVM,733,0.20043751709051136,32.04812687995624,320,136.08159043002738,320,171.91758813657702,413
CHEMBL234_Ki,8,1008,SVM,733,0.20043751709051136,31.99343724364233,320,127.18039038019622,320,164.01210224250855,413
CHEMBL234_Ki,9,1009,SVM,733,0.20043751709051136,33.470057424118124,320,110.50907391003241,320,164.8397496465399,413
CHEMBL234_Ki,10,1010,SVM,733,0.20043751709051136,31.501230516817063,320,122.97364307744736,320,147.10976132323316,413
CHEMBL234_Ki,11,1011,SVM,733,0.20043751709051136,33.579436696745965,320,93.38557862188972,320,144.06359827958698,413
CHEMBL234_Ki,12,1012,SVM,733,0.20043751709051136,32.10281651627017,320,108.9480533392159,320,171.52274989277657,413
CHEMBL234_Ki,13,1013,SVM,733,0.20043751709051136,31.88405797101449,320,102.77464593874268,320,165.29039811005202,413
CHEMBL234_Ki,14,1014,SVM,733,0.20043751709051136,32.212195788898,320,125.83499727646614,320,160.590217030757,413
CHEMBL234_Ki,15,1015,SVM,733,0.20043751709051136,31.501230516817063,320,129.5950868565822,320,161.74194177831595,413
CHEMBL234_Ki,16,1016,SVM,733,0.20043751709051136,31.665299425758818,320,121.22716990634362,320,125.70955097124471,413
CHEMBL234_Ki,17,1017,SVM,733,0.20043751709051136,31.227782335247472,320,124.03710304890419,320,185.6046419083972,413
CHEMBL234_Ki,18,1018,SVM,733,0.20043751709051136,31.555920153130984,320,144.20801622783466,320,172.88655612723656,413
CHEMBL234_Ki,19,1019,SVM,733,0.20043751709051136,31.99343724364233,321,133.8749592083406,321,147.038588706053,412
CHEMBL234_Ki,20,1020,SVM,733,0.20043751709051136,31.99343724364233,320,105.81839498244014,320,176.52722806818883,413
CHEMBL234_Ki,21,1021,SVM,733,0.20043751709051136,32.977850697292865,320,129.5754855967147,320,134.99481357427638,413
CHEMBL234_Ki,22,1022,SVM,733,0.20043751709051136,32.04812687995624,320,134.5614484228111,320,161.0614423161793,413
CHEMBL234_Ki,23,1023,SVM,733,0.20043751709051136,31.829368334700575,320,134.76216141935697,320,182.73006913764394,413
CHEMBL235_EC50,0,1000,SVM,472,0.2009365687526607,30.73648361004683,178,109.19602460914902,178,92.64247765321606,294
CHEMBL235_EC50,1,1001,SVM,472,0.2009365687526607,31.58790974882929,178,105.16167317974646,178,82.9437219360332,294
CHEMBL235_EC50,2,1002,SVM,472,0.2009365687526607,31.33248190719455,178,115.45114431983612,178,77.54345056768182,294
CHEMBL235_EC50,3,1003,SVM,472,0.2009365687526607,31.673052362707537,178,102.74216052949015,178,94.08532077930833,294
CHEMBL235_EC50,4,1004,SVM,472,0.2009365687526607,30.906768837803323,178,97.14242277163407,178,97.41475745708499,294
CHEMBL235_EC50,5,1005,SVM,472,0.2009365687526607,32.69476372924649,178,103.29734304033558,178,87.26729835110518,294
CHEMBL235_EC50,6,1006,SVM,472,0.2009365687526607,33.37590464027246,178,100.98520760513709,178,102.80035693876269,294
CHEMBL235_EC50,7,1007,SVM,472,0.2009365687526607,32.60962111536824,178,117.7385535839887,178,80.4016711767662,294
CHEMBL235_EC50,8,1008,SVM,472,0.2009365687526607,32.43933588761175,178,132.93296443609245,178,100.14206081241787,294
CHEMBL235_EC50,9,1009,SVM,472,0.2009365687526607,32.35419327373351,178,104.07119067642279,178,93.4463820139216,294
CHEMBL235_EC50,10,1010,SVM,472,0.2009365687526607,32.098765432098766,178,102.68792537639644,178,87.7279529988931,294
CHEMBL235_EC50,11,1011,SVM,472,0.2009365687526607,33.205619412515965,178,112.17147806695809,178,66.98423490157606,294
CHEMBL235_EC50,12,1012,SVM,472,0.2009365687526607,31.162196679438058,178,116.20302324537562,178,100.25070714610018,294
CHEMBL235_EC50,13,1013,SVM,472,0.2009365687526607,30.73648361004683,178,140.5157427576358,178,84.06270441164263,294
CHEMBL235_EC50,14,1014,SVM,472,0.2009365687526607,32.35419327373351,178,95.69868924629083,178,100.80851437196263,294
CHEMBL235_EC50,15,1015,SVM,472,0.2009365687526607,30.906768837803323,178,120.9665172009996,178,78.13268139804734,294
CHEMBL235_EC50,16,1016,SVM,472,0.2009365687526607,31.247339293316305,178,94.00756329278983,178,93.03735521556024,294
CHEMBL235_EC50,17,1017,SVM,472,0.2009365687526607,33.37590464027246,178,99.978718646818,178,94.61063993279802,294
CHEMBL235_EC50,18,1018,SVM,472,0.2009365687526607,32.35419327373351,178,101.29484588870076,178,85.13213178469562,294
CHEMBL235_EC50,19,1019,SVM,472,0.2009365687526607,31.843337590464028,178,104.44943076625538,178,94.2522047130073,294
CHEMBL235_EC50,20,1020,SVM,472,0.2009365687526607,31.162196679438058,178,99.8420084584904,178,96.87298473475471,294
CHEMBL235_EC50,21,1021,SVM,472,0.2009365687526607,32.60962111536824,178,131.61496397596483,178,103.4982280334199,294
CHEMBL235_EC50,22,1022,SVM,472,0.2009365687526607,32.69476372924649,178,120.63742328647403,178,93.57966503169762,294
CHEMBL235_EC50,23,1023,SVM,472,0.2009365687526607,30.73648361004683,178,111.73311099630202,178,68.85848764775662,294
CHEMBL236_Ki,0,1000,SVM,521,0.20053887605850654,31.177829099307157,204,139.5390826313252,204,98.32531093817363,317
CHEMBL236_Ki,1,1001,SVM,521,0.20053887605850654,33.25635103926097,204,140.76388348324474,204,99.12447660251564,317
CHEMBL236_Ki,2,1002,SVM,521,0.20053887605850654,30.100076982294073,204,116.98011387699168,204,105.8659814467512,317
CHEMBL236_Ki,3,1003,SVM,521,0.20053887605850654,31.947652040030793,204,111.30769335279695,204,100.73439021861661,317
CHEMBL236_Ki,4,1004,SVM,521,0.20053887605850654,31.40877598152425,204,114.38273758055438,204,90.83652490692378,317
CHEMBL236_Ki,5,1005,SVM,521,0.20053887605850654,32.255581216320245,204,107.5655894404075,204,125.05356951803894,317
CHEMBL236_Ki,6,1006,SVM,521,0.20053887605850654,31.947652040030793,204,107.93803181330628,204,128.9066955896863,317
CHEMBL236_Ki,7,1007,SVM,521,0.20053887605850654,31.254811393379523,204,131.7833231199932,204,98.927504309856,317
CHEMBL236_Ki,8,1008,SVM,521,0.20053887605850654,31.87066974595843,204,101.93828525157569,204,93.91544722413919,317
CHEMBL236_Ki,9,1009,SVM,521,0.20053887605850654,32.948421862971514,204,102.671405194053,204,119.84346876980425,317
CHEMBL236_Ki,10,1010,SVM,521,0.20053887605850654,32.5635103926097,204,129.37276341632008,204,109.07372443046876,317
CHEMBL236_Ki,11,1011,SVM,521,0.20053887605850654,32.33256351039261,204,98.56214332661595,204,99.75643500060707,317
CHEMBL236_Ki,12,1012,SVM,521,0.20053887605850654,31.177829099307157,204,125.55305183338244,204,95.19838771751841,317
CHEMBL236_Ki,13,1013,SVM,521,0.20053887605850654,32.10161662817552,204,115.3459340323576,204,120.69820822675395,317
CHEMBL236_Ki,14,1014,SVM,521,0.20053887605850654,31.485758275596616,204,111.13689695706447,204,106.99014818830975,317
CHEMBL236_Ki,15,1015,SVM,521,0.20053887605850654,32.33256351039261,204,126.31459593442086,204,100.7474613208648,317
CHEMBL236_Ki,16,1016,SVM,521,0.20053887605850654,31.716705157813703,204,129.0394779801141,204,111.86387177446305,317
CHEMBL236_Ki,17,1017,SVM,521,0.20053887605850654,33.48729792147806,204,138.48727018339088,204,101.06133082723588,317
CHEMBL236_Ki,18,1018,SVM,521,0.20053887605850654,32.87143956889915,204,131.01259705415848,204,102.01646377309541,317
CHEMBL236_Ki,19,1019,SVM,521,0.20053887605850654,31.947652040030793,204,102.72436820554124,204,107.20336308407346,317
CHEMBL236_Ki,20,1020,SVM,521,0.20053887605850654,31.87066974595843,204,109.48610677692055,204,129.86943242187687,317
CHEMBL236_Ki,21,1021,SVM,521,0.20053887605850654,32.486528098537335,204,134.50289632451594,204,120.66133350815338,317
CHEMBL236_Ki,22,1022,SVM,521,0.20053887605850654,32.409545804464976,204,125.01623695428955,204,101.19815940400832,317
CHEMBL236_Ki,23,1023,SVM,521,0.20053887605850654,30.94688221709007,204,119.79144166043898,204,122.51461782778406,317
CHEMBL237_EC50,0,1000,SVM,193,0.20209424083769634,27.225130890052355,91,60.48268507569202,91,47.73804729804896,102
CHEMBL237_EC50,1,1001,SVM,193,0.20209424083769634,32.25130890052356,91,81.30433965346363,91,50.65070945825461,102
CHEMBL237_EC50,2,1002,SVM,193,0.20209424083769634,30.78534031413613,91,85.32218721008236,91,61.6291628395144,102
CHEMBL237_EC50,3,1003,SVM,193,0.20209424083769634,33.50785340314136,91,60.233732899645354,91,46.17739967729989,102
CHEMBL237_EC50,4,1004,SVM,193,0.20209424083769634,28.90052356020942,91,73.6660567762365,91,54.08758972385848,102
CHEMBL237_EC50,5,1005,SVM,193,0.20209424083769634,34.345549738219894,91,77.17066966873931,91,46.27185649473777,102
CHEMBL237_EC50,6,1006,SVM,193,0.20209424083769634,31.83246073298429,91,71.6385667946375,91,44.039502989079395,102
CHEMBL237_EC50,7,1007,SVM,193,0.20209424083769634,31.413612565445025,91,65.18896410454691,91,62.11201277980668,102
CHEMBL237_EC50,8,1008,SVM,193,0.20209424083769634,29.94764397905759,91,74.8669580044016,91,49.34751406691643,102
CHEMBL237_EC50,9,1009,SVM,193,0.20209424083769634,33.92670157068063,91,70.15394734226885,91,57.2072093479102,102
CHEMBL237_EC50,10,1010,SVM,193,0.20209424083769634,32.460732984293195,91,71.46366462062792,91,70.53305292648433,102
CHEMBL237_EC50,11,1011,SVM,193,0.20209424083769634,32.87958115183246,91,63.11488378301411,91,64.61391924131435,102
CHEMBL237_EC50,12,1012,SVM,193,0.20209424083769634,31.623036649214658,91,61.41365752718005,91,40.0154767156579,102
CHEMBL237_EC50,13,1013,SVM,193,0.20209424083769634,32.460732984293195,91,70.96162069461877,91,76.30036566508755,102
CHEMBL237_EC50,14,1014,SVM,193,0.20209424083769634,31.623036649214658,91,52.73654285707455,91,62.58131034156222,102
CHEMBL237_EC50,15,1015,SVM,193,0.20209424083769634,30.157068062827225,91,93.10641355822082,91,55.32387841234175,102
CHEMBL237_EC50,16,1016,SVM,193,0.20209424083769634,30.36649214659686,91,57.344233120452174,91,45.27947777178897,102
CHEMBL237_EC50,17,1017,SVM,193,0.20209424083769634,33.089005235602095,91,71.2278374105411,91,50.17974431309537,102
CHEMBL237_EC50,18,1018,SVM,192,0.20104712041884817,32.146596858638745,91,59.3603588213598,91,49.638003798779735,101
CHEMBL237_EC50,19,1019,SVM,193,0.20209424083769634,30.78534031413613,91,86.85788358685463,91,73.47293789832236,102
CHEMBL237_EC50,20,1020,SVM,193,0.20209424083769634,34.13612565445026,91,81.07419308639977,91,42.38575734680284,102
CHEMBL237_EC50,21,1021,SVM,193,0.20209424083769634,32.460732984293195,91,76.03676846985742,91,88.16298095793687,102
CHEMBL237_EC50,22,1022,SVM,193,0.20209424083769634,34.345549738219894,91,81.9617566875771,91,52.92664796586353,102
CHEMBL237_EC50,23,1023,SVM,193,0.20209424083769634,29.73821989528796,91,72.81727079462817,91,45.292223261859284,102
CHEMBL237_Ki,0,1000,SVM,522,0.20053784095274682,30.580099884748368,223,124.08692291614386,223,113.54663369668515,299
CHEMBL237_Ki,1,1001,SVM,522,0.20053784095274682,32.654629273914715,223,127.83576731338951,223,131.82504246671354,299
CHEMBL237_Ki,2,1002,SVM,522,0.20053784095274682,32.039953899346905,223,134.36612654648354,223,118.25458389906956,299
CHEMBL237_Ki,3,1003,SVM,522,0.20053784095274682,32.11678832116788,223,126.1626649337871,223,147.09194361376237,299
CHEMBL237_Ki,4,1004,SVM,522,0.20053784095274682,30.656934306569344,223,116.31636214824573,223,113.01911581758924,299
CHEMBL237_Ki,5,1005,SVM,522,0.20053784095274682,33.038801383019596,223,121.75456704717848,223,111.63264272153745,299
CHEMBL237_Ki,6,1006,SVM,522,0.20053784095274682,32.73146369573569,223,159.64678000511555,223,130.03793169303935,299
CHEMBL237_Ki,7,1007,SVM,522,0.20053784095274682,32.11678832116788,223,140.0615880717813,223,136.33362195211978,299
CHEMBL237_Ki,8,1008,SVM,522,0.20053784095274682,32.654629273914715,223,123.80237200643754,223,119.21019716261483,299
CHEMBL237_Ki,9,1009,SVM,522,0.20053784095274682,32.270457164809834,223,152.1948335351235,223,124.68724642750425,299
CHEMBL237_Ki,10,1010,SVM,522,0.20053784095274682,32.88513253937764,223,124.19488509850697,223,125.79376108145213,299
CHEMBL237_Ki,11,1011,SVM,522,0.20053784095274682,32.80829811755667,223,127.12478002767253,223,140.7467121850702,299
CHEMBL237_Ki,12,1012,SVM,522,0.20053784095274682,30.73376872839032,223,149.97243300954486,223,130.29411407676855,299
CHEMBL237_Ki,13,1013,SVM,522,0.20053784095274682,32.654629273914715,223,149.01059107973074,223,125.13189180673415,299
CHEMBL237_Ki,14,1014,SVM,522,0.20053784095274682,33.19247022666155,223,122.65808240174887,223,139.14166695512907,299
CHEMBL237_Ki,15,1015,SVM,522,0.20053784095274682,31.348444102958123,223,139.3656697844141,223,119.91208059025867,299
CHEMBL237_Ki,16,1016,SVM,522,0.20053784095274682,32.19362274298886,223,124.39624771210005,223,121.42735168322808,299
CHEMBL237_Ki,17,1017,SVM,522,0.20053784095274682,31.886285055704956,223,137.8848273350883,223,116.0060691495499,299
CHEMBL237_Ki,18,1018,SVM,522,0.20053784095274682,31.80945063388398,223,136.9073209408703,223,163.115754426715,299
CHEMBL237_Ki,19,1019,SVM,522,0.20053784095274682,31.963119477525932,223,131.30833673755973,223,126.74446823020989,299
CHEMBL237_Ki,20,1020,SVM,522,0.20053784095274682,31.271609681137146,223,120.41125655601999,223,115.66044833574618,299
CHEMBL237_Ki,21,1021,SVM,522,0.20053784095274682,31.655781790242028,223,142.81878383743924,223,112.02876709763575,299
CHEMBL237_Ki,22,1022,SVM,522,0.20053784095274682,32.654629273914715,223,135.4542092771548,223,104.87256008586968,299
CHEMBL237_Ki,23,1023,SVM,522,0.20053784095274682,31.57894736842105,223,147.07222508919637,223,133.33602114511297,299
CHEMBL238_Ki,0,1000,SVM,213,0.20247148288973385,30.60836501901141,55,23.24455427542835,55,51.89480801406752,158
CHEMBL238_Ki,1,1001,SVM,213,0.20247148288973385,31.93916349809886,55,23.73293494773024,55,54.84843896865928,158
CHEMBL238_Ki,2,1002,SVM,213,0.20247148288973385,30.228136882129274,55,27.3360129460763,55,56.41455843640636,158
CHEMBL238_Ki,3,1003,SVM,213,0.20247148288973385,30.798479087452474,55,44.34450954816481,55,79.31814206810978,158
CHEMBL238_Ki,4,1004,SVM,213,0.20247148288973385,29.84790874524715,55,37.66341705780047,55,58.14423907608845,158
CHEMBL238_Ki,5,1005,SVM,213,0.20247148288973385,34.030418250950575,55,26.885388895329424,55,67.4869314693228,158
CHEMBL238_Ki,6,1006,SVM,213,0.20247148288973385,34.030418250950575,55,28.276602675409684,55,62.76144036854294,158
CHEMBL238_Ki,7,1007,SVM,213,0.20247148288973385,31.93916349809886,55,35.89529808153056,55,60.36942123019503,158
CHEMBL238_Ki,8,1008,SVM,213,0.20247148288973385,31.749049429657795,55,28.394144954626714,55,67.08710586393457,158
CHEMBL238_Ki,9,1009,SVM,213,0.20247148288973385,31.93916349809886,55,29.767505512053074,55,61.173006249261135,158
CHEMBL238_Ki,10,1010,SVM,213,0.20247148288973385,32.50950570342205,55,27.576579711293334,55,55.18749353522635,158
CHEMBL238_Ki,11,1011,SVM,213,0.20247148288973385,33.07984790874524,55,28.200391403439006,55,56.714604329502684,158
CHEMBL238_Ki,12,1012,SVM,213,0.20247148288973385,30.038022813688215,55,32.69803880648393,55,67.53823527791775,158
CHEMBL238_Ki,13,1013,SVM,213,0.20247148288973385,31.55893536121673,55,22.072969721876532,55,52.86709918150362,158
CHEMBL238_Ki,14,1014,SVM,213,0.20247148288973385,32.129277566539926,55,24.505510413166785,55,73.52430565287924,158
CHEMBL238_Ki,15,1015,SVM,213,0.20247148288973385,31.1787072243346,55,19.23441928593138,55,59.20345348404932,158
CHEMBL238_Ki,16,1016,SVM,213,0.20247148288973385,30.798479087452474,55,26.155034840863784,55,55.90592675543141,158
CHEMBL238_Ki,17,1017,SVM,213,0.20247148288973385,35.17110266159696,55,33.97582519633071,55,67.99380704640981,158
CHEMBL238_Ki,18,1018,SVM,213,0.20247148288973385,32.31939163498099,55,28.004813904866925,55,57.24583006463899,158
CHEMBL238_Ki,19,1019,SVM,213,0.20247148288973385,30.228136882129274,55,25.382395466576305,55,62.9102922245483,158
CHEMBL238_Ki,20,1020,SVM,213,0.20247148288973385,31.749049429657795,55,29.948627940033614,55,71.9977217877231,158
CHEMBL238_Ki,21,1021,SVM,213,0.20247148288973385,32.50950570342205,55,34.56917422085666,55,69.57304886168238,158
CHEMBL238_Ki,22,1022,SVM,213,0.20247148288973385,34.60076045627377,55,24.706057552849913,55,48.127890271051854,158
CHEMBL238_Ki,23,1023,SVM,213,0.20247148288973385,29.84790874524715,55,36.61500560867553,55,52.286487746397796,158
CHEMBL239_EC50,0,1000,SVM,346,0.2010459035444509,28.936664729808253,142,76.396051154965,142,71.25104968463812,204
CHEMBL239_EC50,1,1001,SVM,346,0.2010459035444509,31.725740848343985,141,107.62753408221728,141,76.04614443644701,205
CHEMBL239_EC50,2,1002,SVM,346,0.2010459035444509,31.028471818710052,141,89.71572916693452,141,91.17876724963158,205
CHEMBL239_EC50,3,1003,SVM,346,0.2010459035444509,32.88785589773388,142,68.0688068772164,142,121.95507837643021,204
CHEMBL239_EC50,4,1004,SVM,346,0.2010459035444509,31.14468332364904,142,85.15020487484787,142,75.24582695792182,204
CHEMBL239_EC50,5,1005,SVM,346,0.2010459035444509,33.35270191748983,142,85.83056199054451,142,86.8328044811575,204
CHEMBL239_EC50,6,1006,SVM,345,0.20046484601975595,31.783846600813483,141,92.0102780808909,141,69.99777955216584,204
CHEMBL239_EC50,7,1007,SVM,346,0.2010459035444509,30.214991284137128,142,75.60130512319017,142,80.57447277878127,204
CHEMBL239_EC50,8,1008,SVM,346,0.2010459035444509,30.91226031377106,142,85.21643682226308,142,83.06807727022296,204
CHEMBL239_EC50,9,1009,SVM,347,0.20162696106914585,33.06217315514236,141,79.6345038899779,141,87.96606296655696,206
CHEMBL239_EC50,10,1010,SVM,347,0.20162696106914585,31.66763509587449,141,67.8931086374892,141,117.88721600580938,206
CHEMBL239_EC50,11,1011,SVM,348,0.2022080185938408,33.120278907611855,142,102.38712438376797,142,75.35687502933366,206
CHEMBL239_EC50,12,1012,SVM,347,0.20162696106914585,31.20278907611854,142,90.09237345641965,142,81.73810209081918,205
CHEMBL239_EC50,13,1013,SVM,347,0.20162696106914585,32.94596165020337,142,103.89776336154455,142,68.27257270274961,205
CHEMBL239_EC50,14,1014,SVM,347,0.20162696106914585,32.01626961069145,141,91.97303116125059,141,79.06149323448764,206
CHEMBL239_EC50,15,1015,SVM,346,0.2010459035444509,32.19058686809994,142,80.38744820671741,142,91.30735088579493,204
CHEMBL239_EC50,16,1016,SVM,345,0.20046484601975595,32.13248111563045,141,89.40850603911377,141,83.70427650334152,204
CHEMBL239_EC50,17,1017,SVM,346,0.2010459035444509,33.35270191748983,142,88.93987273289711,142,70.27596560003303,204
CHEMBL239_EC50,18,1018,SVM,346,0.2010459035444509,32.30679837303893,142,86.7668037961956,142,87.71098884935424,204
CHEMBL239_EC50,19,1019,SVM,347,0.20162696106914585,31.5514235909355,141,88.43522387937699,141,90.44203986387559,206
CHEMBL239_EC50,20,1020,SVM,346,0.2010459035444509,31.37710633352702,141,94.06018630282733,141,77.59996803830929,205
CHEMBL239_EC50,21,1021,SVM,346,0.2010459035444509,32.655432887855895,142,72.85600894993448,142,60.74580351057614,204
CHEMBL239_EC50,22,1022,SVM,346,0.2010459035444509,31.841952353282977,141,81.80066847970221,141,63.48025475085666,205
CHEMBL239_EC50,23,1023,SVM,346,0.2010459035444509,31.14468332364904,142,96.52114372924771,142,69.00391785304237,204
CHEMBL244_Ki,0,1000,SVM,621,0.2005166289958024,31.256054246044556,296,196.48220973072983,296,108.43073459647175,325
CHEMBL244_Ki,1,1001,SVM,621,0.2005166289958024,32.87051985792703,296,180.39136018832815,296,109.94641652444643,325
CHEMBL244_Ki,2,1002,SVM,621,0.2005166289958024,30.67484662576687,296,167.45334034117514,296,131.35845565994072,325
CHEMBL244_Ki,3,1003,SVM,621,0.2005166289958024,31.19147562156926,296,156.20050940159825,296,129.55756120415418,325
CHEMBL244_Ki,4,1004,SVM,621,0.2005166289958024,31.64352599289635,296,214.1297234375515,296,106.1870063427528,325
CHEMBL244_Ki,5,1005,SVM,621,0.2005166289958024,32.483048111075234,296,190.13120182540518,296,143.39902542994363,325
CHEMBL244_Ki,6,1006,SVM,621,0.2005166289958024,33.710041976105906,296,175.7039983074013,296,140.4932464519903,325
CHEMBL244_Ki,7,1007,SVM,621,0.2005166289958024,32.935098482402324,296,187.38632342523061,296,96.86831632958001,325
CHEMBL244_Ki,8,1008,SVM,621,0.2005166289958024,32.61220536002583,296,190.4137875099353,296,132.48302420343015,325
CHEMBL244_Ki,9,1009,SVM,621,0.2005166289958024,32.741362608976424,297,165.58596041070396,297,119.11644069943935,324
CHEMBL244_Ki,10,1010,SVM,621,0.2005166289958024,32.41846948659994,296,189.7349699557643,296,107.1524166400309,325
CHEMBL244_Ki,11,1011,SVM,621,0.2005166289958024,32.22473361317404,296,192.09142583335634,296,130.12442554358475,325
CHEMBL244_Ki,12,1012,SVM,621,0.2005166289958024,31.19147562156926,296,227.3922661012809,296,123.87400356175925,325
CHEMBL244_Ki,13,1013,SVM,621,0.2005166289958024,32.353890862124636,296,228.7402753215207,296,127.4426623985961,325
CHEMBL244_Ki,14,1014,SVM,621,0.2005166289958024,32.54762673555053,296,179.20961176272408,296,133.55667376590208,325
CHEMBL244_Ki,15,1015,SVM,621,0.2005166289958024,31.449790119470457,296,198.04742927818472,296,122.61084128439629,325
CHEMBL244_Ki,16,1016,SVM,621,0.2005166289958024,31.64352599289635,296,201.5481541486891,296,122.46810039266285,325
CHEMBL244_Ki,17,1017,SVM,621,0.2005166289958024,32.87051985792703,296,201.80163775068343,296,132.18056327617612,325
CHEMBL244_Ki,18,1018,SVM,621,0.2005166289958024,32.741362608976424,296,200.2836148516165,296,128.0071985550609,325
CHEMBL244_Ki,19,1019,SVM,621,0.2005166289958024,32.16015498869874,296,174.32150818491397,296,92.80423630542762,325
CHEMBL244_Ki,20,1020,SVM,621,0.2005166289958024,32.030997739748145,296,232.56178936060005,296,103.90679506117432,325
CHEMBL244_Ki,21,1021,SVM,621,0.2005166289958024,32.289312237649334,296,211.3357318948383,296,156.09653636632586,325
CHEMBL244_Ki,22,1022,SVM,621,0.2005166289958024,32.87051985792703,296,183.5968038102697,296,123.99387113294792,325
CHEMBL244_Ki,23,1023,SVM,621,0.2005166289958024,31.19147562156926,296,200.992244816229,296,109.2509744364784,325
CHEMBL262_Ki,0,1000,SVM,173,0.20210280373831777,29.439252336448597,32,16.440072987720193,32,98.61366637852232,141
CHEMBL262_Ki,1,1001,SVM,173,0.20210280373831777,32.242990654205606,32,22.99738891321779,32,71.24301181263714,141
CHEMBL262_Ki,2,1002,SVM,173,0.20210280373831777,32.476635514018696,32,13.255379410780447,32,81.07117876216702,141
CHEMBL262_Ki,3,1003,SVM,173,0.20210280373831777,32.242990654205606,32,16.461399157702456,32,75.69507201492088,141
CHEMBL262_Ki,4,1004,SVM,173,0.20210280373831777,28.738317757009348,32,24.998660714026656,32,79.25873195047564,141
CHEMBL262_Ki,5,1005,SVM,173,0.20210280373831777,34.112149532710276,32,25.64421386978563,32,67.98548322633604,141
CHEMBL262_Ki,6,1006,SVM,173,0.20210280373831777,32.71028037383177,32,14.312328714700126,32,53.38561741223879,141
CHEMBL262_Ki,7,1007,SVM,173,0.20210280373831777,30.140186915887853,32,16.850067889745574,32,60.873685092420104,141
CHEMBL262_Ki,8,1008,SVM,173,0.20210280373831777,33.177570093457945,32,22.897202312258297,32,62.57351359388096,141
CHEMBL262_Ki,9,1009,SVM,173,0.20210280373831777,34.345794392523366,32,13.926569699339453,32,80.39944770952317,141
CHEMBL262_Ki,10,1010,SVM,173,0.20210280373831777,30.140186915887853,32,13.391189110559104,32,64.39981381043438,141
CHEMBL262_Ki,11,1011,SVM,173,0.20210280373831777,32.476635514018696,32,20.692367927070528,32,64.52838287043838,141
CHEMBL262_Ki,12,1012,SVM,173,0.20210280373831777,31.074766355140188,32,10.878664795447154,32,58.633815590090315,141
CHEMBL262_Ki,13,1013,SVM,173,0.20210280373831777,31.775700934579437,32,15.487631876466548,32,74.12676608380022,141
CHEMBL262_Ki,14,1014,SVM,173,0.20210280373831777,32.00934579439252,32,15.200863346527768,32,59.25926127786901,141
CHEMBL262_Ki,15,1015,SVM,173,0.20210280373831777,31.308411214953267,32,13.141764577374268,32,86.87109051822263,141
CHEMBL262_Ki,16,1016,SVM,173,0.20210280373831777,30.8411214953271,32,19.425290690782102,32,48.64386285018546,141
CHEMBL262_Ki,17,1017,SVM,173,0.20210280373831777,32.94392523364486,32,21.165947379979915,32,64.80137060388272,141
CHEMBL262_Ki,18,1018,SVM,173,0.20210280373831777,31.308411214953267,32,14.70170407883136,32,64.71122273846828,141
CHEMBL262_Ki,19,1019,SVM,173,0.20210280373831777,31.074766355140188,32,18.833125192128527,32,72.44173787710267,141
CHEMBL262_Ki,20,1020,SVM,173,0.20210280373831777,32.71028037383177,32,20.260574327930378,32,64.06768287835021,141
CHEMBL262_Ki,21,1021,SVM,173,0.20210280373831777,33.41121495327103,32,24.878101314484972,32,88.39664602256286,141
CHEMBL262_Ki,22,1022,SVM,173,0.20210280373831777,33.8785046728972,32,15.850604296282588,32,59.95523511488834,141
CHEMBL262_Ki,23,1023,SVM,173,0.20210280373831777,28.738317757009348,32,12.414325698144296,32,68.83847226114881,141
CHEMBL264_Ki,0,1000,SVM,575,0.20090845562543674,31.62124388539483,239,94.86359371034634,239,109.88889039382289,336
CHEMBL264_Ki,1,1001,SVM,574,0.20055904961565338,31.72606568832984,239,84.69253268677764,239,122.50840450692586,335
CHEMBL264_Ki,2,1002,SVM,574,0.20055904961565338,32.56464011180992,239,99.48594824785155,239,116.00150152867243,335
CHEMBL264_Ki,3,1003,SVM,574,0.20055904961565338,31.586303284416488,239,86.80354358591254,239,109.63600040082105,335
CHEMBL264_Ki,4,1004,SVM,575,0.20090845562543674,31.551362683438157,239,118.99904665619664,239,97.78450464185374,336
CHEMBL264_Ki,5,1005,SVM,575,0.20090845562543674,32.739343116701605,239,114.35720478857459,239,114.6595885950319,336
CHEMBL264_Ki,6,1006,SVM,575,0.20090845562543674,33.22851153039832,239,105.45394689579808,239,114.24568146040042,336
CHEMBL264_Ki,7,1007,SVM,575,0.20090845562543674,32.18029350104822,239,108.20143472555041,239,115.46150659492741,336
CHEMBL264_Ki,8,1008,SVM,574,0.20055904961565338,32.42487770789658,239,94.53357115511831,239,79.37754449233415,335
CHEMBL264_Ki,9,1009,SVM,574,0.20055904961565338,32.21523410202656,239,113.21043001674144,239,113.6061832851382,335
CHEMBL264_Ki,10,1010,SVM,575,0.20090845562543674,32.45981830887491,239,97.34448328351917,239,106.8673598764021,336
CHEMBL264_Ki,11,1011,SVM,574,0.20055904961565338,33.89238294898672,239,92.35736654089271,239,113.40757936064172,335
CHEMBL264_Ki,12,1012,SVM,574,0.20055904961565338,32.84416491963662,239,86.03206896571538,239,107.80431386458503,335
CHEMBL264_Ki,13,1013,SVM,574,0.20055904961565338,32.6345213137666,239,99.75695383499306,239,107.21903965758294,335
CHEMBL264_Ki,14,1014,SVM,575,0.20090845562543674,32.11041229909154,239,89.06716764969856,239,111.77765833526868,336
CHEMBL264_Ki,15,1015,SVM,574,0.20055904961565338,31.236897274633122,239,117.55435696276069,239,129.9145381917409,335
CHEMBL264_Ki,16,1016,SVM,575,0.20090845562543674,32.11041229909154,240,92.67510514795853,240,104.03399993036743,335
CHEMBL264_Ki,17,1017,SVM,575,0.20090845562543674,30.92243186582809,239,88.50295593584036,239,124.31577879494088,336
CHEMBL264_Ki,18,1018,SVM,574,0.20055904961565338,31.795946890286515,239,108.40317597442935,239,117.90109026580569,335
CHEMBL264_Ki,19,1019,SVM,574,0.20055904961565338,31.93570929419986,239,111.15108207495288,239,106.78075665771173,335
CHEMBL264_Ki,20,1020,SVM,574,0.20055904961565338,32.42487770789658,239,91.56670023843367,239,122.70891734114728,335
CHEMBL264_Ki,21,1021,SVM,575,0.20090845562543674,32.45981830887491,239,96.53335385394018,239,129.57941672337614,336
CHEMBL264_Ki,22,1022,SVM,575,0.20090845562543674,32.38993710691824,239,106.31646522473741,239,125.68857266623846,336
CHEMBL264_Ki,23,1023,SVM,574,0.20055904961565338,31.795946890286515,238,103.15255268073486,238,141.5296328639211,336
CHEMBL2835_Ki,0,1000,SVM,126,0.2048780487804878,31.869918699186993,13,11.66669854887969,13,20.799615851795483,113
CHEMBL2835_Ki,1,1001,SVM,126,0.2048780487804878,33.4959349593496,13,7.100713660124146,13,17.140836946422983,113
CHEMBL2835_Ki,2,1002,SVM,126,0.2048780487804878,31.869918699186993,13,5.339849240878978,13,20.977478725313226,113
CHEMBL2835_Ki,3,1003,SVM,126,0.2048780487804878,32.52032520325203,13,7.469629244575061,13,10.289144124363077,113
CHEMBL2835_Ki,4,1004,SVM,126,0.2048780487804878,29.91869918699187,13,9.779421065655772,13,12.043503588412833,113
CHEMBL2835_Ki,5,1005,SVM,126,0.2048780487804878,34.796747967479675,13,7.6699100294231055,13,13.558716068403456,113
CHEMBL2835_Ki,6,1006,SVM,126,0.2048780487804878,33.82113821138211,13,4.997467555919464,13,17.584413904792207,113
CHEMBL2835_Ki,7,1007,SVM,126,0.2048780487804878,31.54471544715447,13,7.7505383534611205,13,17.08123857367247,113
CHEMBL2835_Ki,8,1008,SVM,126,0.2048780487804878,35.44715447154472,13,6.060701525874699,13,15.349918753556343,113
CHEMBL2835_Ki,9,1009,SVM,126,0.2048780487804878,32.52032520325203,13,6.253048852710358,13,8.657922878943287,113
CHEMBL2835_Ki,10,1010,SVM,126,0.2048780487804878,33.4959349593496,13,9.17478674061649,13,12.933410726452774,113
CHEMBL2835_Ki,11,1011,SVM,126,0.2048780487804878,33.82113821138211,13,7.087671768937744,13,14.332002846019751,113
CHEMBL2835_Ki,12,1012,SVM,126,0.2048780487804878,30.89430894308943,13,7.619436270183869,13,14.373906375404857,113
CHEMBL2835_Ki,13,1013,SVM,126,0.2048780487804878,31.54471544715447,13,15.771641603789293,13,11.856417920749067,113
CHEMBL2835_Ki,14,1014,SVM,126,0.2048780487804878,33.82113821138211,13,5.343488865221096,13,18.624546169125466,113
CHEMBL2835_Ki,15,1015,SVM,126,0.2048780487804878,30.89430894308943,13,8.462295848987823,13,8.959942914870918,113
CHEMBL2835_Ki,16,1016,SVM,126,0.2048780487804878,31.869918699186993,13,8.05509072611178,13,18.65720575744746,113
CHEMBL2835_Ki,17,1017,SVM,126,0.2048780487804878,33.170731707317074,13,7.570565050756606,13,13.60706201951035,113
CHEMBL2835_Ki,18,1018,SVM,126,0.2048780487804878,34.47154471544715,13,15.541714207147846,13,16.11936554304614,113
CHEMBL2835_Ki,19,1019,SVM,126,0.2048780487804878,32.52032520325203,13,8.389673545132938,13,13.174425487643717,113
CHEMBL2835_Ki,20,1020,SVM,126,0.2048780487804878,33.170731707317074,13,9.128261032857651,13,8.714539682568692,113
CHEMBL2835_Ki,21,1021,SVM,126,0.2048780487804878,31.54471544715447,13,5.814349180767355,13,14.144404695100489,113
CHEMBL2835_Ki,22,1022,SVM,126,0.2048780487804878,34.47154471544715,13,7.724835652547273,13,14.958454999418594,113
CHEMBL2835_Ki,23,1023,SVM,126,0.2048780487804878,28.943089430894307,13,7.5249056409531345,13,9.187555179593064,113
CHEMBL287_Ki,0,1000,SVM,267,0.20105421686746988,31.099397590361445,103,62.738004783666646,103,96.33459986497701,164
CHEMBL287_Ki,1,1001,SVM,268,0.20180722891566266,31.92771084337349,104,64.12866057360179,104,97.27883707130079,164
CHEMBL287_Ki,2,1002,SVM,267,0.20105421686746988,30.948795180722893,102,65.49037773108033,102,72.41419896096382,165
CHEMBL287_Ki,3,1003,SVM,268,0.20180722891566266,31.32530120481928,103,64.1387433407334,103,78.9485868779684,165
CHEMBL287_Ki,4,1004,SVM,267,0.20105421686746988,32.00301204819277,103,64.55431456578425,103,98.29950709917122,164
CHEMBL287_Ki,5,1005,SVM,268,0.20180722891566266,33.8855421686747,104,70.51504294856554,104,81.10740316298308,164
CHEMBL287_Ki,6,1006,SVM,267,0.20105421686746988,32.9066265060241,103,59.83035535637258,103,69.33602175414126,164
CHEMBL287_Ki,7,1007,SVM,267,0.20105421686746988,30.49698795180723,103,65.89790147272544,103,92.96390452211944,164
CHEMBL287_Ki,8,1008,SVM,268,0.20180722891566266,33.28313253012048,103,55.40182626912996,103,88.69693979688742,165
CHEMBL287_Ki,9,1009,SVM,267,0.20105421686746988,32.605421686746986,103,69.24139169969452,103,64.46372618117724,164
CHEMBL287_Ki,10,1010,SVM,267,0.20105421686746988,34.11144578313253,103,72.25721796960505,103,88.5566157211934,164
CHEMBL287_Ki,11,1011,SVM,267,0.20105421686746988,31.551204819277107,103,75.18984007441303,103,81.56729962106687,164
CHEMBL287_Ki,12,1012,SVM,267,0.20105421686746988,32.605421686746986,103,43.662604690126614,103,92.70761229473848,164
CHEMBL287_Ki,13,1013,SVM,267,0.20105421686746988,32.605421686746986,103,52.05843299812264,103,54.71392898839286,164
CHEMBL287_Ki,14,1014,SVM,267,0.20105421686746988,32.30421686746988,102,58.04251770719161,102,81.98503841915769,165
CHEMBL287_Ki,15,1015,SVM,267,0.20105421686746988,31.099397590361445,103,53.118744567735924,103,74.12167278682595,164
CHEMBL287_Ki,16,1016,SVM,267,0.20105421686746988,33.05722891566265,102,64.52378154738246,102,82.4569507620318,165
CHEMBL287_Ki,17,1017,SVM,268,0.20180722891566266,32.22891566265061,104,67.70303686413362,104,81.0995447447592,164
CHEMBL287_Ki,18,1018,SVM,268,0.20180722891566266,31.32530120481928,102,59.643395498688186,102,76.21050961861711,166
CHEMBL287_Ki,19,1019,SVM,267,0.20105421686746988,31.701807228915662,102,43.4394989446572,102,89.1137549166367,165
CHEMBL287_Ki,20,1020,SVM,267,0.20105421686746988,31.701807228915662,102,49.68390963393637,102,79.15877744811591,165
CHEMBL287_Ki,21,1021,SVM,268,0.20180722891566266,32.98192771084337,103,55.89377658052507,103,88.60380806924172,165
CHEMBL287_Ki,22,1022,SVM,268,0.20180722891566266,33.433734939759034,103,65.77230049749946,103,58.37035454131154,165
CHEMBL287_Ki,23,1023,SVM,268,0.20180722891566266,31.17469879518072,104,68.82275560117915,104,73.20125586446639,164
CHEMBL2971_Ki,0,1000,SVM,197,0.20184426229508196,29.713114754098363,34,23.553054635162493,34,67.20451465806352,163
CHEMBL2971_Ki,1,1001,SVM,197,0.20184426229508196,30.122950819672127,34,20.022421801875257,34,49.33303101960673,163
CHEMBL2971_Ki,2,1002,SVM,197,0.20184426229508196,31.147540983606557,34,19.40672916810309,34,67.44425076434915,163
CHEMBL2971_Ki,3,1003,SVM,198,0.2028688524590164,33.709016393442624,34,17.975466044397457,34,57.6512585768531,164
CHEMBL2971_Ki,4,1004,SVM,197,0.20184426229508196,32.58196721311475,34,20.522182117524288,34,63.802850117854234,163
CHEMBL2971_Ki,5,1005,SVM,197,0.20184426229508196,30.737704918032787,34,18.491862155413934,34,60.50203820980767,163
CHEMBL2971_Ki,6,1006,SVM,197,0.20184426229508196,31.762295081967213,34,17.694300976295796,34,46.98876738527174,163
CHEMBL2971_Ki,7,1007,SVM,197,0.20184426229508196,31.762295081967213,34,16.040653221140534,34,58.13795015932195,163
CHEMBL2971_Ki,8,1008,SVM,198,0.2028688524590164,32.27459016393443,34,20.199342735344644,34,63.486423040670005,164
CHEMBL2971_Ki,9,1009,SVM,197,0.20184426229508196,33.19672131147541,34,19.726487645019628,34,41.905547144576154,163
CHEMBL2971_Ki,10,1010,SVM,198,0.2028688524590164,31.454918032786882,34,25.109040660410958,34,47.078982737305594,164
CHEMBL2971_Ki,11,1011,SVM,197,0.20184426229508196,32.17213114754098,34,16.87241569302228,34,58.64658316128959,163
CHEMBL2971_Ki,12,1012,SVM,197,0.20184426229508196,31.352459016393443,34,19.127373112336915,34,77.76908517829767,163
CHEMBL2971_Ki,13,1013,SVM,198,0.2028688524590164,33.09426229508197,34,19.71946375969621,34,46.88041864247749,164
CHEMBL2971_Ki,14,1014,SVM,197,0.20184426229508196,30.942622950819672,34,20.224333571145525,34,67.26109113667536,163
CHEMBL2971_Ki,15,1015,SVM,197,0.20184426229508196,31.147540983606557,34,15.902976391007408,34,47.241337884950916,163
CHEMBL2971_Ki,16,1016,SVM,197,0.20184426229508196,31.557377049180328,34,19.65663127648081,34,73.92367260633101,163
CHEMBL2971_Ki,17,1017,SVM,197,0.20184426229508196,31.352459016393443,34,20.773783146693464,34,62.79452319712286,163
CHEMBL2971_Ki,18,1018,SVM,197,0.20184426229508196,30.942622950819672,34,17.445103573952085,34,54.014640798859425,163
CHEMBL2971_Ki,19,1019,SVM,197,0.20184426229508196,32.78688524590164,34,23.70790403173263,34,46.95590480224344,163
CHEMBL2971_Ki,20,1020,SVM,197,0.20184426229508196,33.81147540983606,34,17.355855501697114,34,50.54848413524424,163
CHEMBL2971_Ki,21,1021,SVM,197,0.20184426229508196,32.58196721311475,34,12.635502712486979,34,53.995326733422615,163
CHEMBL2971_Ki,22,1022,SVM,197,0.20184426229508196,34.83606557377049,34,17.855776502716836,34,72.33318919829695,163
CHEMBL2971_Ki,23,1023,SVM,197,0.20184426229508196,33.60655737704918,34,28.315845858215543,34,55.69289749296743,163
CHEMBL3979_EC50,0,1000,SVM,226,0.2008888888888889,31.466666666666665,94,48.962975973527946,94,35.52860132337999,132
CHEMBL3979_EC50,1,1001,SVM,226,0.2008888888888889,31.288888888888888,94,46.58479721584884,94,54.317757082245414,132
CHEMBL3979_EC50,2,1002,SVM,226,0.2008888888888889,30.044444444444444,94,34.71447657336789,94,40.05759059658447,132
CHEMBL3979_EC50,3,1003,SVM,226,0.2008888888888889,32.711111111111116,94,43.50480584275752,94,37.77644657998448,132
CHEMBL3979_EC50,4,1004,SVM,226,0.2008888888888889,30.044444444444444,94,45.73047588346306,94,40.94902053195838,132
CHEMBL3979_EC50,5,1005,SVM,226,0.2008888888888889,33.06666666666666,94,57.882247693283226,94,38.723206112904315,132
CHEMBL3979_EC50,6,1006,SVM,226,0.2008888888888889,33.06666666666666,94,39.500118646607746,94,37.42800534060804,132
CHEMBL3979_EC50,7,1007,SVM,226,0.2008888888888889,30.75555555555556,94,34.7316638986718,94,52.7142256380579,132
CHEMBL3979_EC50,8,1008,SVM,226,0.2008888888888889,31.644444444444442,94,33.64836461819482,94,44.59515997983603,132
CHEMBL3979_EC50,9,1009,SVM,226,0.2008888888888889,33.06666666666666,94,37.283683581649726,94,44.23193611611855,132
CHEMBL3979_EC50,10,1010,SVM,226,0.2008888888888889,29.688888888888886,94,55.39318723943299,94,56.264444259030185,132
CHEMBL3979_EC50,11,1011,SVM,226,0.2008888888888889,33.24444444444444,94,48.950191618126034,94,41.25466011718324,132
CHEMBL3979_EC50,12,1012,SVM,226,0.2008888888888889,29.688888888888886,94,48.434102124897144,94,31.265452008553183,132
CHEMBL3979_EC50,13,1013,SVM,227,0.20177777777777778,32.800000000000004,94,50.19643404004852,94,54.956636434977966,133
CHEMBL3979_EC50,14,1014,SVM,226,0.2008888888888889,32.0,94,43.14036403167007,94,59.45658851319253,132
CHEMBL3979_EC50,15,1015,SVM,226,0.2008888888888889,30.577777777777776,94,56.607595900432685,94,39.27790713917485,132
CHEMBL3979_EC50,16,1016,SVM,226,0.2008888888888889,30.044444444444444,94,49.161933918839786,94,36.05466636239126,132
CHEMBL3979_EC50,17,1017,SVM,226,0.2008888888888889,31.822222222222223,94,36.005318969046755,94,52.73826995288606,132
CHEMBL3979_EC50,18,1018,SVM,226,0.2008888888888889,32.0,94,47.268295922974005,94,34.73047964822341,132
CHEMBL3979_EC50,19,1019,SVM,226,0.2008888888888889,31.11111111111111,94,46.54002693068778,94,40.01954655611327,132
CHEMBL3979_EC50,20,1020,SVM,226,0.2008888888888889,32.17777777777778,94,53.477252970538025,94,36.11176301417056,132
CHEMBL3979_EC50,21,1021,SVM,226,0.2008888888888889,32.17777777777778,94,36.09035612614109,94,35.13819985134782,132
CHEMBL3979_EC50,22,1022,SVM,226,0.2008888888888889,33.24444444444444,94,38.73931170457346,94,66.81114504585996,132
CHEMBL3979_EC50,23,1023,SVM,226,0.2008888888888889,31.288888888888888,94,37.681751165677305,94,62.32713088748134,132
CHEMBL4005_Ki,0,1000,SVM,193,0.20104166666666667,30.208333333333332,81,39.38059732622145,81,20.791829720976814,112
CHEMBL4005_Ki,1,1001,SVM,193,0.20104166666666667,33.541666666666664,81,36.47473913748235,81,24.053625737778503,112
CHEMBL4005_Ki,2,1002,SVM,193,0.20104166666666667,28.958333333333336,81,34.45895214162689,81,29.483247877436924,112
CHEMBL4005_Ki,3,1003,SVM,193,0.20104166666666667,32.29166666666667,81,40.61462841479608,81,32.124596429452296,112
CHEMBL4005_Ki,4,1004,SVM,193,0.20104166666666667,30.0,81,36.21043783560773,81,34.49441784562496,112
CHEMBL4005_Ki,5,1005,SVM,193,0.20104166666666667,32.916666666666664,81,45.38902695149647,81,33.03280119306463,112
CHEMBL4005_Ki,6,1006,SVM,193,0.20104166666666667,32.29166666666667,81,29.563996046872436,81,39.87171242833793,112
CHEMBL4005_Ki,7,1007,SVM,193,0.20104166666666667,31.25,81,29.36055636140372,81,32.67984384471531,112
CHEMBL4005_Ki,8,1008,SVM,193,0.20104166666666667,31.25,81,33.67470885828038,81,29.995985119995268,112
CHEMBL4005_Ki,9,1009,SVM,193,0.20104166666666667,34.583333333333336,81,33.52772083336305,81,31.203520648956523,112
CHEMBL4005_Ki,10,1010,SVM,193,0.20104166666666667,32.083333333333336,81,49.184136225446025,81,29.214309003727823,112
CHEMBL4005_Ki,11,1011,SVM,193,0.20104166666666667,31.25,81,49.46876498960435,81,31.865621335720085,112
CHEMBL4005_Ki,12,1012,SVM,193,0.20104166666666667,31.041666666666668,81,34.076507838942966,81,36.48608673093671,112
CHEMBL4005_Ki,13,1013,SVM,193,0.20104166666666667,33.33333333333333,81,35.23359644175225,81,33.37135479243812,112
CHEMBL4005_Ki,14,1014,SVM,193,0.20104166666666667,33.75,81,37.84528887834241,81,30.92312571469556,112
CHEMBL4005_Ki,15,1015,SVM,193,0.20104166666666667,32.29166666666667,81,42.07079762740779,81,31.45170594448591,112
CHEMBL4005_Ki,16,1016,SVM,193,0.20104166666666667,30.416666666666664,81,38.4436448552675,81,37.26391635896384,112
CHEMBL4005_Ki,17,1017,SVM,193,0.20104166666666667,31.458333333333332,81,38.45452181257121,81,28.668868391404217,112
CHEMBL4005_Ki,18,1018,SVM,193,0.20104166666666667,31.25,81,48.41835142130559,81,29.79594483985079,112
CHEMBL4005_Ki,19,1019,SVM,193,0.20104166666666667,31.666666666666664,81,33.29744305935059,81,30.99868966385778,112
CHEMBL4005_Ki,20,1020,SVM,193,0.20104166666666667,30.416666666666664,81,34.28781133327407,81,31.673726174520667,112
CHEMBL4005_Ki,21,1021,SVM,194,0.20208333333333334,32.8125,81,45.75326894529451,81,29.793712429027213,113
CHEMBL4005_Ki,22,1022,SVM,193,0.20104166666666667,34.166666666666664,81,45.2156228970179,81,38.78597444315658,112
CHEMBL4005_Ki,23,1023,SVM,193,0.20104166666666667,30.208333333333332,81,38.89730369249589,81,26.801671764334237,112
CHEMBL4203_Ki,0,1000,SVM,149,0.20383036935704515,28.18057455540356,13,10.363300510051973,13,71.91544023610443,136
CHEMBL4203_Ki,1,1001,SVM,149,0.20383036935704515,32.0109439124487,13,11.674253469470951,13,54.54703794893874,136
CHEMBL4203_Ki,2,1002,SVM,149,0.20383036935704515,29.00136798905609,13,12.602543542618136,13,79.68032623854256,136
CHEMBL4203_Ki,3,1003,SVM,149,0.20383036935704515,33.378932968536255,13,11.720896366322593,13,81.93494314218907,136
CHEMBL4203_Ki,4,1004,SVM,149,0.20383036935704515,27.906976744186046,13,10.653346078301473,13,75.03923427291582,136
CHEMBL4203_Ki,5,1005,SVM,148,0.2024623803009576,34.883720930232556,13,10.805022861398772,13,71.18584492534004,135
CHEMBL4203_Ki,6,1006,SVM,149,0.20383036935704515,32.83173734610123,13,9.256952753068827,13,65.30215320640532,136
CHEMBL4203_Ki,7,1007,SVM,149,0.20383036935704515,29.82216142270862,13,14.893057122711637,13,74.48541519718688,136
CHEMBL4203_Ki,8,1008,SVM,149,0.20383036935704515,32.55813953488372,13,13.958593753540836,13,68.68598044781996,136
CHEMBL4203_Ki,9,1009,SVM,149,0.20383036935704515,35.56771545827633,13,10.486336447458587,13,63.67903827561913,136
CHEMBL4203_Ki,10,1010,SVM,149,0.20383036935704515,33.65253077975376,13,9.056069432212007,13,66.51212623678096,136
CHEMBL4203_Ki,11,1011,SVM,149,0.20383036935704515,33.65253077975376,13,8.373031522425178,13,69.70247675464714,136
CHEMBL4203_Ki,12,1012,SVM,148,0.2024623803009576,32.14774281805746,13,14.142337866865015,13,65.45653375528735,135
CHEMBL4203_Ki,13,1013,SVM,149,0.20383036935704515,33.65253077975376,13,10.03259542440402,13,67.71721915266659,136
CHEMBL4203_Ki,14,1014,SVM,149,0.20383036935704515,32.83173734610123,13,8.237685597687992,13,62.42941153043827,136
CHEMBL4203_Ki,15,1015,SVM,149,0.20383036935704515,30.91655266757866,13,13.15629847463868,13,68.70515925473512,136
CHEMBL4203_Ki,16,1016,SVM,149,0.20383036935704515,30.91655266757866,13,7.967920850513447,13,85.04489472551238,136
CHEMBL4203_Ki,17,1017,SVM,149,0.20383036935704515,32.28454172366621,13,11.40351289002038,13,72.57093381924943,136
CHEMBL4203_Ki,18,1018,SVM,148,0.2024623803009576,33.2421340629275,13,13.085283252356644,13,66.7229056494735,135
CHEMBL4203_Ki,19,1019,SVM,148,0.2024623803009576,31.326949384404923,13,14.728030526191056,13,76.31115905791054,135
CHEMBL4203_Ki,20,1020,SVM,148,0.2024623803009576,32.14774281805746,13,8.875823387131952,13,68.69915443154922,135
CHEMBL4203_Ki,21,1021,SVM,149,0.20383036935704515,33.378932968536255,13,10.362410070772002,13,70.85067898881816,136
CHEMBL4203_Ki,22,1022,SVM,149,0.20383036935704515,33.926128590971274,13,9.612425972365518,13,80.87456003739905,136
CHEMBL4203_Ki,23,1023,SVM,149,0.20383036935704515,32.55813953488372,13,9.165498988577426,13,56.47145181878359,136
CHEMBL4616_EC50,0,1000,SVM,139,0.20381231671554254,31.085043988269796,73,41.12595965029467,73,37.81615364464046,66
CHEMBL4616_EC50,1,1001,SVM,139,0.20381231671554254,34.01759530791789,73,35.125095646008845,73,26.600292936601022,66
CHEMBL4616_EC50,2,1002,SVM,139,0.20381231671554254,31.085043988269796,73,37.56901681341394,73,27.36833314650651,66
CHEMBL4616_EC50,3,1003,SVM,139,0.20381231671554254,29.91202346041056,73,31.094558211367943,73,21.138728448572785,66
CHEMBL4616_EC50,4,1004,SVM,139,0.20381231671554254,28.445747800586513,73,34.950462012543106,73,23.100178506242266,66
CHEMBL4616_EC50,5,1005,SVM,139,0.20381231671554254,33.43108504398827,73,30.131680097083603,73,20.633609854717935,66
CHEMBL4616_EC50,6,1006,SVM,139,0.20381231671554254,32.84457478005865,73,47.44813985789688,73,15.570570439979956,66
CHEMBL4616_EC50,7,1007,SVM,139,0.20381231671554254,30.791788856304986,73,32.00187830427533,73,25.14255846487192,66
CHEMBL4616_EC50,8,1008,SVM,139,0.20381231671554254,33.137829912023456,73,32.55897332980648,73,27.29509129616461,66
CHEMBL4616_EC50,9,1009,SVM,139,0.20381231671554254,35.483870967741936,73,41.13768656725524,73,23.76861427106141,66
CHEMBL4616_EC50,10,1010,SVM,139,0.20381231671554254,31.671554252199414,73,48.58682198611366,73,29.60705468998154,66
CHEMBL4616_EC50,11,1011,SVM,139,0.20381231671554254,31.085043988269796,73,34.567824904172866,73,28.85686746440852,66
CHEMBL4616_EC50,12,1012,SVM,139,0.20381231671554254,30.498533724340177,73,38.56451710546366,73,31.53654842282927,66
CHEMBL4616_EC50,13,1013,SVM,139,0.20381231671554254,32.84457478005865,73,38.903297791143515,73,28.529215048236757,66
CHEMBL4616_EC50,14,1014,SVM,139,0.20381231671554254,34.60410557184751,73,43.08522857074586,73,28.888459441843885,66
CHEMBL4616_EC50,15,1015,SVM,139,0.20381231671554254,29.32551319648094,73,39.87362448812189,73,23.60455891688845,66
CHEMBL4616_EC50,16,1016,SVM,139,0.20381231671554254,28.152492668621704,73,36.194962236341595,73,27.362180758350288,66
CHEMBL4616_EC50,17,1017,SVM,139,0.20381231671554254,33.43108504398827,73,34.169967525946404,73,21.8729718850241,66
CHEMBL4616_EC50,18,1018,SVM,139,0.20381231671554254,32.84457478005865,73,43.22144500820566,73,25.905373223671493,66
CHEMBL4616_EC50,19,1019,SVM,139,0.20381231671554254,31.964809384164223,73,42.34704810661778,73,21.541943174084484,66
CHEMBL4616_EC50,20,1020,SVM,139,0.20381231671554254,31.085043988269796,73,39.055596315072215,73,28.696352727225396,66
CHEMBL4616_EC50,21,1021,SVM,139,0.20381231671554254,30.498533724340177,73,28.24233619853128,73,28.623513981343713,66
CHEMBL4616_EC50,22,1022,SVM,139,0.20381231671554254,35.483870967741936,73,30.041551146215294,73,21.139643747149083,66
CHEMBL4616_EC50,23,1023,SVM,139,0.20381231671554254,31.671554252199414,73,43.83546326949563,73,25.183580308817184,66
CHEMBL4792_Ki,0,1000,SVM,297,0.20190346702923181,29.09585316111489,160,73.66909697700297,160,42.106263967112525,137
CHEMBL4792_Ki,1,1001,SVM,297,0.20190346702923181,32.22297756628144,160,67.39093444051198,160,37.13777601099602,137
CHEMBL4792_Ki,2,1002,SVM,297,0.20190346702923181,30.18354860639021,160,74.98558889324158,160,33.42911259529733,137
CHEMBL4792_Ki,3,1003,SVM,297,0.20190346702923181,31.67912984364378,160,66.76921949510785,160,42.22278998282185,137
CHEMBL4792_Ki,4,1004,SVM,297,0.20190346702923181,29.231815091774305,160,78.60846473424857,160,36.0899710695541,137
CHEMBL4792_Ki,5,1005,SVM,297,0.20190346702923181,32.76682528891911,160,81.98983142345935,160,27.594489958138183,137
CHEMBL4792_Ki,6,1006,SVM,297,0.20190346702923181,34.126444595513256,160,66.54647271488531,160,31.594637072933786,137
CHEMBL4792_Ki,7,1007,SVM,297,0.20190346702923181,32.08701563562202,160,73.20623550216843,160,40.66292874848688,137
CHEMBL4792_Ki,8,1008,SVM,297,0.20190346702923181,32.08701563562202,160,76.52620053312309,160,52.33258080283214,137
CHEMBL4792_Ki,9,1009,SVM,297,0.20190346702923181,34.5343303874915,160,76.47974370248218,160,38.00471542784405,137
CHEMBL4792_Ki,10,1010,SVM,297,0.20190346702923181,32.63086335825969,160,74.35265252944887,160,35.46244403506306,137
CHEMBL4792_Ki,11,1011,SVM,297,0.20190346702923181,32.76682528891911,160,79.67520165471439,160,53.896647205499896,137
CHEMBL4792_Ki,12,1012,SVM,297,0.20190346702923181,30.86335825968729,160,60.95763226752676,160,44.06406134285098,137
CHEMBL4792_Ki,13,1013,SVM,297,0.20190346702923181,32.902787219578514,160,62.40218846780341,160,40.376017973877744,137
CHEMBL4792_Ki,14,1014,SVM,297,0.20190346702923181,32.08701563562202,160,65.13729545131093,160,65.88995780309413,137
CHEMBL4792_Ki,15,1015,SVM,297,0.20190346702923181,29.91162474507138,160,64.70819975551971,160,34.078350072838674,137
CHEMBL4792_Ki,16,1016,SVM,297,0.20190346702923181,30.727396329027872,160,79.91537531262796,160,41.82839960855859,137
CHEMBL4792_Ki,17,1017,SVM,297,0.20190346702923181,31.40720598232495,160,69.82561506818604,160,50.05504433370581,137
CHEMBL4792_Ki,18,1018,SVM,297,0.20190346702923181,33.03874915023793,160,72.80618112231102,160,48.26876561313769,137
CHEMBL4792_Ki,19,1019,SVM,297,0.20190346702923181,29.91162474507138,160,85.3331724260364,160,39.24443969882415,137
CHEMBL4792_Ki,20,1020,SVM,297,0.20190346702923181,31.13528212100612,160,71.98664123221897,160,42.00183627998112,137
CHEMBL4792_Ki,21,1021,SVM,297,0.20190346702923181,32.76682528891911,160,67.92074912548968,160,37.307387560928944,137
CHEMBL4792_Ki,22,1022,SVM,297,0.20190346702923181,34.5343303874915,160,66.79703254699203,160,35.62080751570849,137
CHEMBL4792_Ki,23,1023,SVM,297,0.20190346702923181,31.67912984364378,160,80.1485313276055,160,32.148151773111856,137
