smiles,y_pEC50_pKi,exp_mean_nM,cliff_mol_shipped,D0_recomputed,D1_ecfp4_strict,D2_invariant,D3_mmp,D3_mmp_size_capped_13
Cn1c(C(=O)NN2CCCCC2)nc(-c2ccc(Cl)cc2)c1-c1ccc(Cl)cc1,7.0,100.0,1,1,0,0,1,1
Cn1c(C(=O)NC2CCCCC2)nc(-c2ccc(Cl)cc2)c1-c1ccc(Cl)cc1,6.301029995663981,500.0,1,1,0,0,1,1
Cn1c(C(=O)NN2CCCCC2)nc(-c2ccc(Cl)cc2Cl)c1-c1ccc(Cl)cc1,8.301029995663981,5.0,1,1,0,1,1,1
Cn1c(C(=O)NC2CCCCC2)nc(-c2ccc(Cl)cc2Cl)c1-c1ccc(Cl)cc1,7.744727494896693,18.0,1,1,0,1,1,1
N#Cc1cc(-c2ccc(Cl)cc2)c(-c2ccc(Cl)cc2Cl)nc1OCc1ccc(F)c(F)c1,8.096910013008056,8.0,0,0,0,0,0,0
CCNC(=O)c1cc(-c2ccc(Cl)cc2)c(-c2ccc(Cl)cc2Cl)nc1OCc1ccccc1,7.67778070526608,21.0,0,0,0,0,0,0
CCNC(=O)c1cc(-c2ccc(Cl)cc2)c(-c2ccc(Cl)cc2Cl)nc1OCc1ccc(F)c(F)c1,7.886056647693163,13.0,0,0,0,0,0,0
CCCNC(=O)c1cc(-c2ccc(Cl)cc2)c(-c2ccc(Cl)cc2Cl)nc1OCc1ccc(F)c(F)c1,7.301029995663981,50.0,0,0,0,0,0,0
N#Cc1cc(-c2ccc(Cl)cc2)c(-c2ccc(Cl)cc2Cl)nc1OCc1ccccc1,7.552841968657781,28.0,0,0,0,0,0,0
O=C1C(c2ccccc2)N(c2ccc(Cl)cc2)C(=O)N1c1ccc(Cl)cc1,6.510041520575165,309.0,0,0,0,0,0,0
O=C1C(c2ccccc2)N(c2cccc(I)c2)C(=S)N1c1cccc(I)c1,6.336299074610352,461.0,0,0,0,0,0,0
O=C1C(c2ccccc2)N(c2ccc(Br)cc2)C(=S)N1c1ccc(Br)cc1,5.789413975094844,1624.0,0,0,0,0,0,0
O=C1C(c2ccccc2)N(c2ccc(Cl)cc2)C(=S)N1c1ccc(Cl)cc1,5.677160727313679,2103.0,1,1,0,1,0,0
O=C1C(c2ccc(Br)cc2)N(c2ccc(Cl)cc2)C(=O)N1c1ccc(Cl)cc1,5.908684840302777,1234.0,0,0,0,0,0,0
O=C1C(c2ccc(Cl)cc2)N(c2ccc(Cl)cc2)C(=O)N1c1ccc(Cl)cc1,5.952725132615821,1115.0,0,0,0,0,0,0
O=C1C(c2ccccc2)N(c2ccc(Br)cc2)C(=O)N1c1ccc(Br)cc1,6.709965388637482,195.0,1,1,0,1,0,0
O=C1C(c2ccccc2)N(c2cccc(Cl)c2)C(=O)N1c1cccc(Cl)c1,6.028724151261895,936.0,0,0,0,0,0,0
C[C@H](NC(=O)C(C)(C)Oc1ccc(C(F)(F)F)cn1)[C@@H](Cc1ccc(Cl)cc1)c1cccc(C#N)c1,8.619788758288394,2.4,0,0,0,0,0,0
O=C(Nc1ccc(Cl)cc1)NC(c1ccc(Cl)cc1)c1ccc(Cl)cc1,5.978810700930062,1050.0,0,0,0,0,0,0
CCCCCCC(C)(C)c1cc(O)c2c(c1)OC(C)(C)[C@H]1CC=C(CO)C[C@H]21,9.221848749616356,0.6,1,1,0,0,0,0
S=C(Nc1ccc(Cl)cc1)NC(c1ccc(Br)cc1)c1ccc(Br)cc1,5.903089986991944,1250.0,0,0,0,0,0,0
O=C(Nc1ccc(Br)cc1)NC(c1ccc(Br)cc1)c1ccc(Br)cc1,6.301029995663981,500.0,0,0,0,0,0,0
O=C(Nc1ccc(Cl)cc1)NC(c1ccc(Br)cc1)c1ccc(Br)cc1,6.346787486224656,450.0,0,0,0,0,0,0
O=C(Nc1ccc(Br)cc1)NC(c1ccc(Cl)cc1)c1ccc(Cl)cc1,6.154901959985743,700.0,0,0,0,0,0,0
CCCCC/C=C\C/C=C\C/C=C\C/C=C\CCCC(=O)OC(CO)CO,7.638272163982407,23.0,0,0,0,0,0,0
CCCCCOc1ccc(C(=O)c2cccc3ccccc23)c2ccccc12,7.139661993429006,72.5,0,0,0,0,0,0
Cc1ccc(C(=O)Oc2cccc3cccnc23)cc1S(=O)(=O)N1CCCCC1,8.0,10.0,1,1,0,1,1,1
O=C(Nc1ccc(Cl)c(S(=O)(=O)N2CCOCC2)c1)c1ccccc1,6.199998172182031,630.96,0,0,0,0,0,0
O=C(Nc1ccc(Cl)c(S(=O)(=O)N2CCOCC2)c1)c1cccc2ccccc12,6.0999990348465305,794.33,0,0,0,0,0,0
Cc1ccc(NC(=O)c2cccc(C#N)c2)cc1S(=O)(=O)N1CCOCC1,5.300000202445418,5011.87,0,0,0,0,1,1
O=C(Nc1ccccc1O)c1ccc(Cl)c(S(=O)(=O)N2CCCCCC2)c1,5.899998417198648,1258.93,0,0,0,0,0,0
Cc1ccc(C(=O)Nc2cccc3cnccc23)cc1S(=O)(=O)N1CCCCC1,5.200000237109354,6309.57,1,1,0,1,1,1
Cc1ccc(C(=O)Oc2ccccc2Br)cc1S(=O)(=O)N1CCOCC1,6.399996913372259,398.11,0,0,0,0,1,1
COc1ccccc1OC(=O)c1ccc(C)c(S(=O)(=O)N2CCOCC2)c1,7.199970640755866,63.1,0,0,0,0,1,1
O=C(Oc1cccc2cccnc12)c1cccc(S(=O)(=O)N2CCCC2)c1,6.199998172182031,630.96,1,1,1,1,1,1
O=C(Oc1cccc2cccnc12)c1cccc(S(=O)(=O)N2CCCCCC2)c1,6.699991797446187,199.53,0,0,0,0,0,0
O=C(Oc1cccc2cccnc12)c1cccc(S(=O)(=O)N2CCCCC2)c1,7.299988937677887,50.12,1,1,1,1,1,1
COc1ccc(C(=O)Oc2cccc3cccnc23)cc1S(=O)(=O)N1CCOCC1,6.399996913372259,398.11,1,1,0,0,1,1
Cc1ccc(C(=O)Oc2cccc3cccnc23)cc1S(=O)(=O)N1CCOCC1,7.899974269892137,12.59,1,1,0,1,1,1
Cc1c(C(=O)NC2CCCc3ccccc32)oc2ccc(S(=O)(=O)N3CC(C)CC(C)C3)cc12,7.140261433802853,72.4,0,0,0,0,0,0
O=C(c1ccc2c(c1)OC(c1ccccc1)(c1ccccc1)O2)N1CCOCC1,6.105683937315561,784.0,1,1,0,0,0,0
O=C(c1ccc2c(c1)OC(c1ccc(F)cc1)(c1ccc(Cl)cc1Cl)O2)N1CCOCC1,6.806875401645538,156.0,1,1,0,0,0,0
O=C(c1cc2c(cc1F)OC(c1ccccc1)(c1ccccc1)O2)N1CCOCC1,7.585026652029182,26.0,1,1,0,1,1,1
O=C(c1cc2c(cc1F)OC(c1ccccc1)(c1ccccc1)O2)N1CCCCC1,8.920818753952375,1.2,1,1,0,1,1,1
O=S(=O)(c1cc2c(cc1F)OC(c1ccc(F)cc1F)(c1ccc(F)cc1F)O2)N1CCC(F)(F)CC1,8.522878745280337,3.0,0,0,0,0,1,1
O=S(=O)(c1cc2c(cc1F)OC(c1ccc(F)cc1F)(c1ccc(F)cc1F)O2)N1CCOCC1,7.958607314841775,11.0,0,0,0,0,1,1
O=S(=O)(c1cc2c(cc1F)OC(c1ccc(F)cc1)(c1ccc(Cl)cc1Cl)O2)N1CCOCC1,8.522878745280337,3.0,0,0,0,0,0,0
O=C(c1cc2c(cc1F)OC(c1ccccc1F)(c1ccc(Cl)cc1Cl)O2)N1CCOCC1,8.698970004336019,2.0,0,0,0,0,0,0
CO[C@H]1CCCN1C(=O)c1cc2c(cc1F)OC(c1ccc(F)cc1F)(c1ccc(F)cc1F)O2,6.33161408331,466.0,0,0,0,0,1,1
O=C(c1cc2c(cc1F)OC(c1ccc(F)cc1F)(c1ccc(F)cc1F)O2)N1CCC(F)(F)CC1,8.698970004336019,2.0,0,0,0,0,1,1
O=C(c1cc2c(cc1F)OC(c1ccc(F)cc1F)(c1ccc(F)cc1F)O2)N1CCOCC1,8.397940008672037,4.0,1,1,0,0,1,1
O=C(c1cc2c(cc1F)OC(c1ccc(F)cc1)(c1ccc(Cl)cc1Cl)O2)N1CCCCC1,8.301029995663981,5.0,1,1,0,0,1,1
O=C(c1cc2c(cc1F)OC(c1ccc(F)cc1F)(c1ccc(F)cc1F)O2)N1CCCCC1,8.698970004336019,2.0,1,1,0,0,1,1
COc1ccc(C2(c3ccc(Cl)cc3Cl)Oc3cc(F)c(C(=O)N4CCCCC4)cc3O2)cc1,8.301029995663981,5.0,0,0,0,0,0,0
O=C(c1cc2c(cc1F)OC(c1ccc(F)cc1)(c1ccc(F)cc1)O2)N1CCCCC1,7.142667503568732,72.0,1,1,0,0,1,1
CC1(C)[C@H]2CC[C@](C)(C2)[C@@H]1NC(=O)c1ccc(Br)c(S(=O)(=O)N2CCOCC2)c1,6.251811972993799,560.0,0,0,0,0,0,0
Cc1ccc(C(=O)NC(C)C(C)(C)C)cc1S(=O)(=O)N1CCOCC1,5.619788758288394,2400.0,0,0,0,0,1,1
Cc1ccc(C(=O)NC2C(C)CCCC2C)cc1S(=O)(=O)N1CCOCC1,6.267606240177032,540.0,0,0,0,0,1,1
Cc1ccc(C(=O)NC(C(C)(C)C)C(C)(C)C)cc1S(=O)(=O)N1CCOCC1,6.036212172654444,920.0,0,0,0,0,1,1
Cc1ccc(C(=O)NC23CC4CC(CC(C4)C2)C3)cc1S(=O)(=O)N1CCOCC1,6.2441251443275085,570.0,0,0,0,0,1,1
Cc1ccc(C(=O)NCC23CC4CC(CC(C4)C2)C3)cc1S(=O)(=O)N1CCOCC1,6.6777807052660805,210.0,0,0,0,0,1,1
Cc1ccc(C(=O)N[C@H]2CC3CC[C@@]2(C)C3(C)C)cc1S(=O)(=O)N1CCOCC1,6.6777807052660805,210.0,0,0,0,0,1,1
Cc1ccc(C(=O)NC(C)C23CC4CC(CC(C4)C2)C3)cc1S(=O)(=O)N1CCOCC1,6.537602002101044,290.0,0,0,0,0,1,0
Cc1ccc(C(=O)NC2C3CC4CC(C3)CC2C4)cc1S(=O)(=O)N1CCOCC1,6.568636235841013,270.0,0,0,0,0,1,1
CC1(C)[C@H]2CC[C@](C)(C2)[C@@H]1NC(=O)c1ccc(Br)c(S(=O)(=O)N2CCCCC2)c1,6.552841968657781,280.0,0,0,0,0,0,0
CC1(C)[C@H]2CC[C@](C)(C2)[C@@H]1NC(=O)c1ccc(Br)c(S(=O)(=O)N2CCCC2)c1,6.657577319177793,220.0,0,0,0,0,0,0
CCCCCCN1C(=O)/C(=N\NC(=O)Cc2ccccc2)c2ccccc21,6.338187314462739,459.0,0,0,0,0,0,0
CCCCCCN1C(=O)/C(=N\NC(=O)c2ccccc2)c2ccccc21,6.06198090252379,867.0,0,0,0,0,1,1
O=C(Cc1ccccc1)N/N=C1\C(=O)N(CCC2CCCCC2)c2ccccc21,5.9069988033152505,1238.8,0,0,0,0,0,0
O=C(N/N=C1\C(=O)N(Cc2ccc(Cl)cc2)c2ccccc21)c1ccccc1,6.047885915093008,895.6,0,0,0,0,1,1
O=C(N/N=C1\C(=O)N(CC2CCCCC2)c2ccccc21)c1ccccc1,7.205511953340831,62.3,1,1,0,1,1,1
CCCCCN1C(=O)/C(=N\NC(=O)c2ccccc2)c2ccccc21,6.502932063601495,314.1,0,0,0,0,0,0
CCCCCCN1C(=O)/C(=N\NC(=O)c2ccc(OC)cc2)c2ccccc21,6.069560405233299,852.0,0,0,0,0,0,0
CCCCCCN1C(=O)/C(=N\NC(=O)OC(C)(C)C)c2ccccc21,6.0282140621208855,937.1,0,0,0,0,0,0
Fc1ccc(-c2noc(CCCCc3ccc4ncccc4c3)n2)c(Cl)c1,6.091514981121351,810.0,0,0,0,0,0,0
Fc1ccc(-c2noc(CCCNc3ccc4ncccc4c3)n2)c(Cl)c1,6.327902142064283,470.0,0,0,0,0,0,0
Fc1ccc(-c2noc(CCCNc3nc4ccc(Cl)cc4s3)n2)c(Cl)c1,5.481486060122113,3300.0,0,0,0,0,1,0
CC(C)(C)c1cc(NCCCc2nc(-c3ccc(F)cc3Cl)no2)no1,6.173925197299173,670.0,0,0,0,0,0,0
N#Cc1cc(NCCCc2nc(-c3ccc(F)cc3Cl)no2)cnc1OCC(F)(F)F,5.886056647693163,1300.0,0,0,0,0,0,0
CC(C)(C)c1cc(NC(=O)CCc2nc(-c3ccc(F)cc3Cl)no2)no1,5.795880017344075,1600.0,0,0,0,0,0,0
O=C(CCc1nc(-c2ccc(F)cc2Cl)no1)Nc1ccc(C(F)(F)F)nc1,5.552841968657781,2800.0,0,0,0,0,1,1
CC(C)c1ccc(NC(=O)CCc2nc(-c3ccc(F)cc3Cl)no2)cc1,5.698970004336019,2000.0,0,0,0,0,0,0
O=C(CCc1nc(-c2ccc(F)cc2Cl)no1)Nc1nnc(N2CCCCC2)s1,6.675717544702307,211.0,0,0,0,0,1,1
O=C(CCc1nc(-c2ccc(F)cc2Cl)no1)Nc1nc2ccc(OC(F)(F)F)cc2s1,5.721246399047171,1900.0,0,0,0,0,0,0
O=C(CCc1nc(-c2ccc(F)cc2Cl)no1)Nc1cnc2ncc(Cl)cc2c1,5.638272163982407,2300.0,0,0,0,0,1,1
CCn1c2ccccc2c2cc(NC(=O)CCc3nc(-c4ccc(F)cc4C#N)no3)ccc21,6.149353764816934,709.0,0,0,0,0,0,0
CCn1c2ccccc2c2cc(NC(=O)CCc3nc(-c4ccc(F)cc4C)no3)ccc21,5.853871964321762,1400.0,0,0,0,0,0,0
CCn1c2ccccc2c2cc(NC(=O)CCc3nc(-c4ccc(F)cc4Cl)no3)ccc21,5.920818753952375,1200.0,0,0,0,0,0,0
COc1ccc2c(c1)N(CC1CCCCC1)C(=O)/C2=N\NC(=O)c1ccccc1,7.213248577854439,61.2,0,0,0,0,0,0
CCCCCN1C(=O)/C(=N\NC(=O)c2ccccc2)c2ccc(OC)cc21,6.580044251510242,263.0,0,0,0,0,0,0
CCn1c2ccccc2c2cc(NC(=O)C3(S(=O)(=O)c4ccccc4)CC3)ccc21,6.4089353929735005,390.0,0,0,0,0,0,0
Cc1ccccc1-c1nnc(NC(=O)C(C)(C)S(=O)(=O)c2ccc(Cl)cc2)s1,5.782516055786093,1650.0,0,0,0,0,0,0
CC(C)(C)c1cc(NC(=O)C(C)(C)S(=O)(=O)c2ccc(Cl)cc2)no1,5.716698771296451,1920.0,0,0,0,0,0,0
Cc1ccc(-c2cncc(NC(=O)C(C)(C)S(=O)(=O)c3ccc(Cl)cc3)c2)s1,6.486116814388907,326.5,0,0,0,0,0,0
CC(C)(C(=O)Nc1cnc2ccccc2c1)S(=O)(=O)c1ccc(Cl)cc1,5.774690718274137,1680.0,0,0,0,0,0,0
CC(C)(C(=O)Nc1cnc2ccccc2c1)S(=O)(=O)c1ccc(F)cc1,5.555955204081924,2780.0,0,0,0,0,0,0
CC(C)(C(=O)Nc1cnc2ccccc2c1)S(=O)(=O)c1ccc(C(F)(F)F)cc1Cl,5.804100347590766,1570.0,0,0,0,0,0,0
CCc1c(C2=NC(=O)C(C)(C)N2C)nn(-c2ccc(Cl)cc2Cl)c1-c1ccc(Cl)cc1,8.008773924307505,9.8,0,0,0,0,0,0
Cc1c(C2=NC(=O)C(C)(C)N2C)nn(-c2ccc(Cl)cc2Cl)c1-c1ccc(C(F)(F)F)cc1,7.091514981121351,81.0,0,0,0,0,0,0
Cc1c(C2=NC(=S)C(C)(C)N2C)nn(-c2ccc(Cl)cc2Cl)c1-c1ccc(Cl)cc1,8.070581074285707,8.5,0,0,0,0,1,1
CCc1c(C2=NC(=S)C(C)(C)N2C)nn(-c2ccc(Cl)cc2Cl)c1-c1ccc(Cl)cc1,8.292429823902063,5.1,1,1,0,0,1,1
CCc1c(C2=NC(C)(C)C(=O)N2)nn(-c2ccc(Cl)cc2Cl)c1-c1ccc(Cl)cc1,7.694648630553377,20.2,0,0,0,0,0,0
CCc1c(C2=NC3(CCC3)C(=O)N2)nn(-c2ccc(Cl)cc2Cl)c1-c1ccc(Cl)cc1,7.910094888560602,12.3,0,0,0,0,0,0
CCc1c(C2=NC(C)(C)C(=O)N2C)nn(-c2ccc(Cl)cc2Cl)c1-c1ccc(Cl)cc1,7.183758700008217,65.5,1,1,0,0,1,1
Cc1c(C(=O)NN2CCCCC2)nn(-c2ccc(Cl)cc2Cl)c1-c1ccc(C#CCOc2ccccc2)s1,7.728158393463501,18.7,1,1,0,1,1,1
Cc1c(C(=O)NN2CCCCC2)nn(-c2ccc(Cl)cc2Cl)c1-c1ccc(C#CCN(C)C)s1,6.45742352373947,348.8,1,1,0,1,1,1
Cc1c(C(=O)NN2CCCCC2)nn(-c2ccc(Cl)cc2Cl)c1-c1ccc(C#CCNC(C)C)s1,6.408824049688208,390.1,1,1,0,1,1,1
Cc1c(C(=O)NN2CCCCC2)nn(-c2ccc(Cl)cc2Cl)c1-c1ccc(C#CCOC(C)C)s1,7.241088107602026,57.4,0,0,0,0,1,1
CCOCC#Cc1ccc(-c2c(C)c(C(=O)NN3CCCCC3)nn2-c2ccc(Cl)cc2Cl)s1,7.5934598195660445,25.5,0,0,0,0,1,1
COCC#Cc1ccc(-c2c(C)c(C(=O)NN3CCCCC3)nn2-c2ccc(Cl)cc2Cl)s1,6.845576026885353,142.7,1,1,0,1,1,1
Cc1c(C(=O)NN2CCCCC2)nn(-c2ccc(Cl)cc2Cl)c1-c1ccc(C#CCCc2ccccc2)s1,7.690369832574102,20.4,1,1,0,1,1,1
Cc1c(C(=O)NN2CC3CCCC3C2)nn(-c2ccc(Cl)cc2Cl)c1-c1ccc(C#CC2CCCCC2)s1,6.532243948755967,293.6,1,1,0,0,1,1
Cc1c(C(=O)NN2CCCCC2)nn(-c2ccc(Cl)cc2Cl)c1-c1ccc(C#CC2CCCCC2)s1,6.354184881703358,442.4,1,1,1,1,1,1
Cc1c(C(=O)NN2CC3CCCC3C2)nn(-c2ccc(Cl)cc2Cl)c1-c1ccc(C#CC2CCCC2)s1,7.0030507515046185,99.3,0,0,0,0,1,1
Cc1c(C(=O)NN2CCCCC2)nn(-c2ccc(Cl)cc2Cl)c1-c1ccc(C#CC2CCCC2)s1,7.610833915635467,24.5,1,1,1,1,1,1
Cc1c(C(=O)NN2CC3CCCC3C2)nn(-c2ccc(Cl)cc2Cl)c1-c1ccc(C#CC2CC2)s1,6.979638717352292,104.8,0,0,0,0,1,1
Cc1c(C(=O)NN2CCCCC2)nn(-c2ccc(Cl)cc2Cl)c1-c1ccc(C#CC2CC2)s1,7.137272471682025,72.9,0,0,0,0,1,1
Cc1c(C(=O)NN2CC3CCCC3C2)nn(-c2ccc(Cl)cc2Cl)c1-c1ccc(C#CC(C)(C)C)s1,6.800244822746525,158.4,1,1,0,0,1,1
Cc1c(C(=O)NN2CCCCC2)nn(-c2ccc(Cl)cc2Cl)c1-c1ccc(C#CC(C)(C)C)s1,7.539102157243452,28.9,1,1,0,0,1,1
CCCCC#Cc1ccc(-c2c(C)c(C(=O)NC3CCCCC3)nn2-c2ccc(Cl)cc2Cl)s1,7.357535479757878,43.9,0,0,0,0,0,0
CCCCC#Cc1ccc(-c2c(C)c(C(=O)NCCCCCC)nn2-c2ccc(Cl)cc2Cl)s1,7.130768280269024,74.0,1,1,0,0,1,1
CCCCC#Cc1ccc(-c2c(C)c(C(=O)NCCCC)nn2-c2ccc(Cl)cc2Cl)s1,7.525783735923745,29.8,0,0,0,0,0,0
CCCCC#Cc1ccc(-c2c(C)c(C(=O)NN3CCCCCC3)nn2-c2ccc(Cl)cc2Cl)s1,8.318758762624412,4.8,1,1,0,1,1,1
CCCCC#Cc1ccc(-c2c(C)c(C(=O)NN3CC4CCCC4C3)nn2-c2ccc(Cl)cc2Cl)s1,8.244125144327509,5.7,1,1,0,1,1,1
CCCCC#Cc1ccc(-c2c(C)c(C(=O)NN3CCCCC3)nn2-c2ccc(Cl)cc2Cl)s1,8.102372908709558,7.9,1,1,0,1,1,1
CCC#Cc1ccc(-c2c(C)c(C(=O)NN3CCCCCC3)nn2-c2ccc(Cl)cc2Cl)s1,7.438898616350944,36.4,0,0,0,0,0,0
CCC#Cc1ccc(-c2c(C)c(C(=O)NN3CC4CCCC4C3)nn2-c2ccc(Cl)cc2Cl)s1,7.449771646944906,35.5,0,0,0,0,1,1
CCC#Cc1ccc(-c2c(C)c(C(=O)NN3CCCCC3)nn2-c2ccc(Cl)cc2Cl)s1,7.289036881004725,51.4,1,1,0,1,1,1
CCCCCc1ccc(-c2c(C)c(C(=O)NN3CC4CCCC4C3)nn2-c2ccc(Cl)cc2Cl)s1,7.318758762624412,48.0,0,0,0,0,1,1
CCCCCc1ccc(-c2c(C)c(C(=O)NN3CCCCC3)nn2-c2ccc(Cl)cc2Cl)s1,7.11975822410452,75.9,1,1,0,1,1,1
CCC/C=C/c1ccc(-c2c(C)c(C(=O)NN3CC4CCCC4C3)nn2-c2ccc(Cl)cc2Cl)s1,7.146301788223826,71.4,1,1,0,1,1,1
CCC/C=C/c1ccc(-c2c(C)c(C(=O)NN3CCCCC3)nn2-c2ccc(Cl)cc2Cl)s1,6.835052627378158,146.2,1,1,0,1,1,1
CCc1c(C(=O)NN2CCCCC2)nn(-c2ccc(Cl)cc2Cl)c1-c1ccc(C#CCC(C)C)s1,7.638272163982407,23.0,1,1,0,0,1,1
CCCC#Cc1ccc(-c2c(CC)c(C(=O)NN3CCCCCC3)nn2-c2ccc(Cl)cc2Cl)s1,7.782516055786093,16.5,0,0,0,0,0,0
CCCC#Cc1ccc(-c2c(CC)c(C(=O)NN3CCCCC3)nn2-c2ccc(Cl)cc2Cl)s1,7.860120913598763,13.8,1,1,0,0,1,1
Cc1c(C(=O)NN2CCCCCC2)nn(-c2ccc(Cl)cc2Cl)c1-c1ccc(C#CCC(C)C)s1,7.835647144215563,14.6,1,1,0,1,0,0
Cc1c(C(=O)NN2CCCCC2)nn(-c2ccc(Cl)cc2Cl)c1-c1ccc(C#CCC(C)C)s1,7.91721462968355,12.1,1,1,0,1,1,1
CCCC#Cc1ccc(-c2c(C)c(C(=O)NN3CCCCCC3)nn2-c2ccc(Cl)cc2Cl)s1,7.85078088734462,14.1,1,1,0,1,0,0
CCCC#Cc1ccc(-c2c(C)c(C(=O)NN3CC4CCCC4C3)nn2-c2ccc(Cl)cc2Cl)s1,7.716698771296451,19.2,0,0,0,0,1,1
CCCC#Cc1ccc(-c2c(C)c(C(=O)NN3CCCCC3)nn2-c2ccc(Cl)cc2Cl)s1,7.542118103266008,28.7,0,0,0,0,1,1
Cc1c(C(=O)NN2CCCCCC2)nn(-c2ccc(Cl)cc2Cl)c1-c1ccc(Br)s1,7.187755303199631,64.9,1,1,0,1,1,1
O=C(C1CC1)N1CCN(S(=O)(=O)c2c(Cl)cc(Cl)cc2Cl)CC1,5.823908740944319,1500.0,1,1,0,0,1,1
O=C(C1CC1)N1CCN(S(=O)(=O)c2cc(Cl)c(Cl)cc2Cl)CC1,5.823908740944319,1500.0,1,1,0,0,1,1
O=C(C1CC1)N1CCN(S(=O)(=O)c2c(Cl)cccc2Cl)CC1,5.823908740944319,1500.0,1,1,0,0,1,1
O=C(C1CCCCC1)N1C2CC1CN(S(=O)(=O)c1cccc3ccccc13)C2,6.045757490560675,900.0,0,0,0,0,0,0
O=C(C1CCCCC1)N1CCN(S(=O)(=O)c2cccc3ccccc23)CC1c1ccccc1,6.221848749616356,600.0,0,0,0,0,1,1
O=C(C1CCCCC1)N1C2CCC1CN(S(=O)(=O)c1cccc3ccccc13)C2,6.522878745280337,300.0,0,0,0,0,0,0
CC1CN(C(=O)C2CCCCC2)CCN1S(=O)(=O)c1cccc2ccccc12,6.7447274948966935,180.0,0,0,0,0,0,0
O=C(C1CC1)N1CCN(S(=O)(=O)c2cc(Cl)ccc2Cl)CC1,7.045757490560675,90.0,1,1,0,0,1,1
O=C(Cc1ccccn1)N1CCN(S(=O)(=O)c2cc(Cl)cc(Cl)c2)CC1,7.397940008672037,40.0,1,1,0,1,1,1
CC(C(=O)N1CCN(S(=O)(=O)c2cc(Cl)cc(Cl)c2)CC1)c1ccc(C(F)(F)F)cc1,8.204119982655925,6.25,0,0,0,0,1,1
C[C@H]1CN(S(=O)(=O)c2cccc3ccccc23)C[C@@H](C)N1C(=O)C1CCCCC1,8.096910013008056,8.0,0,0,0,0,0,0
CC1CN(S(=O)(=O)c2cccc3ccccc23)CCN1C(=O)C1CCCCC1,8.154901959985743,7.0,1,1,0,0,1,1
O=C(C1CCCCC1)N1CCN(S(=O)(=O)c2cccc(-c3ccccc3)c2)CC1,8.221848749616356,6.0,0,0,0,0,1,1
O=C(C1CC1)N1CCN(S(=O)(=O)c2cc(Cl)cc(Cl)c2)CC1,8.301029995663981,5.0,1,1,0,0,1,1
O=C(Cc1cccc(C(F)(F)F)c1)N1CCN(S(=O)(=O)c2cc(Cl)cc(Cl)c2)CC1,8.337242168318426,4.6,0,0,0,0,1,1
CC(C)(C(=O)N1CCN(S(=O)(=O)c2cc(Cl)cc(Cl)c2)CC1)c1ccccc1,8.55284196865778,2.8,0,0,0,0,1,1
O=C(C1CCCCC1)N1CCN(S(=O)(=O)c2cccc3ccccc23)CC1C(F)(F)F,8.602059991327963,2.5,0,0,0,0,1,1
O=C(Cc1ccccc1C(F)(F)F)N1CCN(S(=O)(=O)c2cc(Cl)cc(Cl)c2)CC1,8.657577319177793,2.2,0,0,0,0,1,1
O=C(Cc1ccccc1)N1CCN(S(=O)(=O)c2cc(Cl)cc(Cl)c2)CC1,8.698970004336019,2.0,1,1,0,1,1,1
Cc1cc(C)cc(S(=O)(=O)N2CCN(C(=O)C3CCCCC3)CC2)c1,8.958607314841775,1.1,0,0,0,0,0,0
O=C(Cc1ccc(C(F)(F)F)cc1)N1CCN(S(=O)(=O)c2cc(C3CC3)cc(C(F)(F)F)c2)CC1,8.978810700930062,1.05,0,0,0,0,0,0
COC(=O)c1cc(C(F)(F)F)cc(S(=O)(=O)N2CCN(C(=O)Cc3ccc(C(F)(F)F)cc3)CC2)c1,9.0,1.0,0,0,0,0,0,0
O=C(Cc1ccc(C(F)(F)F)cc1)N1CCN(S(=O)(=O)c2cc(Br)cc(C(F)(F)F)c2)CC1,9.0,1.0,0,0,0,0,0,0
O=C(Cc1ccc(C(F)(F)F)cc1)N1CCN(S(=O)(=O)c2cc(C(F)(F)F)cc(C(F)(F)F)c2)CC1,9.0,1.0,0,0,0,0,0,0
O=C(C1CCCCC1)N1CCN(S(=O)(=O)c2cc(C(F)(F)F)cc(C(F)(F)F)c2)CC1,9.0,1.0,0,0,0,0,0,0
CC1(C)CN(S(=O)(=O)c2cccc3ccccc23)CCN1C(=O)C1CCCCC1,9.221848749616356,0.6,1,1,0,0,0,0
O=C(C1CCCCC1)N1CCN(S(=O)(=O)c2cccc3ccccc23)CC1,9.221848749616356,0.6,0,0,0,0,0,0
O=C(CCc1ccc(C(F)(F)F)cc1)N1CCN(S(=O)(=O)c2cc(Cl)cc(Cl)c2)CC1,9.30102999566398,0.5,0,0,0,0,1,1
O=C(Cc1ccc(C(F)(F)F)cc1)N1CCN(S(=O)(=O)c2cc(Cl)cc(Cl)c2)CC1,9.30102999566398,0.5,0,0,0,0,1,1
N#Cc1ccc(CC(=O)N2CCN(S(=O)(=O)c3cc(Cl)cc(Cl)c3)CC2)cc1,9.30102999566398,0.5,0,0,0,0,1,1
O=C(C1CCCCC1)N1CCN(S(=O)(=O)c2cc(Cl)cc(Cl)c2)CC1,9.30102999566398,0.5,0,0,0,0,1,1
CC(C(=O)N1CCN(S(=O)(=O)c2cc(Cl)cc(Cl)c2)CC1)c1ccccc1,9.522878745280336,0.3,0,0,0,0,1,1
O=C([C@@H]1C[C@H]1c1ccc(C(F)(F)F)cc1)N1CCN(S(=O)(=O)c2cc(C3CC3)cc(C(F)(F)F)c2)CC1,8.161150909262744,6.9,0,0,0,0,0,0
O=C(c1ccc(C(F)(F)F)cc1)N1CCN(S(=O)(=O)c2cc(C3CC3)cc(C(F)(F)F)c2)CC1,8.886056647693163,1.3,0,0,0,0,0,0
O=C(Cn1nc(-c2ccc(Cl)cc2Cl)c(-c2ccc(Cl)cc2Cl)n1)N1CCCCC1,6.913640169325252,122.0,0,0,0,0,0,0
O=C(Cn1nc(-c2ccc(Cl)cc2Cl)c(-c2ccc(Cl)cc2Cl)n1)NCc1ccccc1,7.060480747381382,87.0,0,0,0,0,0,0
O=C(Cn1nc(-c2ccc(Cl)cc2)c(-c2ccc(Cl)cc2Cl)n1)NCc1ccccc1,6.6649434805609085,216.3,1,1,0,0,0,0
O=C(Cn1nc(-c2ccc(Cl)cc2Cl)c(-c2ccc(Cl)cc2Cl)n1)NC1CCCCC1,6.691222226335279,203.6,0,0,0,0,1,1
O=C(Cn1nc(-c2ccc(Cl)cc2Cl)c(-c2ccc(Cl)cc2Cl)n1)NCc1ccccc1F,7.628932137728263,23.5,1,1,1,1,1,1
O=C(Cn1nc(-c2ccc(Cl)cc2)c(-c2ccc(Cl)cc2Cl)n1)NCc1ccccc1F,6.591590421531571,256.1,1,1,1,1,1,1
O=C(Cn1nc(-c2ccc(Cl)cc2Cl)c(-c2ccc(Cl)cc2Cl)n1)NCc1ccc(F)cc1,7.294992040666664,50.7,0,0,0,0,0,0
O=C(Cn1nc(-c2ccc(Cl)cc2)c(-c2ccc(Cl)cc2Cl)n1)NCc1ccc(F)cc1,6.628562682595899,235.2,1,1,0,0,0,0
O=C(Cn1nc(-c2ccc(Cl)cc2Cl)c(-c2ccc(Cl)cc2Cl)n1)NCc1cccc(F)c1,7.454692883534176,35.1,0,0,0,0,0,0
COc1ccc(CNC(=O)Cn2nc(-c3ccc(Cl)cc3Cl)c(-c3ccc(Cl)cc3Cl)n2)cc1,7.250263684430939,56.2,0,0,0,0,0,0
O=C(Cn1nc(-c2ccc(Cl)cc2Cl)c(-c2ccc(Cl)cc2Cl)n1)NCc1ccccc1Cl,7.913640169325252,12.2,1,1,0,0,1,1
O=C(Cn1nc(-c2ccc(Cl)cc2Cl)c(-c2ccc(Cl)cc2Cl)n1)NCc1ccc(Cl)cc1,7.749579997691106,17.8,1,1,0,0,1,1
O=C(Cn1nc(-c2ccc(Cl)cc2Cl)c(-c2ccc(Cl)cc2Cl)n1)NCc1cc(F)ccc1F,7.657577319177793,22.0,1,1,0,0,0,0
O=C(Cn1nc(-c2ccc(Cl)cc2Cl)c(-c2ccc(Cl)cc2Cl)n1)Nc1ccccc1,6.865822892423234,136.2,1,1,0,0,1,1
CCc1c(C(=O)NN2CCCCC2)nn(-c2ccc(Cl)cc2Cl)c1-c1ccc(Br)s1,6.292429823902063,510.0,0,0,0,0,1,1
CCc1c(C(=O)NN2CCCCC2)nn(-c2ccc(Cl)cc2Cl)c1-c1ccc(Cl)s1,6.267606240177032,540.0,1,1,0,0,1,1
Cc1c(C(=O)NN2CC3CCCC3C2)nn(-c2ccc(Cl)cc2Cl)c1-c1ccc(Cl)s1,6.096910013008056,800.0,1,1,0,0,1,1
Cc1c(C(=O)NN2CCOCC2)nn(-c2ccc(Cl)cc2Cl)c1-c1ccc(Cl)s1,6.161150909262744,690.0,1,1,0,1,0,0
Cc1c(C(=O)NN2CCCC2)nn(-c2ccc(Cl)cc2Cl)c1-c1ccc(Cl)s1,6.0,1000.0,1,1,0,1,0,0
Cc1c(C(=O)NN2CCCCC2)nn(-c2ccc(Cl)cc2Cl)c1-c1ccc(I)s1,6.494850021680094,320.0,1,1,0,1,1,1
Cc1c(C(=O)NN2CCCCC2)nn(-c2ccc(Cl)cc2Cl)c1-c1cccs1,5.876148359032914,1330.0,1,1,0,1,1,1
c1ccc2ncc(N3CCC(c4nc(C5CCCCC5)no4)CC3)cc2c1,6.221848749616356,600.0,0,0,0,0,0,0
Clc1ccc(-c2noc(C3CCN(c4cnc5ccccc5c4)CC3)n2)c(Cl)c1,6.021819483062586,951.0,0,0,0,0,0,0
Clc1ccc(-c2noc(C3CCN(c4cnc5ccccc5c4)CC3)n2)cc1,5.581698708680254,2620.0,0,0,0,0,1,1
Clc1cnccc1-c1noc(C2CCN(c3cnc4ccccc4c3)CC2)n1,7.017728766960431,96.0,0,0,0,0,1,1
Fc1ccc(-c2noc(C3CCN(c4cnc5ccc(OC(F)(F)F)cc5c4)CC3)n2)c(Cl)c1,6.377785977033705,419.0,1,1,0,0,1,0
Fc1ccc(-c2noc(C3CCN(c4cnc5ccc(Cl)cc5c4)CC3)n2)c(Cl)c1,5.844663962534939,1430.0,0,0,0,0,1,0
Fc1ccc(-c2noc(C3CCN(c4cnc5c(C(F)(F)F)cccc5c4)CC3)n2)c(Cl)c1,7.823908740944319,15.0,1,1,0,0,1,0
CC1(C)CCCc2cc(N3CCC(c4nc(-c5ccc(F)cc5Cl)no4)CC3)cnc21,6.141462802430361,722.0,0,0,0,0,1,0
Fc1ccc(-c2noc(C3CCN(c4cnc5c(c4)CCCC5)CC3)n2)c(Cl)c1,6.040958607678906,910.0,0,0,0,0,1,0
Fc1ccc(-c2noc(C3CCN(c4cnc5ccccc5c4)CC3)n2)c(Cl)c1,5.518557371497695,3030.0,0,0,0,0,1,1
Fc1ccc(-c2noc([C@@H]3CCC[C@H]3Nc3cnc4ccccc4c3)n2)c(Cl)c1,5.651695136951839,2230.0,0,0,0,0,0,0
CC(C)(CCc1nc(-c2ccc(F)cc2Cl)no1)Nc1cnc2ccccc2c1,5.886056647693163,1300.0,0,0,0,0,0,0
CC(CCc1nc(-c2ccc(F)cc2Cl)no1)Nc1cnc2ccccc2c1,5.806875401645538,1560.0,0,0,0,0,0,0
Fc1ccc(-c2noc(CCCNc3cnc4ccccc4c3)n2)c(Cl)c1,6.3260580013659125,472.0,0,0,0,0,0,0
CC(C)(C)c1cc(Nc2ccc(Cl)cc2Cl)ncc1C(=O)NCC1CCOCC1,4.900000142057633,12589.25,0,0,0,0,0,0
COc1cccc(N2C(C(C)=O)=NN(c3ccc(Cl)cc3)C2c2ccc(N3CCOCC3)cc2)c1,6.221848749616356,600.0,0,0,0,0,0,0
O=C(Nc1ccccc1Oc1ccccc1)c1ccc(S(=O)(=O)N2CCc3ccccc32)cc1,6.698970004336019,200.0,0,0,0,0,0,0
COc1ccccc1NC(=O)C(C)Sc1nc(-c2ccc(C)cc2)nc2c1COC(C)(C)C2,5.920818753952375,1200.0,0,0,0,0,0,0
CCOC(=O)N1CCN(C(=O)c2cc(-c3ccccc3Cl)nn2-c2ccc(C)cc2C)CC1,6.698970004336019,200.0,0,0,0,0,0,0
COc1ccc(C2c3cccn3-c3ccccc3N2C(=O)CN(C(=O)NC(C)(C)C)C(C)C)cc1,5.823908740944319,1500.0,0,0,0,0,0,0
Cc1cc(C)c(OCC(=O)Nc2sc3c(c2C(=O)NC2CCS(=O)(=O)C2)CCCC3)c(C)c1,6.3979400086720375,400.0,0,0,0,0,0,0
Cc1ccc(C2c3cccn3-c3ccccc3N2C(=O)CN(C(=O)C2CCCC2)C2CC2)cc1,5.958607314841775,1100.0,0,0,0,0,0,0
CC1CC(C)CN(S(=O)(=O)c2ccc(F)c(C(=O)NC(c3ccccc3)c3ccccc3)c2)C1,6.301029995663981,500.0,0,0,0,0,0,0
CC(C)CN(CC(=O)N1CCc2sccc2C1c1ccc(F)cc1)C(=O)c1ccco1,5.356547323513812,4400.0,0,0,0,0,0,0
CC(C)N(CC(=O)N1c2ccccc2-n2cccc2C1c1ccc(F)cc1)C(=O)CC(C)(C)C,5.958607314841775,1100.0,0,0,0,0,0,0
Cc1noc(C)c1S(=O)(=O)N1CCc2c(nc(C(C)(C)C)n2CC2CC2)C1,5.1249387366083,7500.0,0,0,0,0,1,1
Cc1nocc1S(=O)(=O)N1CCc2c(nc(C(C)(C)C)n2CC2CC2)C1,4.7447274948966935,18000.0,0,0,0,0,1,1
COCCS(=O)(=O)N1CCc2c(nc(CC(C)(C)C)n2CC2CC2)C1,4.853871964321762,14000.0,0,0,0,0,1,1
CC1(C)C(C(=O)c2cn(CCN3CCOCC3)c3ccccc23)C1(C)C,6.090979145788844,811.0,1,1,0,0,1,1
CC1(C)C(C(=O)c2cn(CC3CCOCC3)c3ccccc23)C1(C)C,8.397940008672037,4.0,1,1,0,0,1,1
CC1(C)C(C(=O)c2cn(CCN3CCOC3=O)c3ccccc23)C1(C)C,5.444542782795351,3593.0,1,1,0,0,1,1
CC1(C)C(C(=O)c2cn(CCCCO)c3ccccc23)C1(C)C,5.7256112044496215,1881.0,1,1,0,0,1,1
N#Cc1cc(N2CCCCCC2)ncc1-c1cccc(Cl)c1Cl,5.0,10000.0,0,0,0,0,0,0
Clc1cccc(-c2ccc(N3CCCCCC3)nc2)c1Cl,5.0,10000.0,0,0,0,0,0,0
O=C(c1cc(-c2cccc(Cl)c2Cl)cnc1N1CCCCCC1)N1CCOCC1,5.0,10000.0,0,0,0,0,0,0
C[C@H](NC(=O)C(C)(C)Nc1ccc(C(F)(F)F)cn1)[C@@H](Cc1ccc(Cl)cc1)c1cccc(C#N)c1,8.494850021680094,3.2,0,0,0,0,0,0
C[C@H](NC(=O)C(C)(C)Nc1cc(C(F)(F)F)ccn1)[C@@H](Cc1ccc(Cl)cc1)c1cccc(C#N)c1,9.045757490560677,0.9,0,0,0,0,0,0
C[C@H](NC(=O)C(C)(C)Nc1cc(C(C)(C)C)on1)[C@@H](Cc1ccc(Cl)cc1)c1cccc(C#N)c1,8.455931955649724,3.5,0,0,0,0,0,0
C[C@H](NC(=O)C(C)(C)Nc1cc2ccccc2cn1)[C@@H](Cc1ccc(Cl)cc1)c1cccc(C#N)c1,8.721246399047171,1.9,0,0,0,0,0,0
Cc1c[nH]c2c(Nc3cccc(Cl)c3)ncc(C(=O)N3CCCCC3)c12,5.3979400086720375,4000.0,0,0,0,0,0,0
Cc1c[nH]c2c(Nc3cccc(Cl)c3)ncc(C(=O)N3CCOCC3)c12,5.0,10000.0,0,0,0,0,0,0
Cc1c[nH]c2c(Nc3cccc(Br)c3)ncc(C(=O)N3CCOCC3)c12,5.200659450546418,6300.0,0,0,0,0,0,0
COc1cccc(Nc2ncc(C(=O)N3CCOCC3)c3c(C)c[nH]c23)c1,4.600326278518962,25100.0,0,0,0,0,0,0
Cc1c[nH]c2c(Nc3ccccc3Cl)ncc(C(=O)N3CCOCC3)c12,4.801342913045577,15800.0,0,0,0,0,0,0
Cc1cn(C)c2c(Nc3cccc(Cl)c3)ncc(C(=O)N3CCOCC3)c12,5.0,10000.0,0,0,0,0,0,0
Cn1ccc2c(Nc3cccc(Cl)c3)ncc(C(=O)N3CCOCC3)c21,5.200659450546418,6300.0,0,0,0,0,0,0
C[C@H]1CC[C@@H](C)N1c1ccc(-c2cccc(Cl)c2Cl)nn1,5.59999938302362,2511.89,0,0,0,0,0,0
C[C@H]1C=C[C@@H](C)N1c1ccc(-c2cccc(Cl)c2Cl)nn1,5.200000237109354,6309.57,0,0,0,0,0,0
c1ccc(COc2ccccc2-c2ccc(N3CCOCC3)nn2)cc1,5.40000018605658,3981.07,0,0,0,0,0,0
C[C@H]1CC[C@@H](C)N1c1ccc(-c2cncc3ccccc23)nn1,5.100000128334196,7943.28,0,0,0,0,0,0
C[C@H]1CC[C@@H](C)N1c1ccc(-c2cccc3cnccc23)nn1,4.70000006855703,19952.62,0,0,0,0,0,0
Cc1ccc(C(c2ccc(Cl)cc2Cl)N2CCN(C(=O)NC3CCCCC3)CC2)cc1,9.060480747381382,0.87,0,0,0,0,0,0
Cc1cc(C(=O)N[C@@H]2CC(C)(C)Oc3nc(-c4ccc(Cl)cc4Cl)c(-c4ccc(Cl)cc4)cc32)n[nH]1,8.236572006437063,5.8,0,0,0,0,0,0
CCN1CCN(C(=O)c2cn3c4c(cccc24)CCC3C2CCCCC2)CC1,7.599980364934842,25.12,0,0,0,0,0,0
CCN1CCN(C(=O)c2cn(CC3CCCCC3)c3c(OC)cccc23)CC1,6.799998134593398,158.49,0,0,0,0,1,1
CN1CCN(C(=O)c2cn3c4c(cccc24)OC[C@H]3C2CCCCC2)CC1,7.0,100.0,0,0,0,0,1,1
O=C(c1cn2c3c(cccc13)OC[C@H]2C1CCCCC1)N1CCNCC1,5.40000018605658,3981.07,0,0,0,0,1,1
CCN1[C@@H](C)CN(C(=O)c2cn3c4c(cccc24)OC[C@H]3C2CCCCC2)C[C@H]1C,8.400007822415901,3.981,0,0,0,0,1,1
C[C@H]1CN(C(=O)c2cn3c4c(cccc24)OC[C@H]3C2CCCCC2)C[C@@H](C)N1C,8.199970640755867,6.31,1,1,0,0,1,1
C[C@H]1CN(C(=O)c2cn3c4c(cccc24)OC[C@H]3C2CCCCC2)C[C@@H](C)N1,6.900008766455316,125.89,1,1,0,0,1,1
CCN1[C@@H](C)CN(C(=O)c2cn(CC3CCCCC3)c3c(OC)cccc23)C[C@H]1C,8.0,10.0,0,0,0,0,1,1
COc1cccc2c(C(=O)N3C[C@H](C)N(C)[C@H](C)C3)cn(CC3CCCCC3)c12,7.599980364934842,25.12,0,0,0,0,1,0
COc1cccc2c(C(=O)N3CCN(C)[C@@H](C)C3)cn(CC3CCCCC3)c12,7.599980364934842,25.12,0,0,0,0,1,0
C[C@H]1CN(C(=O)c2cn3c4c(cccc24)OC[C@H]3C2CCCCC2)CCN1C,7.79997073344623,15.85,1,1,0,0,1,1
COCCN1[C@@H](C)CN(C(=O)c2cn3c4c(cccc24)OC[C@H]3C2CCCCC2)C[C@H]1C,8.299988937677888,5.012,0,0,0,0,1,0
C[C@H]1CN(C(=O)c2cn3c4c(cccc24)OC[C@H]3C2CCCCC2)C[C@@H](C)N1CCO,8.199970640755867,6.31,1,1,0,0,1,1
C[C@H]1CNC[C@@H](C)N1C(=O)c1cn2c3c(cccc13)OC[C@H]2C1CCCCC1,6.0999990348465305,794.33,1,1,0,0,1,1
C[C@H]1CN(C)C[C@@H](C)N1C(=O)c1cn2c3c(cccc13)OC[C@H]2C1CCCCC1,7.199970640755866,63.1,1,1,0,0,1,1
C[C@H]1CN(C(=O)c2cn3c4c(cccc24)OC[C@H]3C2CCCCC2)CCN1,6.299997602857746,501.19,1,1,0,0,1,1
CS(=O)(=O)NCCCn1c(C(=O)N2CCC(C(N)=O)(N3CCC(F)(F)CC3)CC2)cc(-c2ccc(Cl)cc2Cl)c1-c1ccc(Cl)cc1,7.823908740944319,15.0,0,0,0,0,0,0
CCCCCC1=NN(C(=O)Nc2cccc3ccccc23)CC1c1ccccc1,5.800000874803203,1584.89,1,1,0,0,1,1
CCCCCC1=NN(C(=O)NCc2ccccc2)CC1c1ccccc1,6.399996913372259,398.11,0,0,0,0,1,1
CCCCCC1=NN(C(=O)NCC23CC4CC(CC(C4)C2)C3)CC1c1ccccc1,5.700000503883016,1995.26,0,0,0,0,1,1
CCCCCC1=NN(C(=O)NC[C@@H]2CC[C@H]3C[C@@H]2C3(C)C)CC1c1ccccc1,5.700000503883016,1995.26,0,0,0,0,1,1
CCCCCC1=NN(C(=O)NC2C3CC4CC(C3)CC2C4)CC1c1ccccc1,7.599980364934842,25.12,0,0,0,0,1,1
CCCCCC1=NN(C(=O)NC23CC4CC(CC(C4)C2)C3)CC1c1ccccc1,6.399996913372259,398.11,0,0,0,0,1,1
CCCCCC1=NN(C(=O)NC(C)(C)c2ccccc2)CC1c1ccccc1,8.400007822415901,3.981,1,1,0,1,1,1
CCCCCC1=NN(C(=O)N[C@H]2C[C@H]3CC[C@]2(C)C3(C)C)CC1c1ccccc1,8.63714069704132,2.306,0,0,0,0,1,1
CCCCC1=NN(C(=O)NC(C)(C)c2ccccc2)CC1c1ccccc1,8.400007822415901,3.981,1,1,0,1,1,1
CCCCC1=NN(C(=O)NC(C)(C)c2ccc(F)cc2)CC1c1cccc(F)c1,7.0,100.0,0,0,0,0,0,0
CCCCC1=NN(C(=O)NC(C)(C)c2ccc(F)cc2)CC1c1ccccc1F,6.900008766455316,125.89,1,1,0,0,0,0
CCCCC1=NN(C(=O)NC(C)(C)c2ccccc2)CC1c1ccsc1,7.400007822415902,39.81,1,1,0,1,1,1
CCCCCC1=NN(C(=O)c2cccc3ccccc23)CC1c1ccccc1,7.50003813440381,31.62,1,1,0,0,0,0
CCCCC1=NN(C(=O)NC(C)(C)c2ccccc2)C(C)(C)C1c1ccccc1,8.100015437450608,7.943,0,0,0,0,0,0
CCCCC1=NN(C(=O)N[C@H]2C[C@H]3CC[C@]2(C)C3(C)C)C(C)(C)C1c1ccccc1,7.400007822415902,39.81,0,0,0,0,0,0
CCCCCN1N=C(C(=O)NC2C3CC4CC(C3)CC2C4)CC1c1ccccc1,8.100015437450608,7.943,0,0,0,0,0,0
CCCCCN1N=C(C(=O)NC(C)(C)c2ccc(F)cc2)CC1c1ccccc1,8.400007822415901,3.981,0,0,0,0,0,0
CCCCCN1N=C(C(=O)N[C@H]2C[C@H]3CC[C@]2(C)C3(C)C)CC1c1ccccc1,8.299988937677888,5.012,0,0,0,0,0,0
CCCCCN1N=C(C(=O)N[C@H]2C[C@H]3CC[C@]2(C)C3(C)C)CC1c1ccccc1F,8.400007822415901,3.981,0,0,0,0,0,0
Cc1c(C(=O)NCCCCCCCCCNCCCCCCCCCNC(=O)c2nn(-c3ccc(Cl)cc3Cl)c(-c3ccc(Cl)cc3)c2C)nn(-c2ccc(Cl)cc2Cl)c1-c1ccc(Cl)cc1,7.554395796726403,27.9,1,1,1,1,0,0
Cc1c(C(=O)NCCCCCCCNCCCCCCCNC(=O)c2nn(-c3ccc(Cl)cc3Cl)c(-c3ccc(Cl)cc3)c2C)nn(-c2ccc(Cl)cc2Cl)c1-c1ccc(Cl)cc1,6.059991817425589,870.98,1,1,1,1,0,0
Cc1c(C(=O)NCCCCCNCCCCCNC(=O)c2nn(-c3ccc(Cl)cc3Cl)c(-c3ccc(Cl)cc3)c2C)nn(-c2ccc(Cl)cc2Cl)c1-c1ccc(Cl)cc1,7.481486060122112,33.0,1,1,1,1,0,0
Cc1c(C(=O)NCCCNCCCNC(=O)c2nn(-c3ccc(Cl)cc3Cl)c(-c3ccc(Cl)cc3)c2C)nn(-c2ccc(Cl)cc2Cl)c1-c1ccc(Cl)cc1,7.074687908500351,84.2,1,1,1,1,0,0
Cc1c(C(=O)NCCNCCNC(=O)c2nn(-c3ccc(Cl)cc3Cl)c(-c3ccc(Cl)cc3)c2C)nn(-c2ccc(Cl)cc2Cl)c1-c1ccc(Cl)cc1,6.6252516539898965,237.0,1,1,0,1,0,0
Cc1c(C(=O)NCCCCCN(C)CCCCCNC(=O)c2nn(-c3ccc(Cl)cc3Cl)c(-c3ccc(Cl)cc3)c2C)nn(-c2ccc(Cl)cc2Cl)c1-c1ccc(Cl)cc1,7.223298816011589,59.8,1,1,1,1,0,0
Cc1c(C(=O)NCCCCCCCN(C)CCCCCCCNC(=O)c2nn(-c3ccc(Cl)cc3Cl)c(-c3ccc(Cl)cc3)c2C)nn(-c2ccc(Cl)cc2Cl)c1-c1ccc(Cl)cc1,5.650139917807668,2238.0,1,1,1,1,0,0
Cc1c(C(=O)NCCCCCCCCCN(C)CCCCCCCCCNC(=O)c2nn(-c3ccc(Cl)cc3Cl)c(-c3ccc(Cl)cc3)c2C)nn(-c2ccc(Cl)cc2Cl)c1-c1ccc(Cl)cc1,6.79317412396815,161.0,1,1,1,1,0,0
COc1cccc2c(C(=O)N3CCN4CCCC[C@@H]4C3)cn(CC3CCCCC3)c12,7.0,100.0,0,0,0,0,0,0
COc1cccc2c(C(=O)N3CCN4CCC[C@@H]4C3)cn(CC3CCCCC3)c12,7.199970640755866,63.1,0,0,0,0,0,0
COc1cccc2c(C(=O)N3C[C@@H]4CCCN4C[C@@H]3C)cn(CC3CCCCC3)c12,7.0,100.0,0,0,0,0,0,0
COc1cccc2c(C(=O)N3C[C@H]4CCCN4C[C@H]3CC(C)C)cn(CC3CCCCC3)c12,6.499996931948306,316.23,0,0,0,0,1,0
FC1CCN(Cc2cccc(-c3nc(-c4cccc(C(F)(F)F)c4)c[nH]3)c2)CC1,5.640164517660112,2290.0,0,0,0,0,1,1
FC1(F)CCN(Cc2cccc(-c3nc(-c4cccc(C(F)(F)F)c4)c[nH]3)c2)CC1,5.5934598195660445,2550.0,0,0,0,0,1,1
Brc1cccc(-c2c[nH]c(-c3cccc(CN4CCOCC4)c3)n2)c1,6.177178354696896,665.0,0,0,0,0,0,0
CC1CN(Cc2cccc(-c3nc(-c4cccc(Cl)c4)c[nH]3)c2)CCO1,5.488116639021126,3250.0,1,1,0,0,1,1
FC1CCN(Cc2cccc(-c3nc(-c4cccc(Cl)c4)c[nH]3)c2)CC1,6.886056647693163,130.0,1,1,0,0,1,1
FC1CCN(Cc2cccc(-c3nc(-c4cccc(Cl)c4Cl)c[nH]3)c2)CC1,5.888065723667318,1294.0,0,0,0,0,1,1
FC1CCN(Cc2cccc(-c3nc(-c4ccc(Cl)cc4Cl)c[nH]3)c2)CC1,5.610833915635467,2450.0,1,1,0,0,1,1
COc1ccc(-c2c[nH]c(-c3cccc(CN4CCC(F)(F)CC4)c3)n2)c(F)c1,7.4089353929735005,39.0,0,0,0,0,1,1
COc1ccc(F)c(-c2c[nH]c(-c3cccc(CN4CCOCC4)c3)n2)c1,6.853871964321762,140.0,1,1,0,0,0,0
COc1ccc(F)c(-c2c[nH]c(-c3cccc(CN4CCC(F)(F)CC4)c3)n2)c1,7.602059991327962,25.0,0,0,0,0,1,1
COc1ccc(F)c(-c2c[nH]c(-c3cccc(CN4CCC(F)CC4)c3)n2)c1,7.060480747381382,87.0,1,1,0,0,1,1
Clc1cccc(-c2c[nH]c(-c3cccc(CN4CCCCC4)c3)n2)c1,5.976747540366288,1055.0,1,1,0,0,1,1
Clc1cccc(-c2c[nH]c(-c3cccc(CN4CCCCC4)c3)n2)c1Cl,4.901356274182943,12550.0,1,1,0,0,1,1
Clc1ccc(-c2c[nH]c(-c3cccc(CN4CCCCC4)c3)n2)c(Cl)c1,5.7447274948966935,1800.0,0,0,0,0,0,0
COc1ccc(F)c(-c2c[nH]c(-c3cccc(CN4CCCCC4)c3)n2)c1,6.494850021680094,320.0,1,1,0,0,1,1
CCOc1ccc(F)c(-c2c[nH]c(-c3cccc(CN4CCCCC4)c3)n2)c1,5.070581074285707,8500.0,1,1,0,0,1,1
CCNC(=O)NCc1nc(-c2cn(CC3CCOCC3)c3c(Cl)cccc23)no1,5.700000503883016,1995.26,0,0,0,0,1,1
CC(=O)N[C@@H]1CCN(Cc2nc(-c3cn(CC4CCOCC4)c4c(Cl)cccc34)ns2)C1,6.0999990348465305,794.33,1,1,0,1,1,1
NC(=O)CNC(=O)[C@@H]1CCCN1Cc1nc(-c2cn(CC3CCOCC3)c3c(Cl)cccc23)ns1,6.399996913372259,398.11,0,0,0,0,1,1
CN(Cc1nc(-c2cn(CC3CCOCC3)c3c(Cl)cccc23)no1)[C@@H](CO)C(N)=O,6.599997654072044,251.19,0,0,0,0,1,0
COCCN(C)Cc1nc(-c2cn(CC3CCS(=O)(=O)CC3)c3c(Cl)cccc23)ns1,6.699991797446187,199.53,0,0,0,0,1,1
COCC(=O)NCc1nc(-c2cn(CC3CCOCC3)c3c(Cl)cccc23)no1,6.699991797446187,199.53,0,0,0,0,1,1
O=C(O)C1CCCN1Cc1nc(-c2cn(CC3CCOCC3)c3c(Cl)cccc23)ns1,6.799998134593398,158.49,0,0,0,0,1,0
O=C(NCCO)C1CCN(Cc2nc(-c3cn(CC4CCOCC4)c4c(Cl)cccc34)no2)CC1,6.900008766455316,125.89,0,0,0,0,1,1
Clc1cccc2c(-c3noc(CN4CCCC4)n3)cn(CC3CCOCC3)c12,7.0,100.0,1,1,0,0,1,1
COCCN(C)Cc1nc(-c2cn(CC3CCOCC3)c3c(Cl)cccc23)ns1,7.100015437450609,79.43,0,0,0,0,1,1
CN(CCO)Cc1nc(-c2cn(CC3CCOCC3)c3c(Cl)cccc23)ns1,7.100015437450609,79.43,0,0,0,0,1,1
COCCN(Cc1nc(-c2cn(CC3CCOCC3)c3c(Cl)cccc23)ns1)S(C)(=O)=O,7.100015437450609,79.43,0,0,0,0,1,1
CN(CC(=O)NCCO)Cc1nc(-c2cn(CC3CCOCC3)c3c(Cl)cccc23)no1,7.299988937677887,50.12,0,0,0,0,1,1
CN(CC(N)=O)Cc1nc(-c2cn(CC3CCOCC3)c3c(Cl)cccc23)no1,7.400007822415902,39.81,1,1,0,1,1,1
CN(C)S(=O)(=O)N(C)Cc1nc(-c2cn(CC3CCOCC3)c3c(Cl)cccc23)no1,7.50003813440381,31.62,0,0,0,0,1,1
Clc1cccc2c(-c3nsc(CN4CCCC4)n3)cn(CC3CCOCC3)c12,7.700057099977233,19.95,1,1,0,1,1,1
CS(=O)(=O)N(CCO)Cc1nc(-c2cn(CC3CCOCC3)c3c(Cl)cccc23)ns1,7.700057099977233,19.95,0,0,0,0,1,1
Clc1cccc2c(-c3nsc(CN4CCCC4)n3)cn(CC3CCCCC3)c12,7.79997073344623,15.85,1,1,0,1,0,0
OC[C@H]1CCCN1Cc1nc(-c2cn(CC3CCOCC3)c3c(Cl)cccc23)ns1,7.79997073344623,15.85,0,0,0,0,1,1
COc1ccc(S(=O)(=O)N2CCOCC2)cc1NC(=O)c1ccc(Cl)cc1,5.294136287716081,5080.0,0,0,0,0,0,0
O=C(Nc1cc(S(=O)(=O)N2CCOCC2)ccc1Cl)c1cc2c(s1)CCCC2,5.104025267640935,7870.0,0,0,0,0,0,0
CC(C)(C)c1ccc(NC(=O)N2CCCN(C(=O)CCC3CCCC3)CC2)cc1,4.714442690992226,19300.0,0,0,0,0,0,0
CC(C)(C)c1ccc(NC(=O)N2CCCN(C(=O)c3ccc(Cl)cc3)CC2)cc1,4.832682665251824,14700.0,0,0,0,0,0,0
CC(C)CCC(=O)N1CCCN(C(=O)Nc2ccc(C(C)(C)C)cc2)CC1,4.703334809738469,19800.0,0,0,0,0,0,0
CC(C)(C)c1ccc(NC(=O)N2CCCN(C(=O)c3ccc(C(F)(F)F)cc3)CC2)cc1,4.698970004336019,20000.0,1,1,0,1,1,1
CCc1cccc2c(-c3nsc(CN4CCCC4)n3)cn(CC3CCOCC3)c12,8.299988937677888,5.012,1,1,0,0,0,0
Fc1cccc2c(-c3nc(CN4CCCC4)cs3)cn(CC3CCOCC3)c12,6.199998172182031,630.96,1,1,0,1,0,0
CCN(CC)Cc1csc(-c2cn(CC3CCOCC3)c3c(F)cccc23)n1,7.100015437450609,79.43,0,0,0,0,0,0
CN(CCO)Cc1csc(-c2cn(CC3CCOCC3)c3c(Cl)cccc23)n1,7.400007822415902,39.81,0,0,0,0,1,1
CCN(CCO)Cc1csc(-c2cn(CC3CCOCC3)c3c(Cl)cccc23)n1,7.899974269892137,12.59,0,0,0,0,1,1
CC(C)N(CCO)Cc1csc(-c2cn(CC3CCOCC3)c3c(Cl)cccc23)n1,8.0,10.0,0,0,0,0,1,1
OC1CCN(Cc2csc(-c3cn(CC4CCOCC4)c4c(Cl)cccc34)n2)CC1,7.199970640755866,63.1,0,0,0,0,1,1
COC1CCN(Cc2csc(-c3cn(CC4CCOCC4)c4c(Cl)cccc34)n2)CC1,6.599997654072044,251.19,0,0,0,0,1,1
Clc1cccc2c(-c3nc(CN4CCOCC4)cs3)cn(CC3CCOCC3)c12,7.299988937677887,50.12,1,1,0,1,1,1
CCCCCn1cc(C(=O)c2cccc3ccccc23)c2ccccc21,8.299988937677888,5.012,1,1,0,1,1,1
CCCCCn1cc(C(=O)Nc2cccc3ccccc23)c2ccccc21,8.0,10.0,1,1,0,0,0,0
CCCCCn1cc(C(=O)c2cccc3ccccc23)c2cccnc21,7.50003813440381,31.62,0,0,0,0,1,1
CCCCCn1cc(C(=O)c2cccc3ccccc23)c2ccncc21,7.0,100.0,1,1,0,1,0,0
CCCCCn1cc(C(=O)c2cccc3ccccc23)c2cnccc21,7.299988937677887,50.12,0,0,0,0,1,1
CCOc1cc(S(=O)(=O)c2ccc3c(c2)nc(C(C)(C)C)n3CC2CCOCC2)ccn1,5.892790030352131,1280.0,0,0,0,0,0,0
COCCCNc1cc(S(=O)(=O)c2ccc3c(c2)nc(C(C)(C)C)n3CC2CCOCC2)ccn1,6.019996628416254,955.0,0,0,0,0,0,0
COCCCOc1cc(S(=O)(=O)c2ccc3c(c2)nc(C(C)(C)C)n3CC2CCOCC2)ccn1,5.414539270491499,3850.0,0,0,0,0,1,1
COCCOc1cc(S(=O)(=O)c2ccc3c(c2)nc(C(C)(C)C)n3CC2CCOCC2)ccn1,6.094743951251549,804.0,1,1,0,0,1,1
CC(C)(C)c1nc2cc(S(=O)(=O)c3ccnc(OCCCO)c3)ccc2n1CC1CCOCC1,5.440093374963888,3630.0,0,0,0,0,1,1
CC(=O)NCCc1cc(S(=O)(=O)c2ccc3c(c2)nc(C(C)(C)C)n3CC2CCOCC2)ccn1,5.079876673709276,8320.0,1,1,0,0,1,1
CC(C)(C)c1nc2cc(S(=O)(=O)CCCC(F)(F)F)ccc2n1CC1CCN(C=O)CC1,5.250031916490597,5623.0,1,1,0,0,1,1
CC(C)(C)c1nc2cc(S(=O)(=O)CC3CC3)ccc2n1CC1CCN(C=O)CC1,5.599980364934842,2512.0,0,0,0,0,0,0
CC(C)(C)c1nc2cc(S(=O)(=O)CC3CC3)ccc2n1CC1CCS(=O)(=O)CC1,5.572513890904214,2676.0,0,0,0,0,0,0
CC(C)(C)c1nc2cc(S(=O)(=O)c3nccs3)ccc2n1CC1CCN(C=O)CC1,6.493494967595128,321.0,0,0,0,0,1,1
CC(=O)N1CCC(Cn2c(C(C)(C)C)nc3cc(S(=O)(=O)c4nccs4)ccc32)CC1,5.46495918674884,3428.0,0,0,0,0,1,1
CC(C)(C)c1nc2cc(S(=O)(=O)CCCC(F)(F)F)ccc2n1CC1CCOCC1,6.494850021680094,320.0,1,1,0,0,1,1
CCOc1ccc(Cc2nc3cc(N(C)S(=O)(=O)c4cccs4)ccc3n2CC2CCCCC2)nc1,8.096910013008056,8.0,0,0,0,0,0,0
C=CCn1c2c(c3cc(C(=O)N4CCC(C)CC4)ccc31)CN(CC1CC1)CC2,6.114638779968488,768.0,1,1,0,0,1,1
C=CCn1c2c(c3cc(C(=O)N4CCC(C)CC4)ccc31)CN(Cc1ccccc1)CC2,6.987162775294828,103.0,1,1,0,1,1,1
C=CCn1c2c(c3cc(C(=O)N4CCC(C)CC4)ccc31)CN(CC1CCCC1)CC2,6.939302159646388,115.0,1,1,0,1,1,1
C=CCn1c2c(c3cc(C(=O)N4CCC(C)CC4)ccc31)CN(C1CCCC1)CC2,7.481486060122112,33.0,1,1,0,0,1,1
C=CCn1c2c(c3cc(C(=O)N4CCC(C)CC4)ccc31)CN(C1CCSC1)CC2,8.301029995663981,5.0,1,1,0,1,1,1
C=CCn1c2c(c3cc(C(=O)N4CCC(C)CC4)ccc31)CN(C1CCCCC1)CC2,7.221848749616356,60.0,1,1,0,1,1,1
C=CCn1c2c(c3cc(C(=O)N4CCC(C)CC4)ccc31)CN(C1CCOCC1)CC2,7.221848749616356,60.0,1,1,0,1,1,1
C=CCn1c2c(c3cc(C(=O)N4CCC(C)CC4)ccc31)CN(Cc1ccccn1)CC2,5.265760395564545,5423.0,1,1,0,1,1,1
C=CCn1c2c(c3cc(C(=O)N4CCC(C)CC4)ccc31)CN(Cc1ccncc1)CC2,5.866461091629782,1360.0,1,1,0,1,1,1
CCCn1c2c(c3cc(C(=O)N4CCC(C)CC4)ccc31)CN(C1CCCC1)CC2,7.346787486224656,45.0,1,1,0,0,0,0
CCCn1c2c(c3cc(C(=O)N4CCC(C)CC4)ccc31)CN(C1CCOCC1)CC2,6.987162775294828,103.0,1,1,0,1,0,0
CC1CCN(C(=O)c2ccc3[nH]c4c(c3c2)CN(C2CCCC2)CC4)CC1,5.371304617285976,4253.0,0,0,0,0,0,0
CC1CCN(C(=O)c2ccc3c(c2)c2c(n3C)CCN(C3CCCC3)C2)CC1,7.113509274827518,77.0,0,0,0,0,0,0
CCn1c2c(c3cc(C(=O)N4CCC(C)CC4)ccc31)CN(C1CCCC1)CC2,7.200659450546418,63.0,1,1,0,0,0,0
CCCS(=O)(=O)n1c2c(c3cc(C(=O)N4CCC(C)CC4)ccc31)CN(C1CCOCC1)CC2,6.889410289700751,129.0,1,1,0,0,0,0
CCCS(=O)(=O)n1c2c(c3cc(C(=O)N4CCC(C)CC4)ccc31)CN(C1CCCC1)CC2,7.657577319177793,22.0,0,0,0,0,0,0
CC1CCN(C(=O)c2ccc3c(c2)c2c(n3S(C)(=O)=O)CCN(C3CCCC3)C2)CC1,7.301029995663981,50.0,0,0,0,0,0,0
CC1CCN(C(=O)c2ccc3c(c2)c2c(n3S(C)(=O)=O)CCN(C3CCOCC3)C2)CC1,6.325138859262188,473.0,0,0,0,0,0,0
CCS(=O)(=O)n1c2c(c3cc(C(=O)N4CCC(C)CC4)ccc31)CN(C1CCCC1)CC2,7.958607314841775,11.0,1,1,0,0,0,0
CCS(=O)(=O)n1c2c(c3cc(C(=O)N4CCC(C)CC4)ccc31)CN(C1CCOCC1)CC2,7.309803919971486,49.0,0,0,0,0,0,0
CC1CCN(C(=O)c2ccc3c(c2)c2c(n3S(=O)(=O)C(C)C)CCN(C3CCOCC3)C2)CC1,6.823908740944319,150.0,0,0,0,0,0,0
CC1CCN(C(=O)c2ccc3c(c2)c2c(n3S(=O)(=O)c3ccccc3)CCN(C3CCOCC3)C2)CC1,7.229147988357855,59.0,0,0,0,0,0,0
CC1CCN(C(=O)c2ccc3c(c2)c2c(n3S(=O)(=O)N(C)C)CCN(C3CCCC3)C2)CC1,7.585026652029182,26.0,0,0,0,0,0,0
CC1CCN(C(=O)c2ccc3c(c2)c2c(n3S(=O)(=O)N(C)C)CCN(C3CCOCC3)C2)CC1,7.1487416512809245,71.0,0,0,0,0,0,0
CCOc1ccc(Cn2c3c(c4cc(C(=O)N5CCC(C)CC5)ccc42)CN(C2CCOCC2)CC3)cc1,7.275724130399211,53.0,0,0,0,0,0,0
CCCC(=O)n1c2c(c3cc(C(=O)N4CCC(C)CC4)ccc31)CN(C1CCOCC1)CC2,6.931814138253839,117.0,0,0,0,0,0,0
CN(CC(N)=O)Cc1nc(-c2cn(CC3CCOCC3)c3c(Cl)cccc23)ns1,6.199998172182031,630.96,1,1,0,1,1,1
NC(=O)CN1CCN(Cc2nc(-c3cn(CC4CCOCC4)c4c(Cl)cccc34)ns2)CC1,7.199970640755866,63.1,1,1,0,1,1,1
O=C(NCCO)C1CCN(Cc2nc(-c3cn(CC4CCOCC4)c4c(Cl)cccc34)ns2)CC1,7.100015437450609,79.43,0,0,0,0,1,1
COc1cccc2c(-c3nsc(CN(C)CC(N)=O)n3)cn(CC3CCOCC3)c12,5.899998417198648,1258.93,0,0,0,0,1,1
COc1cccc2c(-c3nsc(CN4CCN(CC(N)=O)CC4)n3)cn(CC3CCOCC3)c12,7.100015437450609,79.43,0,0,0,0,1,1
COc1cccc2c(-c3nsc(CN4CCC(C(=O)NCCO)CC4)n3)cn(CC3CCOCC3)c12,7.50003813440381,31.62,1,1,0,1,1,1
CN(CC(N)=O)Cc1nc(-c2cn(CC3CCS(=O)(=O)CC3)c3c(Cl)cccc23)ns1,6.799998134593398,158.49,0,0,0,0,0,0
NC(=O)CN1CCN(Cc2nc(-c3cn(CC4CCS(=O)(=O)CC4)c4c(Cl)cccc34)ns2)CC1,6.699991797446187,199.53,0,0,0,0,1,1
O=C(NCCO)[C@H]1CCCN(Cc2nc(-c3cn(CC4CCS(=O)(=O)CC4)c4c(Cl)cccc34)ns2)C1,7.700057099977233,19.95,1,1,0,0,1,1
NC(=O)CN1CCN(Cc2nc(-c3cn(CC4CCOCC4)c4c(Cl)cccc34)no2)CC1,7.100015437450609,79.43,1,1,0,1,1,1
COc1cccc2c(-c3noc(CN(C)CC(N)=O)n3)cn(CC3CCOCC3)c12,5.59999938302362,2511.89,0,0,0,0,1,1
COc1cccc2c(-c3noc(CN4CCC(C(=O)NCCO)CC4)n3)cn(CC3CCOCC3)c12,6.199998172182031,630.96,1,1,0,1,1,0
CN(CC(N)=O)Cc1nc(-c2cn(CC3CCS(=O)(=O)CC3)c3c(Cl)cccc23)no1,6.799998134593398,158.49,0,0,0,0,0,0
NC(=O)CN1CCN(Cc2nc(-c3cn(CC4CCS(=O)(=O)CC4)c4c(Cl)cccc34)no2)CC1,6.299997602857746,501.19,0,0,0,0,1,0
O=C(NCCO)C1CCN(Cc2nc(-c3cn(CC4CCS(=O)(=O)CC4)c4c(Cl)cccc34)no2)CC1,6.0,1000.0,1,1,0,0,1,0
CCN(CCCC(=O)NC1CC1)C(=O)c1ccc2c(c1)c1c(n2C)CCC(C2CCOCC2)C1,8.537602002101044,2.9,0,0,0,0,0,0
CN(CCCC(=O)NC1CC1)C(=O)c1ccc2c(c1)c1c(n2C)CCC(C2CCOCC2)C1,7.790484985457369,16.2,0,0,0,0,0,0
CCN(CC(=O)NCCF)C(=O)c1ccc2c(c1)c1c(n2C)CC[C@@H](C2CCOCC2)C1,8.008773924307505,9.8,1,1,0,0,1,1
CN(CCCC(=O)NCCF)C(=O)c1ccc2c(c1)c1c(n2C)CC[C@@H](C2CCOCC2)C1,7.889410289700751,12.9,1,1,0,1,1,1
CCN(CCCC(=O)NCCO)C(=O)c1ccc2c(c1)c1c(n2C)CC[C@@H](C2CCOCC2)C1,7.512861624522813,30.7,0,0,0,0,0,0
CN(CCCC(=O)NC1COC1)C(=O)c1ccc2c(c1)c1c(n2C)CC[C@@H](C2CCOCC2)C1,7.359518563029578,43.7,0,0,0,0,0,0
CN(C(=O)c1ccc2c(c1)c1c(n2C)CC[C@@H](C2CCOCC2)C1)[C@H](CO)CCC(=O)NCCF,7.211831628858833,61.4,0,0,0,0,0,0
CCNC(=O)CC[C@@H](CO)N(C)C(=O)c1ccc2c(c1)c1c(n2C)CC[C@@H](C2CCOCC2)C1,7.104025267640935,78.7,0,0,0,0,0,0
CNC(=O)CC[C@@H](CO)N(C)C(=O)c1ccc2c(c1)c1c(n2C)CC[C@@H](C2CCOCC2)C1,6.995678626217358,101.0,0,0,0,0,1,1
CN(CCCC(=O)NCCO)C(=O)c1ccc2c(c1)c1c(n2C)CC[C@@H](C2CCOCC2)C1,6.761953896871205,173.0,1,1,0,1,1,1
CN(CCCC(=O)NCC#N)C(=O)c1ccc2c(c1)c1c(n2C)CC[C@@H](C2CCOCC2)C1,7.151195298948196,70.6,0,0,0,0,0,0
CONC(=O)CCCN(C)C(=O)c1ccc2c(c1)c1c(n2C)CC[C@@H](C2CCOCC2)C1,6.536107011014093,291.0,1,1,0,1,1,1
CCN1CCN(c2nc(C)nc3sc(-c4ccccc4)cc23)CC1,5.585026652029182,2600.0,0,0,0,0,0,0
Cc1nc(N2CCN(C)CC2)c2cc(-c3ccccc3)sc2n1,5.228412519118745,5910.0,0,0,0,0,0,0
CCN1CCN(c2nc(C)nc3c2nc(-c2ccccc2Cl)n3C)CC1,6.023191662661934,948.0,0,0,0,0,0,0
CCN1CCN(c2nc(C)nc3[nH]c(-c4ccccc4Cl)nc23)CC1,5.844663962534939,1430.0,0,0,0,0,0,0
Cc1nc(N2CCN(C)CC2)c2nc(-c3ccccc3Cl)n(CCO)c2n1,5.210419287835575,6160.0,0,0,0,0,0,0
CCc1c(C(=O)NCCc2ccc(NC)cc2)[nH]c2ccc(Cl)cc12,6.017728766960431,960.0,0,0,0,0,0,0
Cc1c(C(=O)NCCc2ccc(N3CCCCC3)cc2)[nH]c2ccc(Cl)cc12,6.638272163982407,230.0,0,0,0,0,0,0
O=C(NCCc1ccc(N2CCCCC2)cc1)c1cc2cc(Cl)ccc2[nH]1,7.045757490560675,90.0,0,0,0,0,1,1
CN(C)c1ccc(CCNC(=O)c2cc3cc(Cl)ccc3[nH]2)cc1,5.815308569182402,1530.0,0,0,0,0,1,1
CCCCCn1cc(C(=O)NCc2ccc(Cl)c(Cl)c2)c(=O)c2ccc(Sc3ccccc3)cc21,6.102043189993048,790.6,0,0,0,0,0,0
CN(CCCCCCCOc1ccc(-c2oc3ccccc3c2C(=O)c2ccc(OCCN3CCOCC3)cc2)cc1)Cc1ccccc1,5.863279432843593,1370.0,0,0,0,0,0,0
CCN(CC)CCOc1cccc(C(=O)c2c(-c3ccc(OCCCCCCCN(C)Cc4ccccc4)cc3)oc3ccccc23)c1,5.195179321278838,6380.0,0,0,0,0,0,0
CN(CCCCCCCOc1ccc(-c2oc3ccccc3c2C(=O)c2ccc(-c3ccccc3)cc2)cc1)Cc1ccccc1,5.111259039317107,7740.0,0,0,0,0,0,0
CN(CCCCCCCOc1ccc(-c2oc3ccccc3c2C(=O)c2ccccc2)cc1)Cc1ccccc1,6.102372908709558,790.0,0,0,0,0,0,0
CN(CCCCCCCOc1ccc(-c2cc3ccccc3o2)cc1)Cc1ccccc1,5.158015195409886,6950.0,0,0,0,0,0,0
CCCCCc1cc(OC)c2cc(Cc3ccccc3OC)c(=O)oc2c1,7.251811972993799,56.0,0,0,0,0,0,0
CCCCCc1cc(OC)c2cc(Cc3cccc(OC)c3)c(=O)oc2c1,6.366531544420414,430.0,0,0,0,0,0,0
O=C(Nc1sc2c(c1C(=O)N1CC(F)(F)C1)CCC(F)(F)C2)c1ccccc1OC(F)(F)F,6.856985199745905,139.0,0,0,0,0,0,0
COCCNC(=O)c1c(NC(=O)c2ccccc2Cl)sc2c1CCC(F)(F)C2,6.018634490921456,958.0,0,0,0,0,1,1
O=C(Nc1sc2c(c1C(=O)N1CC(F)(F)C1)CCC(F)(F)C2)c1ccccc1Cl,7.091514981121351,81.0,0,0,0,0,1,1
CC1OCc2sc(NC(=O)CC(C)(C)C)c(C(=O)N3CC(F)(F)C3)c21,6.663540266151471,217.0,0,0,0,0,0,0
CC1OCc2sc(NC(=O)CC(C)(C)C)c(C(=O)N3CCCCC3)c21,5.780939667551139,1656.0,0,0,0,0,0,0
COCCNC(=O)c1c(NC(=O)CC(C)(C)C)sc2c1C(C)(C)CC2,6.434152181326482,368.0,0,0,0,0,0,0
CC(C)(C)CC(=O)Nc1sc2c(c1C(=O)NCC1CC1)C(C)(C)CC2,6.614393726401688,243.0,0,0,0,0,1,1
CC1(C)CCc2sc(NC(=O)c3ccccc3Cl)c(C(=O)NCC3CC3)c21,7.795880017344075,16.0,0,0,0,0,1,1
O=C(CN1CCCCC1)Nc1sc2c(c1C(=O)N1CCC(F)(F)CC1)CCCC2,5.49254893909803,3217.0,0,0,0,0,1,1
CC(C)(C)CC(=O)Nc1sc2c(c1C(=O)N1CCC(F)(F)CC1)CCCC2,6.94692155651658,113.0,0,0,0,0,1,1
CC(C)(C)CC(=O)Nc1sc2c(c1C(=O)N1CC(F)(F)C1)CCCC2,6.473660722610156,336.0,0,0,0,0,1,1
COC1CN(C(=O)c2c(NC(=O)CC(C)(C)C)sc3c2CCCC3)C1,5.400990760176656,3972.0,0,0,0,0,1,1
COCCNC(=O)c1c(NC(=O)C2CCCC2)sc2c1CCCC2,5.095284454721319,8030.0,0,0,0,0,0,0
COCCNC(=O)c1c(NC(=O)CC(C)(C)C)sc2c1CCCC2,5.720105019988362,1905.0,0,0,0,0,1,1
O=C(Nc1sc2c(c1C(=O)N1CCC(F)(F)CC1)CCOC2)c1c(F)cccc1C(F)(F)F,6.600326278518962,251.0,0,0,0,0,1,1
O=C(Nc1sc2c(c1C(=O)N1CCC(F)(F)CC1)CCOC2)c1ccccc1OC(F)(F)F,6.903089986991944,125.0,1,1,0,0,1,1
O=C(Nc1sc2c(c1C(=O)N1CCC(F)(F)CC1)CCOC2)c1ccccc1C(F)(F)F,7.096910013008056,80.0,1,1,0,0,1,1
O=C(Nc1sc2c(c1C(=O)N1CC(F)(F)C1)CCOC2)c1c(F)cccc1C(F)(F)F,6.09799710864927,798.0,0,0,0,0,1,1
O=C(Nc1sc2c(c1C(=O)N1CC(F)(F)C1)CCOC2)c1ccccc1OC(F)(F)F,5.704652851666382,1974.0,1,1,0,0,1,1
O=C(Nc1sc2c(c1C(=O)N1CC(F)(F)C1)CCOC2)c1ccccc1C(F)(F)F,6.528708288941061,296.0,0,0,0,0,1,1
COC1CN(C(=O)c2c(NC(=O)c3c(F)cccc3C(F)(F)F)sc3c2CCOC3)C1,5.179732842839036,6611.0,0,0,0,0,1,1
COC1CN(C(=O)c2c(NC(=O)c3ccccc3OC(F)(F)F)sc3c2CCOC3)C1,5.84893674664625,1416.0,0,0,0,0,1,1
COC1CN(C(=O)c2c(NC(=O)c3ccccc3C(F)(F)F)sc3c2CCOC3)C1,5.224753740259764,5960.0,0,0,0,0,1,1
COCCNC(=O)c1c(NC(=O)c2c(F)cccc2C(F)(F)F)sc2c1CCOC2,5.028724151261895,9360.0,0,0,0,0,1,1
COCCNC(=O)c1c(NC(=O)c2ccccc2C(F)(F)F)sc2c1CCOC2,5.059981844992337,8710.0,0,0,0,0,1,1
O=C(Nc1sc2c(c1C(=O)NCC1CC1)CCOC2)c1c(F)cccc1C(F)(F)F,6.090443970758825,812.0,0,0,0,0,1,1
O=C(Nc1sc2c(c1C(=O)NCC1CC1)CCOC2)c1ccccc1OC(F)(F)F,6.284832642151542,519.0,0,0,0,0,0,0
O=C(Nc1sc2c(c1C(=O)N1CCCCC1)CCOC2)c1c(F)cccc1C(F)(F)F,6.0,1000.0,0,0,0,0,0,0
O=C(Nc1sc2c(c1C(=O)N1CCCCC1)CCOC2)c1ccccc1OC(F)(F)F,6.033858267260968,925.0,0,0,0,0,0,0
O=C(Nc1sc2c(c1C(=O)N1CCCCC1)CCOC2)c1ccccc1C(F)(F)F,6.216811308924743,607.0,0,0,0,0,1,1
O=C(Nc1sc2c(c1C(=O)N1CCOCC1)CCOC2)c1c(F)cccc1C(F)(F)F,5.343135508451083,4538.0,0,0,0,0,1,1
O=C(Nc1sc2c(c1C(=O)N1CCOCC1)CCOC2)c1ccccc1C(F)(F)F,5.756218083906205,1753.0,0,0,0,0,1,1
CC(C)c1ccccc1C(=O)Nc1sc2c(c1C(=O)N1CCOCC1)CCOC2,5.823908740944319,1500.0,0,0,0,0,0,0
Cc1ccccc1C(=O)Nc1sc2c(c1C(=O)N1CCOCC1)CCOC2,5.127727153775795,7452.0,1,1,0,1,0,0
O=C(Nc1sc2c(c1C(=O)N1CCOCC1)CCOC2)c1c(Cl)cccc1Cl,5.33357562748124,4639.0,0,0,0,0,0,0
O=C(Nc1sc2c(c1C(=O)N1CCOCC1)CCOC2)c1ccccc1Cl,5.485452247339714,3270.0,1,1,0,1,0,0
O=C(Nc1sc2c(c1C(=O)N1CCOCC1)CCCC2)c1ccccc1Cl,6.600326278518962,251.0,1,1,0,1,0,0
C[S+](O)Cc1ccc(C(=O)Nc2ccc(OCCOCCO)nc2C(=O)NCC2CCC2)c2ccccc12,8.292429823902063,5.1,0,0,0,0,0,0
COc1ccc(NC(=O)c2ccc(C[S+](C)O)c3ccccc23)c(C(=O)NCC2CCOCC2)n1,7.886056647693163,13.0,0,0,0,0,0,0
O=C(NCC1CCOCC1)c1nc(OS(=O)(=O)CCC(F)(F)F)ccc1NC(=O)c1ccc(Cn2ccnn2)c2ccccc12,7.958607314841775,11.0,0,0,0,0,0,0
O=C(NCC1CCC1)c1nccnc1NC(=O)c1ccc(Cn2ccnn2)c2ccccc12,8.09151498112135,8.1,1,1,0,1,0,0
O=C(NCC1CCOCC1)c1ncccc1NC(=O)c1ccc(Cn2ccnn2)c2ccccc12,8.096910013008056,8.0,1,1,0,1,1,0
COc1ccc(NC(=O)c2ccc(Cn3ccnn3)c3ccccc23)c(C(=O)NCC2CCOCC2)n1,8.537602002101044,2.9,0,0,0,0,0,0
COc1ccc(NC(=O)c2ccc(Cn3ccnn3)c3ccccc23)c(C(=O)NCC2CCC2)n1,8.886056647693163,1.3,0,0,0,0,1,0
COc1ccc(NC(=O)c2ccc(Cn3ccnn3)c3ccccc23)c(C(=O)NCC2CCCCC2)n1,8.769551078621726,1.7,0,0,0,0,0,0
CS(=O)(=O)Cc1ccc(C(=O)Nc2cccnc2C(=O)NCC2CCC2)c2ccccc12,6.585026652029182,260.0,0,0,0,0,1,1
C[S+](O)Cc1ccc(C(=O)Nc2cccnc2C(=O)NCC2CCC2)c2ccccc12,8.229147988357855,5.9,1,1,0,1,1,1
O=C(NCC1CCC1)c1nc(OCCOCCO)ccc1NC(=O)c1ccnc2ccccc12,7.853871964321762,14.0,0,0,0,0,0,0
O=C(NCC1CCC1)c1nc(OCCO)ccc1NC(=O)c1ccnc2ccccc12,6.920818753952375,120.0,0,0,0,0,0,0
O=C(NCC1CCC1)c1ncccc1NC(=O)c1ccc(Cn2ccnn2)c2ccccc12,8.853871964321762,1.4,1,1,0,1,1,1
O=C(NCC1CCC1)c1ncccc1NC(=O)c1ccc(Cn2cccn2)c2ccccc12,7.638272163982407,23.0,1,1,0,1,1,1
O=C(NCC1CCC1)c1ncccc1NC(=O)c1ccc(Cn2ccnc2)c2ccccc12,7.397940008672037,40.0,1,1,0,1,1,1
O=C(NCC1CCC1)c1ncccc1NC(=O)c1ccc(Cn2cccc2)c2ccccc12,6.769551078621726,170.0,1,1,0,1,1,1
CN(C)Cc1ccc(C(=O)Nc2cccnc2C(=O)NCC2CCC2)c2ccccc12,6.7447274948966935,180.0,1,1,0,1,1,1
COCc1ccc(C(=O)Nc2cccnc2C(=O)NCC2CCC2)c2ccccc12,8.229147988357855,5.9,1,1,0,0,1,1
COc1ccc(NC(=O)c2ccnc3ccccc23)c(C(=O)NCC2CCC2)n1,7.795880017344075,16.0,0,0,0,0,1,0
O=C(NCC1CCC1)c1ncccc1NC(=O)c1ccnc2ccccc12,7.102372908709558,79.0,0,0,0,0,1,1
O=C(NCC1CCC1)c1ncccc1NC(=O)c1cccc2ccccc12,7.638272163982407,23.0,1,1,0,1,1,0
O=C(NCC1CCOCC1)c1ncccc1NC(=O)c1cccc2ccccc12,7.091514981121351,81.0,0,0,0,0,1,0
O=C(NCC1CCCCC1)c1nccnc1NC(=O)c1cccc2ccccc12,6.318758762624412,480.0,1,1,0,1,0,0
O=C(NCC1CCCCC1)c1ncccc1NC(=O)c1cccc2ccccc12,7.619788758288394,24.0,1,1,0,1,0,0
O=C(NCC1CCCCC1)c1cc(Cl)ccc1NC(=O)c1cccc2ccccc12,6.585026652029182,260.0,0,0,0,0,0,0
CCCc1ccc(O)c(-c2cc(CCC)ccc2O)c1,5.045275209020937,9010.0,0,0,0,0,0,0
C=CCc1ccc(O)c(-c2cc(CC=C)ccc2O)c1,4.73754891026957,18300.0,0,0,0,0,0,0
CC1(C)Oc2cc(C34CC5CC(CC(C5)C3)C4)cc(O)c2[C@@H]2CC(CO)=CC[C@H]21,6.638272163982407,230.0,0,0,0,0,0,0
CC1=CC[C@@H]2[C@@H](C1)c1c(O)cc(C34CC5CC(CC(C5)C3)C4)cc1OC2(C)C,5.815308569182402,1530.0,0,0,0,0,0,0
CCCCCn1c2ccc(C(=O)N3CCCCC3)cc2c2ccc(OC)cc21,6.927015255372069,118.3,0,0,0,0,0,0
CCCCCn1c2ccccc2c2cc(C(=O)N3CCCCC3)ccc21,7.013676222949234,96.9,0,0,0,0,0,0
COCCOc1ncc(C(=O)N[C@@H]2CCCC[C@H]2O)cc1-c1ccc(Cl)cc1,7.935542010773082,11.6,0,0,0,0,0,0
O=C(N[C@@H]1CCCC[C@H]1O)c1cnc(OCC2CC2)c(-c2ccc(Cl)cc2)c1,8.4089353929735,3.9,0,0,0,0,0,0
CCn1c(C(=O)NCC(C)(C)C)nc2c(-c3ccccc3)cccc21,6.039529222465701,913.0,0,0,0,0,0,0
O=C(NC12CC3CC(CC(C3)C1)C2)c1nc2c(-c3ccccc3)cccc2[nH]1,6.910094888560602,123.0,0,0,0,0,0,0
CCn1c(C(=O)NCc2ccccc2Cl)nc2c(-c3ccccc3)cccc21,6.039529222465701,913.0,0,0,0,0,0,0
O=C(NC12CC3CC(CC(C3)C1)C2)c1nn(-c2ccc(Cl)c(Cl)c2)c2c1CCCC2,7.431798275933005,37.0,0,0,0,0,0,0
CC(C)(C)NC(=O)c1nn(-c2ccc(F)cc2F)c2c1[C@H]1CC[C@@H]2C1,6.068542129310995,854.0,0,0,0,0,0,0
CCCCCCC(C)(C)c1cc(O)c2c(c1)OC(C)(C)[C@@H]1CC=C(C(=O)O)C[C@@H]21,6.032920265855503,927.0,1,1,0,0,0,0
O=C(NC1CCCC1)c1ccc2c(c1)N(S(=O)(=O)c1ccc(F)cc1)CCS2,8.0,10.0,0,0,0,0,0,0
O=C(Cc1ccccc1)N/N=C1\C(=O)N(CC2CCCCC2)c2cc(OCCN3CCOCC3)ccc21,7.199970640755866,63.1,0,0,0,0,0,0
O=C(N/N=C1\C(=O)N(Cc2ccccc2)c2ccccc21)c1ccccc1,6.199998172182031,630.96,1,1,0,1,1,1
CCN1CCN(C(=O)c2cn(CC3CCCCC3)c3c(C)cccc23)CC1,6.699991797446187,199.53,0,0,0,0,0,0
Cc1ccc2c(C(=O)N3CCN(C)CC3)cn(CC3CCCCC3)c2c1,6.499996931948306,316.23,0,0,0,0,0,0
Cc1ccc2c(c1)c(C(=O)N1CCN(C)CC1)cn2CC1CCCCC1,5.700000503883016,1995.26,0,0,0,0,0,0
CN1CCN(C(=O)c2cn(CC3CCCCC3)c3ccccc23)CC1,6.299997602857746,501.19,0,0,0,0,0,0
O=C(NCc1ccccc1)c1cn(CC2CCCCC2)c2ccccc12,7.199970640755866,63.1,0,0,0,0,0,0
CN1CC(S(=O)(=O)c2ccc3c(c2)nc(CC(C)(C)C)n3CC2CC2)C1,5.795880017344075,1600.0,1,1,0,1,0,0
CN(C)CCn1c(CC(C)(C)C)nc2cc(S(=O)(=O)C3CN(C)C3)ccc21,4.795880017344075,16000.0,0,0,0,0,0,0
CC(C)(C)Cc1nc2cc(S(=O)(=O)C3CN(C(N)=O)C3)ccc2n1CC1(O)CCOCC1,5.0,10000.0,0,0,0,0,0,0
CC(C)(C)Cc1nc2cc(S(=O)(=O)C3CN(C(N)=O)C3)ccc2n1CC1CC1,5.552841968657781,2800.0,0,0,0,0,0,0
CC(C)(C)c1cc(NC(=O)[C@@H]2CCCN2c2ccc(Cl)cc2)no1,5.585026652029182,2600.0,1,1,0,0,1,1
CC(C)(C)c1cc(NC(=O)[C@@H]2CCCCN2c2ccc(C(F)(F)F)cn2)no1,6.6020599913279625,250.0,1,1,0,1,1,1
CC(C)(C)c1cc(NC(=O)[C@@H]2CCCN2c2ccc(C(F)(F)F)cn2)no1,7.275724130399211,53.0,1,1,0,1,1,1
CC(C)(C)c1cc(NC(=O)[C@@H]2CCN2c2ccc(C(F)(F)F)cn2)no1,5.853871964321762,1400.0,1,1,0,0,0,0
CC(C)(C)c1cc(NC(=O)[C@@H]2CCCN2c2ccc(C(F)(F)F)cc2)no1,6.512861624522813,307.0,1,1,0,1,1,1
CC(C)(C)c1cc(NC(=O)[C@@H]2CCCN2C2CCCCC2)no1,6.4089353929735005,390.0,1,1,1,1,1,1
CC(C)(C)c1cc(NC(=O)[C@@H]2CCCN2C2CCCC2)no1,5.619788758288394,2400.0,1,1,1,1,1,1
CC(C)(C)c1cc(NC(=O)[C@@H]2CCCN2C2CCC2)no1,4.008751766991008,98005.0,1,1,1,1,1,1
CC(C)(C)c1cc(NC(=O)[C@@H]2CCCN2CC2CC2)no1,4.995678626217358,10100.0,1,1,0,1,1,1
CC(C)(C)c1cc(NC(=O)[C@@H]2CCCN2C2CCOCC2)no1,4.3872161432802645,41000.0,1,1,0,1,1,1
CC(C)(C)c1cc(NC(=O)[C@@H]2CCCN2CC2CCOCC2)no1,5.309803919971486,4900.0,1,1,0,0,1,1
CC(C)(C)c1cc(NC(=O)[C@@H]2CCCN2C2CCOCC2)on1,5.142667503568732,7200.0,1,1,0,1,0,0
O=C(Nc1nc2cc(Cl)ccc2s1)[C@@H]1CCCN1C1CCOCC1,4.769551078621726,17000.0,0,0,0,0,0,0
CC(C)(C)c1cc(NC(=O)[C@@H]2C[C@@H](O)CN2C2CCCCC2)on1,4.537602002101044,29000.0,0,0,0,0,0,0
CC(C)(C)c1cc(NC(=O)[C@@H]2C[C@@H](O)CN2c2ccc(Cl)cc2)on1,4.552841968657781,28000.0,0,0,0,0,0,0
CC(C)(C)c1cc(NC(=O)[C@@H]2CCC(=O)N2c2ccc(C(F)(F)F)cn2)on1,6.958607314841775,110.0,1,1,0,0,0,0
CC(C)(C)c1cc(NC(=O)[C@@H]2CCC(=O)N2c2ccc(C#N)cn2)on1,5.958607314841775,1100.0,0,0,0,0,0,0
COCC(C)(C)c1cc(NC(=O)[C@@H]2CCC(=O)N2c2ccc(C(F)(F)F)cc2)on1,5.494850021680094,3200.0,1,1,0,0,0,0
CC(C)(CO)c1cc(NC(=O)[C@@H]2CCC(=O)N2c2ccc(C(F)(F)F)cc2)on1,6.013228265733755,970.0,0,0,0,0,0,0
CC(C)(C)c1cc(NC(=O)[C@@H]2CCCCN2C(=O)CC2CCOCC2)no1,5.156206801674087,6979.0,1,1,0,0,0,0
CC(C)(C)c1cc(NC(=O)[C@@H]2CCCCN2C(=O)CN2CCS(=O)(=O)CC2)no1,4.805763251276171,15640.0,0,0,0,0,0,0
CC(C)(C)c1cc(NC(=O)[C@@H]2CCCCN2C(=O)C2CCCCC2)no1,5.239276027858049,5764.0,0,0,0,0,0,0
CC(C)(C)c1cc(NC(=O)[C@@H]2CCCCN2CC2CCOCC2)no1,6.221848749616356,600.0,1,1,0,1,1,1
CC(C)(C)c1cc(NC(=O)[C@@H]2CCCCN2C2CCCC2)no1,4.886056647693163,13000.0,1,1,1,1,1,1
CC(C)CN1CCCC[C@H]1C(=O)Nc1cc(C(C)(C)C)on1,5.706637445288554,1965.0,0,0,0,0,1,1
CC(C)(C)c1cc(NC(=O)[C@@H]2CCCCN2CC2CC2)no1,5.531652669587842,2940.0,1,1,0,0,1,1
CC(C)(C)c1cc(NC(=O)[C@@H]2CCCCN2Cc2ccc(Cl)cc2)no1,6.663540266151471,217.0,1,1,0,0,1,1
CC(C)(C)c1cc(NC(=O)[C@@H]2CCCCN2c2ccc(Cl)cc2)no1,5.931814138253839,1170.0,1,1,0,0,1,1
CC(C)(C)c1cc(NC(=O)[C@@H]2CCCCN2C(=O)N2CCSCC2)no1,5.102647865655687,7895.0,0,0,0,0,0,0
N#Cc1ccccc1CSc1nnc2c(n1)[nH]c1cccc(Br)c12,4.698970004336019,20000.0,0,0,0,0,0,0
N#Cc1ccccc1CSc1nnc2c3ccccc3n(Cc3ccccc3)c2n1,5.808828544271441,1553.0,0,0,0,0,0,0
CC(C)(NC(=O)c1nn(CCN2CCOCC2)c2c1C[C@H]1C[C@@H]21)c1ccccc1,7.718966632752273,19.1,0,0,0,0,1,1
CC(C)(NC(=O)c1nn(CCC2CCOCC2)c2c1C[C@H]1C[C@@H]21)c1ccccc1,8.356547323513812,4.4,0,0,0,0,1,1
CC(C)(NC(=O)c1nn(CC2CCOCC2)c2c1C[C@H]1C[C@@H]21)c1ccccc1,8.67778070526608,2.1,0,0,0,0,1,1
CC(C)(C)Cn1nc(C(=O)NC(C)(C)c2ccccc2)c2c1[C@@H]1C[C@@H]1C2,8.130768280269024,7.4,0,0,0,0,1,1
CC(C)n1nc(C(=O)NC(C)(C)c2ccccc2)c2c1[C@@H]1C[C@@H]1C2,7.292429823902063,51.0,0,0,0,0,1,1
CC(C)(NC(=O)c1nn(C(C)(C)C)c2c1C[C@H]1C[C@@H]21)c1ccccc1,7.0655015487564325,86.0,0,0,0,0,1,1
CC(C)(NC(=O)c1nn(Cc2ccc(F)cc2)c2c1C[C@H]1C[C@@H]21)c1ccccc1,9.522878745280336,0.3,1,1,0,0,1,1
CC(C)(NC(=O)c1nn(-c2ccc(F)cc2F)c2c1C[C@H]1C[C@@H]21)c1ccccc1,7.806875401645538,15.6,1,1,0,1,1,1
CC(C)(NC(=O)c1nn(-c2ccc(Cl)cc2Cl)c2c1C[C@H]1C[C@@H]21)c1ccccc1,7.663540266151471,21.7,1,1,0,1,1,1
CC(C)(NC(=O)c1nn(-c2ccccn2)c2c1C[C@H]1C[C@@H]21)c1ccccc1,6.419075024324381,381.0,1,1,0,0,1,1
CC(C)(NC(=O)c1nn(-c2cccnc2)c2c1C[C@H]1C[C@@H]21)c1ccccc1,6.467245621007502,341.0,1,1,0,0,1,1
CC(C)(NC(=O)c1nn(-c2ccc(F)cc2F)c2c1C[C@H]1C[C@@H]21)c1ccncc1,5.886056647693163,1300.0,1,1,0,1,1,1
CC(C)(NC(=O)c1nn(-c2ccc(F)cc2F)c2c1C[C@H]1C[C@@H]21)c1ccccn1,7.366531544420414,43.0,1,1,0,1,1,1
CC(C)(CF)NC(=O)c1nn(-c2ccc(F)cc2F)c2c1C[C@H]1C[C@@H]21,5.468521082957745,3400.0,0,0,0,0,1,1
O=C(NC1(CO)CCC1)c1nn(-c2ccc(F)cc2F)c2c1C[C@H]1C[C@@H]21,6.978810700930062,105.0,0,0,0,0,1,1
O=C(NC1(CO)CCCC1)c1nn(-c2ccc(F)cc2F)c2c1C[C@H]1C[C@@H]21,6.527243550682788,297.0,0,0,0,0,1,1
CC1(C)[C@H]2CC[C@](C)(C2)[C@H]1NC(=O)c1nn(-c2ccc(F)cc2F)c2c1C[C@H]1C[C@@H]21,6.663540266151471,217.0,0,0,0,0,1,1
CC(C)(CO)NC(=O)c1nn(-c2ccccn2)c2c1C[C@H]1C[C@@H]21,5.443697499232712,3600.0,0,0,0,0,0,0
CCN1CCN(c2nc(C)nc3c2nc(-c2ccccc2Cl)n3CCCOC)CC1,5.860120913598763,1380.0,0,0,0,0,0,0
Cc1nc(N2CCN(C)CC2)c2nc(-c3ccccc3Cl)n(C(C)(C)CO)c2n1,5.301029995663981,5000.0,0,0,0,0,0,0
CC(=O)NCCn1c(-c2ccccc2Cl)nc2c(N3CCN(C)CC3)nc(C)nc21,5.33161408331,4660.0,0,0,0,0,0,0
Cc1c(C(=O)NN2CCCCC2)nn(-c2ccc(Cl)cc2Cl)c1-c1ccc(I)cc1,7.186752699102395,65.05,1,1,0,1,1,1
Cc1c(C(=O)NCCCCN)nn(-c2ccc(Cl)cc2Cl)c1-c1ccc(Cl)cc1,5.54987565375915,2819.19,1,1,1,1,1,1
Cc1c(C(=O)NCCCCCCCCN)nn(-c2ccc(Cl)cc2Cl)c1-c1ccc(Cl)cc1,6.9503943874050265,112.1,1,1,1,1,1,1
Cc1c(C(=O)NCCCCCCCCNC(=O)c2cccc(C(=O)NCCCCCCCCNC(=O)c3nn(-c4ccc(Cl)cc4Cl)c(-c4ccc(Cl)cc4)c3C)c2)nn(-c2ccc(Cl)cc2Cl)c1-c1ccc(Cl)cc1,4.869833064796229,13494.815,0,0,0,0,0,0
Cc1c(C(=O)NCCCCNC(=O)C23CC4CC(C2)CC(C(=O)NCCCCNC(=O)c2nn(-c5ccc(Cl)cc5Cl)c(-c5ccc(Cl)cc5)c2C)(C4)C3)nn(-c2ccc(Cl)cc2Cl)c1-c1ccc(Cl)cc1,4.789974587353014,16219.05,0,0,0,0,0,0
Cc1c(C(=O)NCCCCCCCCNC(=O)C23CC4CC(C2)CC(C(=O)NCCCCCCCCNC(=O)c2nn(-c5ccc(Cl)cc5Cl)c(-c5ccc(Cl)cc5)c2C)(C4)C3)nn(-c2ccc(Cl)cc2Cl)c1-c1ccc(Cl)cc1,5.140130685258407,7242.18,0,0,0,0,0,0
Cc1c(C(=O)NCCCCNCc2ccc(CNCCCCNC(=O)c3nn(-c4ccc(Cl)cc4Cl)c(-c4ccc(Cl)cc4)c3C)cc2)nn(-c2ccc(Cl)cc2Cl)c1-c1ccc(Cl)cc1,5.5300889259803405,2950.605,0,0,0,0,0,0
Cc1c(C(=O)NCCCCNC(=O)c2ccccc2)nn(-c2ccc(Cl)cc2Cl)c1-c1ccc(Cl)cc1,6.11006832714596,776.125,0,0,0,0,1,1
Cc1c(C(=O)NCCCCCCCCNC(=O)c2ccccc2)nn(-c2ccc(Cl)cc2Cl)c1-c1ccc(Cl)cc1,6.300079930690457,501.095,0,0,0,0,1,0
Cc1c(C(=O)NCCCCNC(=O)C2CCCCC2)nn(-c2ccc(Cl)cc2Cl)c1-c1ccc(Cl)cc1,6.959298788062642,109.825,0,0,0,0,1,1
Cc1c(C(=O)NCCCCCCCCNC(=O)C2CCCCC2)nn(-c2ccc(Cl)cc2Cl)c1-c1ccc(Cl)cc1,5.959302742503426,1098.24,0,0,0,0,1,0
Cc1c(C(=O)NCCCCNCc2ccccc2)nn(-c2ccc(Cl)cc2Cl)c1-c1ccc(Cl)cc1,6.179900391555901,660.845,0,0,0,0,1,1
Cc1c(C(=O)NCCCCCCCCNCc2ccccc2)nn(-c2ccc(Cl)cc2Cl)c1-c1ccc(Cl)cc1,6.910041929048079,123.015,0,0,0,0,1,1
Cc1c(C(=O)NCCCCNCc2cccc(C(=O)NCCCCNC(=O)c3nn(-c4ccc(Cl)cc4Cl)c(-c4ccc(Cl)cc4)c3C)c2)nn(-c2ccc(Cl)cc2Cl)c1-c1ccc(Cl)cc1,5.790242438072402,1620.905,0,0,0,0,0,0
Cc1c(C(=O)NCCCCNCc2ccc(C(=O)NCCCCNC(=O)c3nn(-c4ccc(Cl)cc4Cl)c(-c4ccc(Cl)cc4)c3C)cc2)nn(-c2ccc(Cl)cc2Cl)c1-c1ccc(Cl)cc1,5.719483090746997,1907.73,0,0,0,0,0,0
CCOc1ccc(Cc2nc3cc(C(=O)N(CC)CC)ccc3n2CCCCCCCCCCN(C)C)cc1,4.600000074606178,25118.86,0,0,0,0,0,0
CCOc1ccc(Cc2nc3cc(C(=O)N(CC)CC)ccc3n2CCCCCCCCCCN(C)CCCCCCCCCCn2c(Cc3ccc(OCC)cc3)nc3cc(C(=O)N(CC)CC)ccc32)cc1,5.200000237109354,6309.57,0,0,0,0,0,0
CCOc1ccc(Cc2nc3cc(C(=O)N(CC)CC)ccc3n2CCCN(C)CCCn2c(Cc3ccc(OCC)cc3)nc3cc(C(=O)N(CC)CC)ccc32)cc1,4.459999937940861,34673.69,0,0,0,0,0,0
CCOc1ccc(Cc2nc3cc(C(=O)NCCCCCCCCCCN(C)C)ccc3n2CCC(C)C)cc1,4.619999985338959,23988.33,0,0,0,0,0,0
CCOc1ccc(Cc2nc3cc(C(=O)NCCCCCCCCCCN(C)CCCCCCCCCCNC(=O)c4ccc5c(c4)nc(Cc4ccc(OCC)cc4)n5CCC(C)C)ccc3n2CCC(C)C)cc1,4.589999963296594,25703.96,0,0,0,0,0,0
CCOc1ccc(Cc2nc3cc(C(=O)NCCCN(C)CCCNC(=O)c4ccc5c(c4)nc(Cc4ccc(OCC)cc4)n5CCC(C)C)ccc3n2CCC(C)C)cc1,4.759999957202692,17378.01,0,0,0,0,0,0
CCOc1ccc(Cc2nc3cc(C(=O)N(CC)CC)ccc3n2CCC(C)C)cc1,5.489999539566098,3235.94,0,0,0,0,0,0
CCCCn1c(Cc2ccc(OCC)cc2)nc2cc(C(=O)N(CC)CC)ccc21,5.870000928042575,1348.96,0,0,0,0,0,0
C=CCNC(=O)CCCCCCCOc1cc(O)cc(C(C)(C)CCCCCC)c1,6.858863909879261,138.4,0,0,0,0,0,0
CN(C)c1cccc(-c2cccc(NC(=O)Nc3ccc(Cl)cc3)c2)n1,6.178486471595227,663.0,0,0,0,0,1,1
CCCCNc1cccc(-c2cccc(NC(=O)Nc3ccc(Cl)cc3)c2)n1,5.818156412055227,1520.0,0,0,0,0,1,1
O=C(Nc1ccc(F)cc1)Nc1cccc(-c2cccc(N3CCCC3)n2)c1,6.684029654543083,207.0,1,1,0,0,0,0
N#Cc1ccc(NC(=O)Nc2cccc(-c3cccc(N4CCCC4)n3)c2)cc1,7.2580609222708015,55.2,0,0,0,0,1,1
O=C(Nc1ccc(Cl)nc1)Nc1cccc(-c2cccc(N3CCCC3)n2)c1,6.38933983691012,408.0,1,1,0,0,0,0
CC(C)(C)c1cc(NC(=O)C(C)(C)S(=O)(=O)c2ccc(C(F)(F)F)cc2)no1,6.376750709602099,420.0,0,0,0,0,0,0
O=C(Nc1cc(C(F)(F)F)on1)N1CCCN(C(=O)c2ccc(C(F)(F)F)cc2)CC1,6.0,1000.0,1,1,0,1,1,1
CC(C)(C)c1cc(NC(=O)[C@@H]2CCCN2c2ncc(C(F)(F)F)cc2Cl)no1,8.154901959985743,7.0,1,1,0,0,1,1
CC(C)(C)c1cc(NC(=O)[C@]2(C)CCCN2c2ccc(C(F)(F)F)cc2)no1,7.823908740944319,15.0,1,1,0,1,1,1
CC(C)(C)c1cc(NC(=O)[C@]2(C)CCCN2c2ccc(Cl)cc2)no1,7.267606240177032,54.0,1,1,0,0,1,1
CC(C)(C)c1cc(NC(=O)[C@]2(C)CCCN2c2ccc(C(F)(F)F)cn2)no1,9.30102999566398,0.5,1,1,0,1,1,1
CC(C)(C)c1cc(NC(=O)C(C)(C)S(=O)(=O)c2ccc(C(F)(F)F)cn2)no1,6.376750709602099,420.0,0,0,0,0,0,0
O=C(Nc1cc(C(F)(F)F)on1)N1CCCN(C(=O)c2ccc(C(F)(F)F)cn2)CC1,6.596879478824183,253.0,1,1,0,1,0,0
CN(C)C1(c2nc(-c3cc(C(C)(C)C)c(O)c(C(C)(C)C)c3)cs2)CCSCC1,5.624153563690844,2376.0,0,0,0,0,0,0
CN(C)C1(c2nc(-c3cc(C(C)(C)C)c(O)c(C(C)(C)C)c3)cs2)CCOCC1,5.573488738635425,2670.0,0,0,0,0,0,0
CCN(CC)C1(c2nc(-c3cc(C(C)(C)C)c(O)c(C(C)(C)C)c3)cs2)CCOCC1,5.394048842435127,4036.0,0,0,0,0,0,0
CC(C)(C)c1cc(-c2csc(C3(N4CCCCC4)CCOCC3)n2)cc(C(C)(C)C)c1O,5.646660904688695,2256.0,0,0,0,0,0,0
CN(C)C1(c2nc(-c3cc(C(C)(C)C)c(O)c(C(C)(C)C)c3)co2)CCOCC1,5.855114581712858,1396.0,0,0,0,0,0,0
CN1CCCCC1Cn1cc(C(=O)c2cc([N+](=O)[O-])ccc2I)c2ccccc21,5.983802646487561,1038.0,0,0,0,0,0,0
CCCCN1C(=O)/C(=C/NC(C)(C)CC)C(=O)c2cccc(C)c21,5.694648630553377,2020.0,0,0,0,0,0,0
CCCCN1C(=O)/C(=C/NC(C)(C)CO)C(=O)c2cccc(C)c21,6.254144804826271,557.0,0,0,0,0,0,0
O=C(c1ccc(Cl)cc1)c1cc(O)c(-c2cc(Cl)cc(Cl)c2)c(O)c1,5.484126156288321,3280.0,0,0,0,0,0,0
COc1cc(C(=O)c2ccc(Cl)cc2)cc(O)c1-c1cc(Cl)cc(Cl)c1,5.540607512240769,2880.0,0,0,0,0,0,0
O=C(Nc1ccc(C(=O)c2ccccc2)cc1)Nc1cccc(-c2cccc(N3CCCC3)n2)c1,6.165579296318468,683.0,0,0,0,0,1,1
O=C(NCCc1ccc(N2CCCCC2)cc1)c1[nH]c2ccc(Cl)cc2c1CCN=C=S,6.679853713888946,209.0,0,0,0,0,0,0
CCCOC(=O)N1CCC(NC(=O)c2nn(-c3ccc(Cl)cc3Cl)c(-c3ccc(Cl)cc3)c2C)CC1,7.698970004336019,20.0,0,0,0,0,1,1
COc1ccccc1N1CCN(CCCNC(=O)Oc2cccc3ccccc23)CC1,7.721246399047171,19.0,0,0,0,0,0,0
O=C(NCCCCN1CCN(c2cccc(Cl)c2Cl)CC1)Oc1ccccc1,7.397940008672037,40.0,0,0,0,0,0,0
O=C(NCCCCN1CCN(c2cccc(Cl)c2Cl)CC1)Oc1cccc2[nH]ccc12,6.698970004336019,200.0,0,0,0,0,0,0
C[C@@H](NC(=O)c1nn(-c2ccc(Cl)cc2Cl)c2c1CCC/C2=C\c1ccc(Cl)cc1)c1ccccn1,7.522878745280337,30.0,1,1,0,0,0,0
O=C(NC1CCN(c2ccccn2)CC1)c1nn(-c2ccc(Cl)cc2Cl)c2c1CCC/C2=C\c1ccc(Cl)cc1,7.468521082957745,34.0,0,0,0,0,0,0
C[C@@H](NC(=O)c1nn(-c2ccc(Cl)cc2)c2c1CCC/C2=C\c1ccc(Cl)cc1)c1ccccn1,6.896196279044043,127.0,1,1,0,0,1,1
O=C(NC1(c2ccccn2)CC1)c1nn(-c2ccc(Cl)cc2)c2c1CCC/C2=C\c1ccc(Cl)cc1,8.154901959985743,7.0,0,0,0,0,1,1
C[C@@H](NC(=O)c1nn(-c2ccc(Cl)cc2Cl)c2c1CCC/C2=C\c1ccc(F)cc1)c1ccccn1,8.397940008672037,4.0,1,1,0,0,0,0
O=C(NC1CCN(c2ccccn2)CC1)c1nn(-c2ccc(Cl)cc2Cl)c2c1CCC/C2=C\c1ccc(F)cc1,7.920818753952375,12.0,0,0,0,0,0,0
C[C@@H](NC(=O)c1nn(-c2ccc(Cl)cc2)c2c1CCC/C2=C\c1ccc(Cl)cn1)c1ccccn1,7.657577319177793,22.0,1,1,0,0,0,0
C[C@@H](NC(=O)c1nn(-c2ccc(Cl)cc2Cl)c2c1CCC/C2=C\c1ccc(Cl)s1)c1ccccn1,7.455931955649724,35.0,1,1,1,1,0,0
C[C@@H](NC(=O)c1nn(-c2ccc(Cl)c(Cl)c2)c2c1CCC/C2=C\c1ccc(Cl)s1)c1ccccn1,7.431798275933005,37.0,1,1,0,0,0,0
C[C@@H](NC(=O)c1nn(-c2ccc(C(F)(F)F)cc2Cl)c2c1CCC/C2=C\c1ccc(Cl)s1)c1ccccn1,7.744727494896693,18.0,0,0,0,0,0,0
O=C(NC1(c2ccccn2)CC1)c1nn(-c2ccc(C(F)(F)F)cc2Cl)c2c1CCC/C2=C\c1ccc(Cl)s1,7.958607314841775,11.0,0,0,0,0,0,0
C[C@@H](NC(=O)c1nn(-c2ccc(Cl)cc2Cl)c2c1CCCC/C2=C\c1ccc(Cl)cc1)c1ccccn1,8.154901959985743,7.0,1,1,0,0,0,0
C[C@@H](NC(=O)c1nn(-c2ccc(Cl)c(Cl)c2)c2c1CCCC/C2=C\c1ccc(Cl)cc1)c1ccccn1,7.431798275933005,37.0,1,1,0,0,0,0
C[C@@H](NC(=O)c1nn(-c2ccc(Cl)cc2Cl)c2c1CCCC/C2=C\c1ccc(F)cc1)c1ccccc1,8.221848749616356,6.0,1,1,0,0,0,0
O=C(NC1CCN(c2ccccn2)CC1)c1nn(-c2ccc(Cl)cc2Cl)c2c1CCCC/C2=C\c1ccc(F)cc1,7.552841968657781,28.0,0,0,0,0,0,0
C[C@@H](NC(=O)c1nn(-c2ccc(Cl)c(Cl)c2)c2c1CCCC/C2=C\c1ccc(F)cc1)c1ccccn1,7.455931955649724,35.0,0,0,0,0,0,0
O=C(NC1(c2ccccn2)CC1)c1nn(-c2ccc(Cl)c(Cl)c2)c2c1CCCC/C2=C\c1ccc(F)cc1,7.886056647693163,13.0,0,0,0,0,0,0
C[C@@H](NC(=O)c1nn(-c2ccc(Cl)cc2)c2c1CCCC/C2=C\c1ccc(F)cc1)c1ccccn1,7.552841968657781,28.0,1,1,0,0,0,0
C[C@@H](NC(=O)c1nn(-c2ccc(Cl)cc2Cl)c2c1CCCC/C2=C\c1ccc(Cl)cn1)c1ccccn1,8.397940008672037,4.0,1,1,0,0,0,0
C[C@@H](NC(=O)c1nn(-c2ccc(C(F)(F)F)cc2Cl)c2c1CCCC/C2=C\c1ccc(Cl)s1)c1ccccn1,8.096910013008056,8.0,0,0,0,0,0,0
O=C(NC1(c2ccccn2)CC1)c1nn(-c2ccc(C(F)(F)F)cc2Cl)c2c1CCCC/C2=C\c1ccc(Cl)s1,8.096910013008056,8.0,0,0,0,0,0,0
C[C@@H](NC(=O)c1nn(-c2ccc(Cl)cc2Cl)c2c1CCCC/C2=C\c1ccc(Cl)s1)c1ccccn1,8.698970004336019,2.0,1,1,1,1,0,0
C[C@@H](NC(=O)c1nn(-c2ccc(Cl)c(Cl)c2)c2c1CCCC/C2=C\c1ccc(C(F)(F)F)cc1)c1ccccn1,7.251811972993799,56.0,0,0,0,0,0,0
COc1ccc(/C=C2\CN(C(=O)CC(=O)O)Cc3c(C(=O)N[C@H](C)c4ccccn4)nn(-c4ccc(Cl)cc4Cl)c32)cc1,7.958607314841775,11.0,0,0,0,0,0,0
COc1ccc(/C=C2\CN(C(=O)CS(N)(=O)=O)Cc3c(C(=O)N[C@H](C)c4ccccn4)nn(-c4ccc(Cl)cc4Cl)c32)cc1,8.096910013008056,8.0,0,0,0,0,0,0
COc1ccc(/C=C2\CN(C(=O)CCS(N)(=O)=O)Cc3c(C(=O)N[C@H](C)c4ccccn4)nn(-c4ccc(Cl)cc4Cl)c32)cc1,8.221848749616356,6.0,0,0,0,0,0,0
C[C@@H](NC(=O)c1nn(-c2ccc(Cl)cc2Cl)c2c1CN(C(=O)CC(N)=O)C/C2=C\c1ccc(F)cc1)c1ccccn1,8.045757490560675,9.0,0,0,0,0,0,0
C[C@@H](NC(=O)c1nn(-c2ccc(Cl)cc2Cl)c2c1CN(C(=O)CCC(N)=O)C/C2=C\c1ccc(F)cc1)c1ccccn1,7.698970004336019,20.0,0,0,0,0,0,0
C[C@@H](NC(=O)c1nn(-c2ccc(Cl)cc2Cl)c2c1CN(C(=O)CNS(C)(=O)=O)C/C2=C\c1ccc(Cl)cc1)c1ccccn1,7.769551078621726,17.0,0,0,0,0,0,0
C[C@@H](NC(=O)c1nn(-c2ccc(Cl)cc2)c2c1CN(C(=O)CNS(C)(=O)=O)C/C2=C\c1ccc(F)cc1)c1ccccn1,7.522878745280337,30.0,0,0,0,0,0,0
C[C@@H](NC(=O)c1nn(-c2ccc(Cl)cc2Cl)c2c1CN(C(=O)[C@@H](O)CO)C/C2=C\c1ccc(Cl)cc1)c1ccccn1,7.657577319177793,22.0,0,0,0,0,0,0
C[C@@H](NC(=O)c1nn(-c2ccc(Cl)c(Cl)c2)c2c1CN(C(=O)Cn1cncn1)C/C2=C\c1ccc(Cl)cc1)c1ccccn1,8.221848749616356,6.0,0,0,0,0,0,0
C[C@@H](NC(=O)c1nn(-c2ccc(Cl)c(Cl)c2)c2c1CN(C(=O)Cn1cnnn1)C/C2=C\c1ccc(F)cc1)c1ccccn1,8.154901959985743,7.0,0,0,0,0,0,0
C[C@@H](NC(=O)c1nn(-c2ccc(Cl)cc2Cl)c2c1CN(C(=O)Cn1cnnn1)C/C2=C\c1ccc(F)cc1)c1ccccn1,8.221848749616356,6.0,0,0,0,0,0,0
C[C@@H](NC(=O)c1nn(-c2ccc(Cl)cc2)c2c1CN(C(=O)c1nc[nH]n1)C/C2=C\c1ccc(Cl)cc1)c1ccccn1,7.552841968657781,28.0,0,0,0,0,0,0
COc1ccc(/C=C2\CN(C(=O)CN)Cc3c(C(=O)N[C@H](C)c4ccccc4)nn(-c4ccc(Cl)cc4Cl)c32)cc1,7.619788758288394,24.0,0,0,0,0,0,0
C[C@@H](NC(=O)c1nn(-c2ccc(Cl)cc2Cl)c2c1CN(C(=O)[C@@H](O)CO)C/C2=C\c1ccc(Cl)cc1)c1ccccc1,7.744727494896693,18.0,0,0,0,0,0,0
COc1ccc(/C=C2\CN(C(=O)Cn3ccnc3)Cc3c(C(=O)N[C@H](C)c4ccccc4)nn(-c4ccc(Cl)cc4Cl)c32)cc1,8.301029995663981,5.0,0,0,0,0,0,0
COc1ccc(/C=C2\CN(C(=O)Cn3ccnn3)Cc3c(C(=O)N[C@H](C)c4ccccc4)nn(-c4ccc(Cl)cc4Cl)c32)cc1,8.397940008672037,4.0,0,0,0,0,0,0
C[C@@H](NC(=O)c1nn(-c2ccc(Cl)cc2Cl)c2c1CN(C(=O)Cn1cnnn1)C/C2=C\c1ccc(F)cc1)c1ccccc1,8.096910013008056,8.0,0,0,0,0,0,0
COc1ccc(/C=C2\CN(C(=O)Cn3cnnn3)Cc3c(C(=O)N[C@H](C)c4ccccc4)nn(-c4ccc(Cl)cc4Cl)c32)cc1,8.221848749616356,6.0,0,0,0,0,0,0
COc1ccc(/C=C2\CN(C(=O)c3cc[nH]n3)Cc3c(C(=O)N[C@H](C)c4ccccc4)nn(-c4ccc(Cl)cc4Cl)c32)cc1,7.494850021680094,32.0,0,0,0,0,0,0
COc1ccc(/C=C2\CN(C(=O)c3nc[nH]n3)Cc3c(C(=O)N[C@H](C)c4ccccc4)nn(-c4ccc(Cl)cc4Cl)c32)cc1,7.823908740944319,15.0,0,0,0,0,0,0
C[C@@H](NC(=O)c1nn(-c2ccc(Cl)cc2Cl)c2c1CN(C(=O)c1nc[nH]n1)C/C2=C\c1ccc(F)cc1)c1ccccc1,7.823908740944319,15.0,0,0,0,0,0,0
C[C@@H](NC(=O)c1nn(-c2ccc(Cl)cc2)c2c1CN(C(=O)c1nc[nH]n1)C/C2=C\c1ccc(F)cc1)c1ccccc1,7.920818753952375,12.0,0,0,0,0,0,0
C[C@@H](NC(=O)c1nn(-c2ccc(Cl)cc2)c2c1CN(C(=O)c1nc[nH]n1)C/C2=C\c1ccc(Cl)cc1)c1ccccc1,7.769551078621726,17.0,0,0,0,0,0,0
O=c1cc(CCc2cccc(Cl)c2)c2cc(C(O)(c3ccc(Cl)cc3)c3nccs3)ccc2[nH]1,6.057495893831919,876.0,0,0,0,0,0,0
Cn1c(=O)cc(CCc2cccc(Cl)c2)c2cc(C(c3ccc(Cl)cc3)c3nccs3)ccc21,6.772113295386326,169.0,0,0,0,0,1,0
O=c1cc(CCc2cccc(Cl)c2)c2cc(C(c3ccc(Cl)cc3)c3nccs3)ccc2[nH]1,6.91721462968355,121.0,1,1,0,1,1,1
CC(C)(C)OC(=O)N1CC=C(c2cc(=O)[nH]c3ccc(C(c4ccc(Cl)cc4)c4ccc(Cl)cc4)cc23)CC1,6.394694953858891,403.0,1,1,0,0,1,1
O=C(N1CC=C(c2cc(=O)[nH]c3ccc(C(c4ccc(Cl)cc4)c4ccc(Cl)cc4)cc23)CC1)C(F)(F)F,6.5951662833800615,254.0,0,0,0,0,1,1
O=c1cc(/C=C/c2cccc(F)c2)c2cc(C(c3ccc(Cl)cc3)c3ccc(Cl)cc3)ccc2[nH]1,6.153662887870195,702.0,0,0,0,0,1,1
O=c1cc(C2=CCN(S(=O)(=O)C(F)(F)F)CC2)c2cc(C(c3ccc(Cl)cc3)c3ccc(Cl)cc3)ccc2[nH]1,6.082494490447453,827.0,1,1,0,0,1,1
O=c1cc(CCc2ccc(C(F)(F)F)cc2)c2cc(C(c3ccc(Cl)cc3)c3cccs3)ccc2[nH]1,6.057991946977687,875.0,1,1,0,1,0,0
O=c1cc(/C=C/c2ccccc2)c2cc(C(c3ccc(Cl)cc3)c3cccs3)ccc2[nH]1,5.383157040465133,4138.5,1,1,0,1,1,1
O=c1cc(/C=C/c2ccccc2)c2cc(C(c3ccc(Cl)cc3)c3nccs3)ccc2[nH]1,6.088043810927313,816.5,0,0,0,0,1,1
O=c1cc(/C=C/c2cccc(C(F)(F)F)c2)c2cc(C(c3ccc(Cl)cc3)c3cccs3)ccc2[nH]1,6.47755576649368,333.0,1,1,0,1,1,1
Cc1ccc(/C=C/c2cc(=O)[nH]c3ccc(C(c4ccc(Cl)cc4)c4cccs4)cc23)cc1,6.3535962737769305,443.0,0,0,0,0,0,0
O=c1cc(/C=C/c2ccc(C(F)(F)F)cc2)c2cc(C(c3ccc(Cl)cc3)c3nccs3)ccc2[nH]1,6.401756808346377,396.5,1,1,0,1,1,1
O=c1cc(/C=C/c2ccc(C(F)(F)F)cc2)c2cc(C(c3ccc(Cl)cc3)c3ccc(Cl)s3)ccc2[nH]1,6.11975822410452,759.0,1,1,0,1,0,0
O=c1cc(/C=C/c2cccc(F)c2)c2cc(C(c3ccc(Cl)cc3)c3ccc(Cl)s3)ccc2[nH]1,5.861697301833718,1375.0,1,1,0,1,0,0
O=c1cc(/C=C/c2ccccc2)c2cc(C(c3ccc(Cl)cc3)c3ccc(Cl)s3)ccc2[nH]1,5.642065152999546,2280.0,1,1,0,1,1,1
O=c1cc(/C=C/c2cccc(F)c2)c2cc(C(c3ccccc3)c3ccc(Cl)cc3)ccc2[nH]1,5.494850021680094,3200.0,1,1,0,1,0,0
O=c1cc(/C=C/c2ccc(C(F)(F)F)cc2)c2cc(C(c3ccccc3)c3ccc(Cl)cc3)ccc2[nH]1,5.916676581526475,1211.5,1,1,0,1,0,0
O=c1cc(/C=C/c2ccc(Cl)cc2)c2cc(C(c3ccccc3)c3ccc(Cl)cc3)ccc2[nH]1,5.834162375309871,1465.0,0,0,0,0,0,0
O=c1cc(N2CCN(S(=O)(=O)C(F)(F)F)CC2)c2cc(C(c3ccc(Cl)cc3)c3nccs3)ccc2[nH]1,6.492144128304169,322.0,1,1,0,0,1,1
CCOC(=O)N1CCC(Nc2cc(=O)[nH]c3ccc(C(c4ccc(Cl)cc4)c4nccs4)cc23)CC1,7.721246399047171,19.0,1,1,0,0,1,1
O=c1cc(/C=C/c2cccc(F)c2)c2cc(C(c3ccc(Cl)cc3)c3nccs3)ccc2[nH]1,6.303643611266668,497.0,0,0,0,0,1,1
O=c1cc(NC2CCNCC2)c2cc(C(c3ccc(Cl)cc3)c3nccs3)ccc2[nH]1,6.218963061378868,604.0,1,1,0,1,1,1
CC(C)S(=O)(=O)N1CCC(Nc2cc(=O)[nH]c3ccc(C(c4ccc(Cl)cc4)c4nccs4)cc23)CC1,6.690369832574102,204.0,1,1,0,0,1,1
O=c1cc(NC2CCN(S(=O)(=O)C(F)(F)F)CC2)c2cc(C(c3ccc(Cl)cc3)c3nccs3)ccc2[nH]1,7.823908740944319,15.0,1,1,0,1,1,1
CC(C)(C)OC(=O)N1CC(CNc2cc(=O)[nH]c3ccc(C(c4ccc(Cl)cc4)c4nccs4)cc23)C1,5.632644078973981,2330.0,1,1,0,0,1,1
O=c1cc(NC2CCN(S(=O)(=O)C(F)(F)F)CC2)c2cc(C(c3ccc(Cl)cc3)c3ccc(Cl)cc3)ccc2[nH]1,8.09151498112135,8.1,1,1,0,1,1,1
Cn1c(=O)cc(NC2CCN(S(=O)(=O)C(F)(F)F)CC2)c2cc(C(c3ccc(Cl)cc3)c3ccc(Cl)cc3)ccc21,7.619788758288394,24.0,1,1,0,0,1,1
O=c1cc(NC2CCN(S(=O)(=O)C(F)(F)F)CC2)c2cc(C(O)(c3ccc(F)cc3)c3ccc(Cl)cc3)ccc2[nH]1,6.275724130399211,530.0,1,1,1,1,1,1
COc1ccc(C(O)(c2ccc(Cl)cc2)c2ccc3[nH]c(=O)cc(NC4CCN(S(=O)(=O)C(F)(F)F)CC4)c3c2)cc1,7.5376020021010435,29.0,1,1,0,1,1,1
O=c1cc(NC2CCN(S(=O)(=O)C(F)(F)F)CC2)c2cc(C(c3ccc(F)cc3)c3ccc(Cl)cc3)ccc2[nH]1,7.638272163982407,23.0,1,1,0,1,1,1
O=c1cc(NC2CCN(S(=O)(=O)C(F)(F)F)CC2)c2cc(C(c3ccc(Cl)cc3)c3ccc(Cl)c(Cl)c3)ccc2[nH]1,7.694648630553377,20.2,1,1,0,0,1,1
COc1ccc(C(c2ccc(Cl)cc2)c2ccc3[nH]c(=O)cc(NC4CCN(S(=O)(=O)C(F)(F)F)CC4)c3c2)cc1,8.086186147616283,8.2,0,0,0,0,1,1
O=c1cc(NC2CCN(S(=O)(=O)C(F)(F)F)CC2)c2cc(C(c3ccc(Cl)cc3)c3ccc4c(c3)OCO4)ccc2[nH]1,8.0,10.0,1,1,0,1,1,1
CCS(=O)(=O)N1CCC(Nc2cc(=O)[nH]c3ccc(C(c4ccc(Cl)cc4)c4ccc(Cl)cc4)cc23)CC1,7.657577319177793,22.0,1,1,0,0,1,1
O=c1cc(NC2CCN(c3ncccn3)CC2)c2cc(C(c3ccc(Cl)cc3)c3ccc(Cl)cc3)ccc2[nH]1,7.962573502059376,10.9,0,0,0,0,1,1
O=c1cc(NCc2ccc(C(F)(F)F)cc2)c2cc(C(c3ccc(Cl)cc3)c3ccc(Cl)cc3)ccc2[nH]1,7.346787486224656,45.0,1,1,0,1,1,1
O=c1cc(Nc2ccc(C(F)(F)F)cc2)c2cc(C(c3ccc(Cl)cc3)c3ccc(Cl)cc3)ccc2[nH]1,8.154901959985743,7.0,1,1,0,1,1,1
O=c1cc(NC2CCN(c3ccccc3)CC2)c2cc(C(c3ccc(Cl)cc3)c3ccc(Cl)cc3)ccc2[nH]1,8.221848749616356,6.0,1,1,0,1,1,1
O=c1cc(NCc2cccc(C(F)(F)F)c2)c2cc(C(c3ccc(Cl)cc3)c3ccc(Cl)cc3)ccc2[nH]1,8.154901959985743,7.0,1,1,0,1,1,1
O=c1cc(NC2CCN(S(=O)(=O)C(F)(F)F)CC2)c2cc(C(c3ccc(Cl)cc3)c3ccc(C(F)(F)F)cc3)ccc2[nH]1,7.5376020021010435,29.0,0,0,0,0,1,1
CS(=O)(=O)N1CCC(Nc2cc(=O)[nH]c3ccc(C(c4ccc(Cl)cc4)c4ccc(Cl)cc4)cc23)CC1,7.025949097207123,94.2,1,1,0,1,1,1
O=C(c1ccccc1)N1CCC(Nc2cc(=O)[nH]c3ccc(C(c4ccc(Cl)cc4)c4ccc(Cl)cc4)cc23)CC1,7.552841968657781,28.0,0,0,0,0,1,1
O=c1cc(NC2CCN(S(=O)(=O)C(F)(F)F)CC2)c2cc(C(c3ccc(Cl)cc3)c3nc4ccccc4s3)ccc2[nH]1,7.193141970481182,64.1,0,0,0,0,1,1
O=c1cc(NC2CCN(S(=O)(=O)C(F)(F)F)CC2)c2cc(C(c3ccc(O)cc3)c3ccc(Cl)cc3)ccc2[nH]1,7.657577319177793,22.0,1,1,0,1,1,1
O=c1cc(NC2CCN(S(=O)(=O)C3CC3)CC2)c2cc(C(c3ccc(Cl)cc3)c3ccc(Cl)cc3)ccc2[nH]1,7.823908740944319,15.0,1,1,0,1,1,1
O=c1cc(NC2CCN(c3ccccn3)CC2)c2cc(C(c3ccc(Cl)cc3)c3ccc(Cl)cc3)ccc2[nH]1,8.221848749616356,6.0,1,1,0,1,1,1
O=C(CC(F)(F)F)N1CCC(Nc2cc(=O)[nH]c3ccc(C(c4ccc(Cl)cc4)c4ccc(Cl)cc4)cc23)CC1,8.0,10.0,0,0,0,0,1,1
O=c1cc(NCc2ccc(C(F)(F)F)nc2)c2cc(C(c3ccc(Cl)cc3)c3ccc(Cl)cc3)ccc2[nH]1,8.154901959985743,7.0,1,1,0,1,1,1
O=c1cc(NC2CCCCC2)c2cc(C(c3ccc(Cl)cc3)c3ccc(Cl)cc3)ccc2[nH]1,8.154901959985743,7.0,1,1,0,1,1,1
O=c1cc(NC2CCN(S(=O)(=O)C(F)(F)F)CC2)c2cc(C(c3ccc(Cl)cc3)c3ccc(Cl)nc3)ccc2[nH]1,7.960585880823863,10.95,1,1,0,1,1,1
O=c1cc(NC2CCN(S(=O)(=O)C(F)(F)F)CC2)c2cc(C(O)(c3ccc(Cl)cc3)c3ccc(Cl)cc3)ccc2[nH]1,7.2839966563652,52.0,1,1,1,1,1,1
CC(Nc1cc(=O)[nH]c2ccc(C(c3ccc(Cl)cc3)c3ccc(Cl)cc3)cc12)c1cccc(C(F)(F)F)c1,7.443697499232712,36.0,0,0,0,0,1,1
O=c1cc(Nc2cccc(C(F)(F)F)c2)c2cc(C(c3ccc(Cl)cc3)c3ccc(Cl)cc3)ccc2[nH]1,7.602059991327962,25.0,0,0,0,0,1,1
O=c1cc(Nc2ccc(F)c(Cl)c2)c2cc(C(c3ccc(Cl)cc3)c3ccc(Cl)cc3)ccc2[nH]1,8.0,10.0,0,0,0,0,1,1
O=c1cc(NC2CCN(CC(F)(F)F)CC2)c2cc(C(c3ccc(Cl)cc3)c3ccc(Cl)cc3)ccc2[nH]1,8.522878745280337,3.0,1,1,0,1,1,1
O=c1cc(NCc2ccc(C(F)(F)F)cn2)c2cc(C(c3ccc(Cl)cc3)c3ccc(Cl)cc3)ccc2[nH]1,6.774690718274137,168.0,1,1,0,1,1,1
O=c1cc(NCc2cncc(C(F)(F)F)c2)c2cc(C(c3ccc(Cl)cc3)c3ccc(Cl)cc3)ccc2[nH]1,7.267606240177032,54.0,0,0,0,0,1,1
O=c1cc(NC2CCN(S(=O)(=O)c3ccccc3)CC2)c2cc(C(c3ccc(Cl)cc3)c3ccc(Cl)cc3)ccc2[nH]1,7.853871964321762,14.0,0,0,0,0,1,1
O=c1cc(NC2CCN(S(=O)(=O)N3CCCC3)CC2)c2cc(C(c3ccc(Cl)cc3)c3ccc(Cl)cc3)ccc2[nH]1,7.823908740944319,15.0,0,0,0,0,1,0
O=c1cc(NC2CCN(S(=O)(=O)c3cccc(F)c3)CC2)c2cc(C(c3ccc(Cl)cc3)c3ccc(Cl)cc3)ccc2[nH]1,7.200659450546418,63.0,0,0,0,0,1,0
O=c1cc(Nc2ccc(Cl)c(F)c2)c2cc(C(c3ccc(Cl)cc3)c3ccc(Cl)cc3)ccc2[nH]1,7.958607314841775,11.0,1,1,0,0,1,1
O=C(O)c1cccc(S(=O)(=O)N2CCC(Nc3cc(=O)[nH]c4ccc(C(c5ccc(Cl)cc5)c5ccc(Cl)cc5)cc34)CC2)c1,6.570247719997592,269.0,0,0,0,0,1,1
COC(=O)c1ccc(Nc2cc(=O)[nH]c3ccc(C(c4ccc(Cl)cc4)c4ccc(Cl)cc4)cc23)cc1,7.154901959985743,70.0,1,1,0,0,1,1
NC(=O)c1ccc(Nc2cc(=O)[nH]c3ccc(C(c4ccc(Cl)cc4)c4ccc(Cl)cc4)cc23)cc1,5.502103257086779,3147.0,1,1,0,1,1,1
O=c1cc(NC2CCC(C(F)(F)F)CC2)c2cc(C(c3ccc(Cl)cc3)c3ccc(Cl)cc3)ccc2[nH]1,6.954677021213342,111.0,1,1,0,1,1,1
Cn1c(=O)cc(NC2CCN(S(=O)(=O)C(F)(F)F)CC2)c2cc(C(c3ccc(Cl)cc3)c3nccs3)ccc21,7.853871964321762,14.0,0,0,0,0,1,0
NC(=O)Cn1c(=O)cc(NC2CCN(S(=O)(=O)C(F)(F)F)CC2)c2cc(C(c3ccc(Cl)cc3)c3ccc(Cl)cc3)ccc21,6.014573525916998,967.0,1,1,0,0,1,1
O=c1cc(NC2CCN(S(=O)(=O)C(F)(F)F)CC2)c2cc(C(c3ccc(Cl)cc3)c3ccc(Cl)cc3)cc(Br)c2[nH]1,8.0,10.0,1,1,0,0,1,1
O=c1cc(Nc2ccc(CC(F)(F)F)cc2)c2cc(C(c3ccc(Cl)cc3)c3ccc(Cl)cc3)cc(Br)c2[nH]1,7.823908740944319,15.0,1,1,0,0,0,0
COCCOc1ccc(Nc2cc(=O)[nH]c3ccc(C(c4ccc(Cl)cc4)c4ccc(Cl)cc4)cc23)cc1,7.259637310505756,55.0,1,1,0,0,1,1
CCOC(=O)CC(=O)N1CCC(Nc2cc(=O)[nH]c3ccc(C(c4ccc(Cl)cc4)c4ccc(Cl)cc4)cc23)CC1,7.877784121727173,13.25,1,1,0,0,1,1
O=C(O)CC(=O)N1CCC(Nc2cc(=O)[nH]c3ccc(C(c4ccc(Cl)cc4)c4ccc(Cl)cc4)cc23)CC1,6.657577319177793,220.0,1,1,0,0,1,1
CCOC(=O)CCC(=O)N1CCC(Nc2cc(=O)[nH]c3ccc(C(c4ccc(Cl)cc4)c4ccc(Cl)cc4)cc23)CC1,7.508638306165727,31.0,1,1,0,0,1,1
O=C(O)CCC(=O)N1CCC(Nc2cc(=O)[nH]c3ccc(C(c4ccc(Cl)cc4)c4ccc(Cl)cc4)cc23)CC1,6.616184634019569,242.0,1,1,0,0,1,1
COCCNc1cc(C(c2ccc(Cl)cc2)c2ccc(Cl)cc2)cc2c(NC3CCN(S(=O)(=O)C(F)(F)F)CC3)cc(=O)[nH]c12,8.221848749616356,6.0,1,1,0,1,1,1
COCCNc1ccc(C(c2ccc(Cl)cc2)c2cc(NCCOC)c3[nH]c(=O)cc(NC4CCN(S(=O)(=O)C(F)(F)F)CC4)c3c2)cc1,7.823908740944319,15.0,1,1,0,1,0,0
CCOC(=O)CS(=O)(=O)N1CCC(Nc2cc(=O)[nH]c3ccc(C(c4ccc(Cl)cc4)c4ccc(Cl)cc4)cc23)CC1,7.769551078621726,17.0,0,0,0,0,1,1
CC(C)(C)OC(=O)CN1CCC(Nc2cc(=O)[nH]c3ccc(C(c4ccc(Cl)cc4)c4ccc(Cl)cc4)cc23)CC1,8.301029995663981,5.0,1,1,0,0,1,1
CCOC(=O)CCCNc1cc(C(c2ccc(Cl)cc2)c2ccc(Cl)cc2)cc2c(NC3CCN(S(=O)(=O)C(F)(F)F)CC3)cc(=O)[nH]c12,5.949233688766958,1124.0,1,1,0,0,1,1
CC(C)(C)OC(=O)COc1ccc(Nc2cc(=O)[nH]c3ccc(C(c4ccc(Cl)cc4)c4ccc(Cl)cc4)cc23)cc1,7.022276394711152,95.0,1,1,0,0,1,1
NC(=O)CC(=O)N1CCC(Nc2cc(=O)[nH]c3ccc(C(c4ccc(Cl)cc4)c4ccc(Cl)cc4)cc23)CC1,5.810088790307194,1548.5,1,1,0,0,1,1
O=C1CCCN1c1cc(C(c2ccc(Cl)cc2)c2ccc(Cl)cc2)cc2c(NC3CCN(S(=O)(=O)C(F)(F)F)CC3)cc(=O)[nH]c12,7.2839966563652,52.0,1,1,0,0,1,1
O=C(O)CCCNc1cc(C(c2ccc(Cl)cc2)c2ccc(Cl)cc2)cc2c(NC3CCN(S(=O)(=O)C(F)(F)F)CC3)cc(=O)[nH]c12,6.508638306165727,310.0,1,1,0,0,1,1
O=C(O)COc1ccc(Nc2cc(=O)[nH]c3ccc(C(c4ccc(Cl)cc4)c4ccc(Cl)cc4)cc23)cc1,5.290560425867589,5122.0,1,1,0,1,1,1
COCCn1c(=O)cc(NC2CCN(S(=O)(=O)C(F)(F)F)CC2)c2cc(C(c3ccc(Cl)cc3)c3ccc(Cl)cc3)ccc21,6.642065152999546,228.0,1,1,0,0,0,0
NC(=O)COc1ccc(Nc2cc(=O)[nH]c3ccc(C(c4ccc(Cl)cc4)c4ccc(Cl)cc4)cc23)cc1,7.00436480540245,99.0,1,1,0,1,1,1
NC(=O)CCC(=O)N1CCC(Nc2cc(=O)[nH]c3ccc(C(c4ccc(Cl)cc4)c4ccc(Cl)cc4)cc23)CC1,6.519993057042849,302.0,1,1,0,0,1,1
COC(=O)c1ccc(C(=O)N2CCC(Nc3cc(=O)[nH]c4ccc(C(c5ccc(Cl)cc5)c5ccc(Cl)cc5)cc34)CC2)cc1,7.602059991327962,25.0,1,1,0,0,1,1
CC(C)(C)OC(=O)CCN1CCC(Nc2cc(=O)[nH]c3ccc(C(c4ccc(Cl)cc4)c4ccc(Cl)cc4)cc23)CC1,6.987162775294828,103.0,1,1,0,0,1,1
O=C(O)c1ccc(C(=O)N2CCC(Nc3cc(=O)[nH]c4ccc(C(c5ccc(Cl)cc5)c5ccc(Cl)cc5)cc34)CC2)cc1,6.3585258894959,438.0,1,1,0,0,1,1
O=C(O)CN1CCC(Nc2cc(=O)[nH]c3ccc(C(c4ccc(Cl)cc4)c4ccc(Cl)cc4)cc23)CC1,5.013205879997202,9700.5,1,1,0,1,1,1
CC(C)(C)OC(=O)/N=C(/NC(=O)OC(C)(C)C)N1CCC(Nc2cc(=O)[nH]c3ccc(C(c4ccc(Cl)cc4)c4ccc(Cl)cc4)cc23)CC1,6.892790030352131,128.0,0,0,0,0,1,0
CCOC(=O)CCCOc1ccc(Nc2cc(=O)[nH]c3ccc(C(c4ccc(Cl)cc4)c4ccc(Cl)cc4)cc23)cc1,7.167491087293763,68.0,1,1,0,0,1,1
O=C(O)CCCOc1ccc(Nc2cc(=O)[nH]c3ccc(C(c4ccc(Cl)cc4)c4ccc(Cl)cc4)cc23)cc1,5.99481948749622,1012.0,1,1,0,0,1,1
O=C(O)c1ccc(S(=O)(=O)N2CCC(Nc3cc(=O)[nH]c4ccc(C(c5ccc(Cl)cc5)c5ccc(Cl)cc5)cc34)CC2)cc1,6.798602875679548,159.0,1,1,0,1,1,1
NC(=O)CCCOc1ccc(Nc2cc(=O)[nH]c3ccc(C(c4ccc(Cl)cc4)c4ccc(Cl)cc4)cc23)cc1,6.6595558851598815,219.0,1,1,0,0,1,1
COC(=O)Cc1ccc(Nc2cc(=O)[nH]c3ccc(C(c4ccc(Cl)cc4)c4ccc(Cl)cc4)cc23)cc1,7.568636235841013,27.0,1,1,0,0,1,1
O=C(O)Cc1ccc(Nc2cc(=O)[nH]c3ccc(C(c4ccc(Cl)cc4)c4ccc(Cl)cc4)cc23)cc1,5.605898697959955,2478.0,1,1,0,1,1,1
NC(=O)Cc1ccc(Nc2cc(=O)[nH]c3ccc(C(c4ccc(Cl)cc4)c4ccc(Cl)cc4)cc23)cc1,7.102372908709558,79.0,1,1,0,1,1,1
O=C(O)c1ccc(CN2CCC(Nc3cc(=O)[nH]c4ccc(C(c5ccc(Cl)cc5)c5ccc(Cl)cc5)cc34)CC2)cc1,6.057495893831919,876.0,1,1,0,0,1,1
O=C(O)c1ccc(CN2CCC(Nc3cc(=O)[nH]c4ccc(C(c5ccc(Cl)cc5)c5ccc(Cl)cc5)cc34)CC2)s1,6.533132379645891,293.0,1,1,0,1,1,1
O=C(O)c1cccc(CN2CCC(Nc3cc(=O)[nH]c4ccc(C(c5ccc(Cl)cc5)c5ccc(Cl)cc5)cc34)CC2)c1,6.804100347590766,157.0,0,0,0,0,1,1
O=C(O)c1ccc(S(=O)(=O)N2CCC(Nc3cc(=O)[nH]c4ccc(C(c5ccc(Cl)cc5)c5ccc(Cl)cc5)cc34)CC2)s1,6.94692155651658,113.0,0,0,0,0,1,1
O=C(O)c1ccc(S(=O)(=O)N2CCC(Nc3cc(=O)[nH]c4ccc(C(c5ccc(Cl)cc5)c5ccc(Cl)cc5)cc34)CC2)o1,6.600326278518962,251.0,0,0,0,0,1,1
O=c1cc(Nc2ccc(Cc3ccccc3)cc2)c2cc(C(c3ccc(Cl)cc3)c3ccc(Cl)cc3)ccc2[nH]1,7.823908740944319,15.0,1,1,0,1,1,1
O=c1cc(Nc2ccc(-c3ccccc3)cc2)c2cc(C(c3ccc(Cl)cc3)c3ccc(Cl)cc3)ccc2[nH]1,7.136677139879544,73.0,1,1,0,1,1,1
Cc1ccc(Nc2cc(=O)[nH]c3ccc(C(c4ccc(Cl)cc4)c4ccc(Cl)cc4)cc23)cn1,6.522878745280337,300.0,1,1,0,1,1,1
O=c1cc(NC2CCN(S(=O)(=O)C(F)(F)F)CC2)c2cc(C(Cc3ccc(F)cc3)c3ccc(Cl)cc3)ccc2[nH]1,5.958607314841775,1100.0,1,1,0,0,1,1
O=c1cc(NC2CCN(S(=O)(=O)C(F)(F)F)CC2)c2cc(C(Oc3ccc(Cl)cc3)c3ccc(Cl)cc3)ccc2[nH]1,6.913640169325252,122.0,1,1,0,0,1,1
O=c1cc(NC2CCN(S(=O)(=O)C(F)(F)F)CC2)c2cc(C(c3ccc(Cl)cc3)N3CCN(c4ccccc4)CC3)ccc2[nH]1,6.537602002101044,290.0,1,1,0,1,1,1
O=C(c1ccc(Nc2cc(=O)[nH]c3ccc(C(c4ccc(Cl)cc4)c4ccc(Cl)cc4)cc23)cc1F)N1CCCC1,6.6439741428068775,227.0,0,0,0,0,1,1
COCCCc1cc(C(c2ccc(Cl)cc2)c2ccc(Cl)cc2)cc2c(NC3CCN(S(=O)(=O)C(F)(F)F)CC3)cc(=O)[nH]c12,7.886056647693163,13.0,1,1,0,1,1,1
NCCCCNc1cc(C(c2ccc(Cl)cc2)c2ccc(Cl)cc2)cc2c(NC3CCN(S(=O)(=O)C(F)(F)F)CC3)cc(=O)[nH]c12,6.204119982655925,625.0,1,1,0,1,1,1
COc1ccc(C(c2ccc3nccc(/C=C/c4ccccc4)c3c2)c2nccs2)cc1,6.486782399932061,326.0,0,0,0,0,0,0
Clc1ccc(C(c2ccsc2)c2ccc3nccc(/C=C/c4ccccc4)c3c2)cc1,6.853871964321762,140.0,0,0,0,0,0,0
CC(C)(C)OC(=O)N1CC=C(c2ccnc3ccc(C(c4ccc(Cl)cc4)c4nccs4)cc23)CC1,5.822463500070138,1505.0,0,0,0,0,0,0
COc1ccc(C(c2ccc(Cl)cc2)c2ccc3[nH]c(=O)cc(/C=C/c4ccccc4)c3c2)cc1,6.370590400897281,426.0,0,0,0,0,1,0
O=c1cc(Cc2ccc(OC(F)(F)F)cc2)c2cc(C(c3ccc(Cl)cc3)c3nccs3)ccc2[nH]1,6.436518914605589,366.0,1,1,0,1,1,1
Clc1ccc(C(c2ccc3nccc(/C=C/c4ccccc4)c3c2)c2cscn2)cc1,6.772113295386326,169.0,0,0,0,0,0,0
FC(F)(F)c1ccc(/C=C/c2ccnc3ccc(C(c4ccc(Cl)cc4)c4ccc(Cl)cc4)cc23)cc1,6.671620396561262,213.0,0,0,0,0,0,0
O=S(=O)(N1CCC(Nc2ccnc3c(Br)cc(C(c4ccc(Cl)cc4)c4ccc(Cl)cc4)cc23)CC1)C(F)(F)F,7.920818753952375,12.0,0,0,0,0,1,1
COCCOc1cc(NC2CCN(S(=O)(=O)C(F)(F)F)CC2)c2cc(C(c3ccc(Cl)cc3)c3ccc(Cl)cc3)ccc2n1,7.647817481888637,22.5,1,1,0,0,1,1
O=C(O)COc1cc(NC2CCN(S(=O)(=O)C(F)(F)F)CC2)c2cc(C(c3ccc(Cl)cc3)c3ccc(Cl)cc3)ccc2n1,5.891434976267165,1284.0,1,1,0,0,1,1
CNC(=O)COc1cc(NC2CCN(S(=O)(=O)C(F)(F)F)CC2)c2cc(C(c3ccc(Cl)cc3)c3ccc(Cl)cc3)ccc2n1,7.42021640338319,38.0,1,1,0,0,1,1
COC(=O)CCCCCOc1cc(NC2CCN(S(=O)(=O)C(C)(F)F)CC2)c2cc(C(c3ccc(Cl)cc3)c3ccc(Cl)cc3)ccc2n1,5.657577319177793,2200.0,1,1,0,0,0,0
O=C(O)CCCCCOc1cc(NC2CCN(S(=O)(=O)C(F)(F)F)CC2)c2cc(C(c3ccc(Cl)cc3)c3ccc(Cl)cc3)ccc2n1,7.036212172654444,92.0,1,1,0,0,1,1
COc1cc(C(c2ccc(Cl)cc2)c2ccc(Cl)cc2)cc2c(NC3CCN(S(=O)(=O)C(F)(F)F)CC3)ccnc12,7.0,100.0,1,1,0,0,1,1
O=C(O)CCCCOc1cc(C(c2ccc(Cl)cc2)c2ccc(Cl)cc2)cc2c(NC3CCN(S(=O)(=O)C(F)(F)F)CC3)ccnc12,6.966576244513051,108.0,1,1,0,0,1,1
NC(=O)CCCCOc1cc(C(c2ccc(Cl)cc2)c2ccc(Cl)cc2)cc2c(NC3CCN(S(=O)(=O)C(F)(F)F)CC3)ccnc12,7.292429823902063,51.0,1,1,0,0,1,1
CC(C)(C)OC(=O)NCCCCOc1cc(C(c2ccc(Cl)cc2)c2ccc(Cl)cc2)cc2c(NC3CCN(S(=O)(=O)C(F)(F)F)CC3)ccnc12,7.017728766960431,96.0,0,0,0,0,0,0
CCOC(=O)CCCCOc1cc(C(c2ccc(Cl)cc2)c2ccc(Cl)cc2)cc2c(NC3CCN(S(=O)(=O)C(F)(F)F)CC3)ccnc12,7.091514981121351,81.0,1,1,0,0,1,1
NCCCCOc1cc(C(c2ccc(Cl)cc2)c2ccc(Cl)cc2)cc2c(NC3CCN(S(=O)(=O)C(F)(F)F)CC3)ccnc12,6.841637507904751,144.0,1,1,0,0,1,1
CC(=O)NCCCCOc1cc(C(c2ccc(Cl)cc2)c2ccc(Cl)cc2)cc2c(NC3CCN(S(=O)(=O)C(F)(F)F)CC3)ccnc12,6.991399828238082,102.0,1,1,0,0,1,1
CCOC(=O)COc1cc(C(c2ccc(Cl)cc2)c2ccc(Cl)cc2)cc2c(NC3CCN(S(=O)(=O)C(F)(F)F)CC3)cc(=O)[nH]c12,6.899629454882437,126.0,1,1,0,0,1,1
O=C(O)COc1cc(C(c2ccc(Cl)cc2)c2ccc(Cl)cc2)cc2c(NC3CCN(S(=O)(=O)C(F)(F)F)CC3)cc(=O)[nH]c12,5.309803919971486,4900.0,1,1,0,0,1,1
COc1cc(NC2CCN(S(=O)(=O)C(F)(F)F)CC2)c2cc(C(c3ccc(Cl)cc3)c3ccc(Cl)cc3)cc(Br)c2n1,6.91721462968355,121.0,1,1,0,0,0,0
COC/C=C/c1cc(C(c2ccc(Cl)cc2)c2ccc(Cl)cc2)cc2c(NC3CCN(S(=O)(=O)C(F)(F)F)CC3)cc(OC)nc12,7.443697499232712,36.0,0,0,0,0,0,0
COCCCc1cc(C(c2ccc(Cl)cc2)c2ccc(Cl)cc2)cc2c(NC3CCN(S(=O)(=O)C(F)(F)F)CC3)cc(OC)nc12,7.236572006437063,58.0,1,1,0,0,0,0
COc1cc(NC2CCN(S(=O)(=O)C(F)(F)F)CC2)c2cc(C(c3ccc(Cl)cc3)c3ccc(Cl)cc3)cc(/C=C/CO)c2n1,7.443697499232712,36.0,0,0,0,0,0,0
COc1cc(NC2CCN(S(=O)(=O)C(F)(F)F)CC2)c2cc(C(c3ccc(Cl)cc3)c3ccc(Cl)cc3)cc(CCCO)c2n1,7.508638306165727,31.0,0,0,0,0,0,0
OC(c1ccc(Cl)cc1)(c1ccc(Cl)cc1)c1ccc2nccc(/C=C/c3ccccc3)c2c1,7.283162276700476,52.1,0,0,0,0,0,0
OC(c1ccc(Cl)cc1)(c1ccc2nccc(/C=C/c3ccccc3)c2c1)c1cccs1,6.996539467890494,100.8,0,0,0,0,0,0
CC(C)C[C@H](NC(=O)c1ccc(N2CCCC2C)c(OCC2CC2)n1)C(N)=O,5.8566416493845335,1391.1,0,0,0,0,0,0
CC(C)(NC(=O)c1ccc(C2CC2)c(OCC2CC2)n1)c1nccs1,5.791881259261723,1614.8,0,0,0,0,1,1
Cc1nc(C(C)(C)NC(=O)c2ccc(C3CC3)c(OCC3CC3)n2)no1,5.972691172964454,1064.9,0,0,0,0,1,1
Cc1ccc(C(=O)NC(C)(C)c2nccs2)nc1-c1cccc(Cl)c1,5.827221985344147,1488.6,0,0,0,0,0,0
Cc1nc(C(C)(C)NC(=O)c2ccc(C3CCCC3)c(OCC3CC3)n2)no1,5.665908311797845,2158.2,0,0,0,0,0,0
CC(C)(NC(=O)c1ccc(C2CCCC2)c(OCC2CC2)n1)c1nccs1,5.857829613723904,1387.3,0,0,0,0,0,0
CC(C)(NC(=O)c1ccc(Cl)c(-c2cccc(Cl)c2)n1)c1nccs1,5.956519829977449,1105.3,0,0,0,0,0,0
Cc1ccc(C(=O)NC(C)(C)c2nccs2)nc1OCC1CC1,6.251191995041398,560.8,0,0,0,0,0,0
Cc1ccc(C(=O)N[C@@H](CC(C)C)c2nccs2)nc1OCC1CC1,5.834429259367099,1464.1,0,0,0,0,0,0
CC(C)(NC(=O)c1ccc(N2CC(F)(F)C2)c(OCC2CC2)n1)c1nccs1,6.420559402860203,379.7,0,0,0,0,1,1
CC(C)(NC(=O)c1ccc(C2CC2)c(OCC2CC2)n1)c1ncon1,5.879952805646959,1318.4,0,0,0,0,1,1
CNC(=O)C(C)(C)NC(=O)c1ccc(N2CCC(F)(F)C2)c(OCC2CC2)n1,8.236572006437063,5.8,1,1,0,0,0,0
COc1ccc(C(=O)NC(C)(C)c2nccs2)nc1-c1cccc(Cl)c1,5.639501255531998,2293.5,0,0,0,0,0,0
COc1ccc(C(=O)NC(C)(C)c2noc(C)n2)nc1-c1cccc(Cl)c1,5.865822892423234,1362.0,0,0,0,0,0,0
Cc1nc(C(C)(C)NC(=O)c2ccc(C3CC3)c(-c3cccc(Cl)c3)n2)no1,5.841336019186011,1441.0,0,0,0,0,0,0
CC(C)C[C@H](NC(=O)c1ccc(C2CC2)c(OCC2CC2)n1)C(N)=O,6.096204857258964,801.3,0,0,0,0,0,0
NC(=O)[C@H](CC1CC1)NC(=O)c1ccc(C2CCCC2)c(OCC2CC2)n1,5.836480837430122,1457.2,0,0,0,0,0,0
CC(C)C[C@H](NC(=O)c1ccc(C2CCOC2)c(OCC2CC2)n1)C(N)=O,6.1529211379342845,703.2,0,0,0,0,0,0
CC(C)C[C@H](NC(=O)c1ccc(C2CCCO2)c(OCC2CC2)n1)C(N)=O,6.020952673052035,952.9,0,0,0,0,0,0
Cc1cccc(-c2nc(C(=O)NC(C)(C)c3nccs3)ccc2C2CC2)c1,5.839801673883431,1446.1,0,0,0,0,0,0
CC(C)C[C@H](NC(=O)c1ccc(C(F)(F)F)c(OCC2CC2)n1)C(N)=O,5.808940418172602,1552.6,0,0,0,0,1,1
CC(C)(NC(=O)c1ccc(C(F)(F)F)c(OCC2CC2)n1)c1nccs1,5.868734303219968,1352.9,0,0,0,0,0,0
CC(C)C[C@H](NC(=O)c1ccc(N2CC(F)(F)C2)c(OCC2CC2)n1)C(N)=O,5.9460384926855,1132.3,0,0,0,0,0,0
CC(C)C[C@H](NC(=O)c1ccc(NC2CC2)c(OCC2CC2)n1)C(N)=O,6.821886747685368,150.7,1,1,0,0,1,1
Cc1nc(C(C)(C)NC(=O)c2ccc3c(n2)CC(C)(C)CC3)no1,6.13123804178795,739.2,0,0,0,0,0,0
CC(C)C[C@H](NC(=O)c1ccc(C2CC2)c(Cc2ccc(F)cc2)n1)C(N)=O,6.911509529817604,122.6,0,0,0,0,1,1
NC(=O)[C@H](CC1CC1)NC(=O)c1ccc(N(CC(F)(F)F)CC(F)(F)F)c(OCC2CC2)n1,6.171275672861209,674.1,0,0,0,0,0,0
CCC(CC)(NC(=O)c1ccc(N(CC(F)(F)F)CC(F)(F)F)c(OCC2CC2)n1)C(=O)NC,5.920276224860081,1201.5,0,0,0,0,0,0
CNC(=O)[C@@H](NC(=O)c1ccc(C2CC2)c(OCC2CC2)n1)C(C)(C)C,6.505011026316832,312.6,0,0,0,0,0,0
CC(C)(C)C(NC(=O)c1ccc(C2CC2)c(OCC2CC2)n1)C(N)=O,6.288867927693159,514.2,0,0,0,0,0,0
CNC(=O)[C@H](CC(C)C)NC(=O)c1ccc(C2CC2)c(OCC2CC2)n1,6.637140697041319,230.6,0,0,0,0,1,1
CNC(=O)[C@@H](NC(=O)c1ccc(C2CC2)c(OCC2CCCO2)n1)C(C)(C)C,6.99097425791309,102.1,0,0,0,0,1,1
CC(C)C[C@H](NC(=O)c1ccc(C2CC2)c(OCC2CCCO2)n1)C(N)=O,5.82739706879014,1488.0,0,0,0,0,1,1
CNC(=O)[C@@H](NC(=O)c1ccc(Br)c(OCC2CCCO2)n1)C(C)(C)C,6.425737170292973,375.2,0,0,0,0,0,0
CNC(=O)[C@@H](NC(=O)c1cccc(-c2cccc(Cl)c2)n1)C(C)(C)C,5.813806750079649,1535.3,1,1,0,0,1,1
CNC(=O)[C@@H](NC(=O)c1ccc(C2CC2)c(OCC2CCOCC2)n1)C(C)(C)C,6.686343653381969,205.9,0,0,0,0,1,1
Cc1nc(C(C)(C)NC(=O)c2ccc(C3CC3)c(OCC3CCOCC3)n2)no1,6.211054272976252,615.1,0,0,0,0,0,0
CNC(=O)[C@H](CC(C)C)NC(=O)c1ccc(C2CC2)c(OCC2CCOCC2)n1,7.125518182300533,74.9,0,0,0,0,1,1
CNC(=O)[C@@H](NC(=O)c1cccc(-c2ccccc2)n1)C(C)(C)C,6.132414673452963,737.2,0,0,0,0,0,0
CNC(=O)[C@@H](NC(=O)c1cccc(-c2cccc(F)c2)n1)C(C)(C)C,6.442372511573173,361.1,0,0,0,0,0,0
CNC(=O)[C@@H](NC(=O)c1cccc(-c2cccc(C(F)(F)F)c2)n1)C(C)(C)C,5.788452318818752,1627.6,0,0,0,0,1,1
CNC(=O)[C@@H](NC(=O)c1cccc(-c2ccc(F)c(Cl)c2)n1)C(C)(C)C,6.93704216591549,115.6,1,1,0,0,1,1
Cc1nc(C(NC(=O)c2ccc(C3CC3)c(OCC3CCOCC3)n2)C2CC2)no1,5.669200809163352,2141.9,0,0,0,0,1,1
CCC(CC)(NC(=O)c1ccc(N(CC(F)(F)F)CC(F)(F)F)c(OCC2CC2)n1)C(=O)OC,6.890421453095613,128.7,0,0,0,0,0,0
Cc1nc(C(NC(=O)c2ccc(N3CC(F)(F)C3)c(OCC3CC3)n2)C2CC2)no1,5.0,10000.0,0,0,0,0,1,1
O=C(NC(c1ccccn1)C(F)(F)F)c1ccc(C2CC2)c(OCC2CCOCC2)n1,6.183758700008217,655.0,0,0,0,0,0,0
O=C(NC(c1ccccn1)C(F)(F)F)c1ccc(N2CC(F)(F)C2)c(OCC2CC2)n1,6.188760227246711,647.5,0,0,0,0,1,1
CNC(=O)[C@H](CC(C)(C)C)NC(=O)c1ccc(C(F)(F)F)c(OCC2CCOCC2)n1,5.798275229883621,1591.2,0,0,0,0,1,1
CC(C)C[C@H](NC(=O)c1ccc(C2CC2)c(OCC2CC2)n1)C(=O)N(C)C,6.168706255622991,678.1,0,0,0,0,0,0
CCC(CC)(NC(=O)c1ccc(C2CC2)c(OCC2CCCO2)n1)C(=O)OC,7.1487416512809245,71.0,0,0,0,0,1,1
CCC(CC)(NC(=O)c1ccc(C(F)(F)F)c(OCC2CCOCC2)n1)C(=O)OC,6.835052627378158,146.2,0,0,0,0,1,1
COC(=O)[C@@H](NC(=O)c1ccc(C2CC2)c(OCC2CC2)n1)C(C)(C)C,7.036684488613889,91.9,0,0,0,0,1,1
Cc1nc([C@@H](CC(C)C)NC(=O)c2ccc(C3CC3)c(OCC3CC3)n2)no1,6.0808172709575,830.2,0,0,0,0,0,0
C[C@@H](C#N)NC(=O)c1ccc(C2CC2)c(OCC2CC2)n1,5.606898831140113,2472.3,0,0,0,0,1,1
CCC(CC)(NC(=O)c1ccc(C2CC2)c(OCC2CC2)n1)C(=O)OC,7.042871802323187,90.6,0,0,0,0,1,1
CCOC(=O)C(CC)(CC)NC(=O)c1ccc(C(F)(F)F)c(OCC2CCCO2)n1,6.285335007137463,518.4,0,0,0,0,0,0
CCOC(=O)C(CC)(CC)NC(=O)c1ccc(C2CC2)c(OCC2CC2)n1,6.45979570015794,346.9,0,0,0,0,0,0
CCC(CC)(NC(=O)c1ccc(C(F)(F)F)c(OCC2CCCO2)n1)C(=O)N(C)C,6.22047565667521,601.9,0,0,0,0,0,0
CCOC(=O)C(CC)(CC)NC(=O)c1ccc(N2CC(F)(F)C2)c(OCC2CC2)n1,5.886825695365639,1297.7,1,1,0,0,0,0
Cc1nc(C(C)(C)NC(=O)c2cccc(-c3ccc(F)c(Cl)c3)n2)no1,6.47249898901888,336.9,0,0,0,0,0,0
COC(=O)[C@H](CC(C)C)NC(=O)c1ccc(C2CC2)c(OCC2CC2)n1,7.039053804266168,91.4,0,0,0,0,1,1
CC(C)CC(C)(CO)NC(=O)c1ccc(C2CC(F)(F)C2)c(OCC2CC2)n1,5.904412253081257,1246.2,0,0,0,0,0,0
CCC(CC)(NC(=O)c1ccc(C2CC2)c(OCC2CC2)n1)C(=O)N1CCC1,6.454198242840724,351.4,0,0,0,0,0,0
CC(C)C[C@H](NC(=O)c1cccc(Cc2ccc(F)cc2)n1)C(N)=O,5.769960018842058,1698.4,0,0,0,0,0,0
O=C(N[C@H](c1ccccn1)C(F)(F)F)c1cccc(Cc2ccc(F)cc2)n1,6.447210149807218,357.1,0,0,0,0,0,0
CC1(COc2nc(C(=O)NC(C)(C)c3nccs3)ccc2Br)COC1,5.826056562715624,1492.6,0,0,0,0,0,0
CC(C)(NC(=O)c1ccc(C2CC2)c(OCC2CC2)n1)c1ccccn1,6.152797636019076,703.4,0,0,0,0,0,0
CNC(=O)[C@H](CC(C)(C)C)NC(=O)c1cccc(Cc2ccc(F)cc2)n1,5.729134911260221,1865.8,0,0,0,0,0,0
CCOC(=O)C(CC)(CC)NC(=O)c1ccc(N2CCCC2)c(OCC2CC2)n1,6.6302277114030375,234.3,0,0,0,0,0,0
CNC(=O)[C@H](CC(C)(C)C)NC(=O)c1ccc(C2CC2)c(OCC(F)(F)C(F)(F)F)n1,6.219538667138282,603.2,0,0,0,0,0,0
CC(C)CC(NC(=O)c1ccc(N2CC(F)(F)C2)c(OCC2CC2)n1)c1ccccn1,5.63443714320444,2320.4,0,0,0,0,0,0
Cc1nc([C@@](C)(NC(=O)c2ccc(C3CC3)c(OCC3CC3)n2)C2CC2)no1,6.742321425130816,181.0,0,0,0,0,1,1
NC(=O)[C@H](CC1CC1)NC(=O)c1ccc(C2CC2)c(Cc2ccc(F)cc2)n1,7.229147988357855,59.0,0,0,0,0,0,0
Cc1nc([C@H](CC2CC2)NC(=O)c2ccc(C3CC3)c(Cc3ccc(F)cc3)n2)no1,7.866461091629782,13.6,0,0,0,0,1,0
O=C(N[C@@H](c1ccccn1)C(F)(F)F)c1ccc(C2CC2)c(Cc2ccc(F)cc2)n1,7.040958607678906,91.0,0,0,0,0,0,0
CCC(CC)(NC(=O)c1ccc(C2CC2)c(Cc2ccc(F)cc2)n1)C(=O)O,7.091514981121351,81.0,0,0,0,0,0,0
CCC(CC)(NC(=O)c1ccc(C2CC2)c(OCC2CCOCC2)n1)C(=O)O,6.323306390375134,475.0,0,0,0,0,0,0
CCOC(=O)C(CC)(CC)NC(=O)c1ccc(C2CC2)c(S(=O)(=O)CC(C)C)n1,7.053056729302175,88.5,0,0,0,0,0,0
Cc1nc([C@](C)(NC(=O)c2ccc(C3CC3)c(S(=O)(=O)CC(C)C)n2)C2CC2)no1,6.6192462291961,240.3,0,0,0,0,0,0
CN(C(=O)c1ccc(C2CC2)c(Cc2ccc(F)cc2)n1)C(C)(C)C,6.57170318601712,268.1,0,0,0,0,1,0
CCN(C(=O)c1ccc(N2CC(F)(F)C2)c(OCC2CC2)n1)C(C)(C)C,6.534171184642563,292.3,0,0,0,0,1,1
CC1(C)COCN1C(=O)c1ccc(C2CC2)c(Cc2ccc(F)cc2)n1,6.38933983691012,408.0,0,0,0,0,1,0
NC(=O)[C@@H]1CC(F)(F)CN1C(=O)c1ccc(C2CC2)c(Cc2ccc(F)cc2)n1,6.776504059037605,167.3,0,0,0,0,1,0
CC(C)(C)OC(=O)N1CCC2(CCCN2C(=O)c2ccc(C3CC3)c(Cc3ccc(F)cc3)n2)CC1,5.556392843415484,2777.2,0,0,0,0,0,0
CCCCCCC(C)(C)c1ccc(C2CC(O)CCC2CCCO)c(O)c1,8.045757490560675,9.0,0,0,0,0,0,0
Cc1nc(C(C)(C)NC(=O)c2cnc(C3CC3)c(-c3cccc(Cl)c3)n2)no1,5.939869000468955,1148.5,0,0,0,0,0,0
CC(C)(NC(=O)c1cnc(C2CC2)c(-c2cccc(Cl)c2)n1)c1nccs1,6.049586460630619,892.1,0,0,0,0,0,0
Cc1nc(C2(NC(=O)c3cnc(N4CC(F)(F)C4)c(OCC4CC4)n3)CCC2)no1,5.890826578574528,1285.8,0,0,0,0,0,0
O=C(NC1(CO)CCC1)c1cnc(C2CC2)c(OCC2CC2)n1,5.478809594811423,3320.4,0,0,0,0,1,1
CNC(=O)[C@@H](NC(=O)c1cnc(C2CC2)c(OCC2CC2)n1)C(C)(C)C,6.809108283077831,155.2,0,0,0,0,1,1
COC(=O)[C@@H](NC(=O)c1cnc(C2CC2)c(OCC2CC2)n1)C(C)(C)C,6.802995271976954,157.4,0,0,0,0,1,1
CC(C)C[C@H](NC(=O)c1cnc(C2CC2)c(OCC2CC2)n1)C(N)=O,5.804183341727128,1569.7,1,1,0,0,1,1
CCC(CC)(NC(=O)c1cnc(C2CC2)c(OCC2CC2)n1)C(=O)OC,6.593800576336687,254.8,0,0,0,0,1,1
NC(=O)[C@H](Cc1ccccc1)NC(=O)c1cnc(C2CC2)c(OCC2CC2)n1,5.783860499396857,1644.9,0,0,0,0,1,1
Cc1nc(C(C)(NC(=O)c2cnc(C3CC3)c(OCC3CC3)n2)C2CC2)no1,5.782937394147449,1648.4,0,0,0,0,1,1
CC(C)(CC(N)=O)NC(=O)c1cnc(N2CC(F)(F)C2)c(OCC2CC2)n1,6.058488567365597,874.0,0,0,0,0,0,0
CC(C)[C@](C)(CO)NC(=O)c1cc(OCC2CC2)c(Cl)cn1,5.156144577376839,6980.0,0,0,0,0,0,0
O=C(N[C@H](c1ccccn1)C(F)(F)F)c1cc(OCC2CC2)c(Cl)cn1,6.089055594250021,814.6,0,0,0,0,0,0
O=C(N[C@@H](c1cccnc1)C(F)(F)F)c1cc(OCc2ccc(F)cc2)c(Cl)cn1,7.045275209020937,90.1,0,0,0,0,0,0
O=C(N[C@@H](c1cccnc1)C(F)(F)F)c1cc(Cc2ccc(F)cc2)c(Cl)cn1,6.839831707041488,144.6,0,0,0,0,0,0
CNC(=O)[C@@H](NC(=O)c1cc(OCC(F)(F)F)c(C2CC2)cn1)C(C)(C)C,6.179995693191682,660.7,0,0,0,0,0,0
Cc1nc([C@](C)(CC2CC2)NC(=O)c2cc(OCC(F)(F)F)c(C3CC3)cn2)no1,5.276955008356555,5285.0,1,1,0,0,1,1
Cc1nc(C(C)(NC(=O)c2cc(O[C@@H](C)C(F)(F)F)c(C3CC3)cn2)C2CC2)no1,7.823908740944319,15.0,0,0,0,0,1,1
Cc1nc(C(C)(NC(=O)c2cc(OCC(F)(F)F)c(N3CCC(F)(F)C3)cn2)C2CC2)no1,6.721246399047171,190.0,0,0,0,0,0,0
Cc1nc(C(C)(CS(C)(=O)=O)NC(=O)c2cc(O[C@@H](C)C(F)(F)F)c(Cl)cn2)no1,6.721246399047171,190.0,0,0,0,0,0,0
Cc1nc([C@@](C)(NC(=O)c2cc(OCC(F)(F)F)c(N3CC(F)(F)C3)cn2)C2CC2)no1,5.747146969020107,1790.0,0,0,0,0,0,0
Cc1nc(C(C)(NC(=O)c2cc(O[C@@H](C)C(F)(F)F)c(N3CC(F)(F)C3)cn2)C2CC2)no1,6.958607314841775,110.0,0,0,0,0,0,0
Cc1nc(C(C)(CC2CC2)NC(=O)c2cc(O[C@@H](C)C(F)(F)F)c(C3CC3)cn2)no1,6.6777807052660805,210.0,0,0,0,0,1,1
Cc1nc(C(C)(CS(C)(=O)=O)NC(=O)c2cc(O[C@@H](C)C(F)(F)F)c(C3CC3)cn2)no1,6.318758762624412,480.0,0,0,0,0,1,1
Cc1nc([C@](C)(CC(C)(C)C)NC(=O)c2cc(OCC(F)(F)F)c(C3CC3)cn2)no1,6.481486060122113,330.0,1,1,0,0,1,1
Cc1nc(C(C)(CC2CC2)NC(=O)c2cc(OCC(F)(F)F)c(C3CCC3)cn2)no1,6.102372908709558,790.0,0,0,0,0,0,0
Cc1nc(C(C)(CC2CC2)NC(=O)c2cc(O[C@@H](C)C(F)(F)F)c(C3CCC3)cn2)no1,6.508638306165727,310.0,0,0,0,0,0,0
Cc1nc(C(C)(CS(C)(=O)=O)NC(=O)c2cc(O[C@@H](C)C(F)(F)F)c(C3CCC3)cn2)no1,6.366531544420414,430.0,0,0,0,0,0,0
Cc1nc(C(C)(NC(=O)c2cc(OCC(F)(F)F)c(C3(F)CCC3)cn2)C2CC2)no1,7.494850021680094,32.0,0,0,0,0,0,0
CC(C)[C@H](NC(=O)c1nn(CCCCCF)c2ccccc12)C(N)=O,8.67778070526608,2.1,1,1,0,1,0,0
CCCCCn1nc(C(=O)N[C@H](C(N)=O)C(C)C)c2ccccc21,8.67778070526608,2.1,1,1,0,1,1,1
CC(C)[C@H](NC(=O)c1nn(Cc2ccc(F)cc2)c2ccccc12)C(N)=O,8.67778070526608,2.1,0,0,0,0,0,0
CC(C)[C@H](NC(=O)c1nn(CC2CCCCC2)c2ccccc12)C(N)=O,8.67778070526608,2.1,0,0,0,0,0,0
CCCCCn1cc(C(=O)c2ccccc2OC)c2ccccc21,7.267606240177032,54.0,0,0,0,0,1,1
CCCCn1cc(C(=O)c2ccccc2OC)c2ccccc21,6.749579997691106,178.0,0,0,0,0,0,0
O=C(O[C@H](CO)C(F)(F)F)N1C[C@H]2[C@@H](C1)[C@@H]2c1ccn(-c2ccc(F)cc2)n1,5.823908740944319,1500.0,0,0,0,0,0,0
CCCCCn1cc(C(=O)NC23CC4CC(CC(C4)C2)C3)c2ccccc21,7.130386972827871,74.065,1,1,0,1,1,1
O=C(NC12CC3CC(CC(C3)C1)C2)c1cn(CCN2CCOCC2)c2ccccc12,5.481486060122113,3300.0,1,1,0,1,1,1
Cc1cccc2c(C(=O)NC34CC5CC(CC(C5)C3)C4)cn(CCN3CCOCC3)c12,5.173925197299174,6700.0,0,0,0,0,0,0
O=C(NC12CC3CC(CC(C3)C1)C2)c1cn(CC2CCOCC2)c2ccccc12,7.075720713938118,84.0,1,1,0,0,1,1
N#CCCCn1cc(C(=O)NC23CC4CC(CC(C4)C2)C3)c2ccccc21,6.200659450546418,630.0,1,1,0,1,1,1
O=C(NC12CC3CC(CC(C3)C1)C2)c1cn(CCCCO)c2ccccc12,4.886056647693163,13000.0,1,1,0,1,1,1
O=C(NC12CC3CC(CC(C3)C1)C2)c1cn(CCCCCO)c2ccccc12,5.3872161432802645,4100.0,1,1,0,1,1,1
CCCCC(C)(C)c1ccc([C@@H]2C[C@H](O)CC[C@H]2CCCO)c(O)c1,7.657577319177793,22.0,0,0,0,0,0,0
CCCCNc1nnc(C(=O)NC2C3CC4CC(C3)CC2C4)cc1C(C)C,5.584192272364457,2605.0,0,0,0,0,0,0
CC(C)c1cc(C(=O)NC2C3CC4CC(C3)CC2C4)nnc1NCC1CC1,5.218460031394058,6047.0,0,0,0,0,0,0
CCCCNc1cc(C(C)C)c(C(=O)NC23CC4CC(CC(C4)C2)C3)nn1,5.0,10000.0,0,0,0,0,0,0
CCCc1cc(O)c2c(c1)OC(C)(C)c1ccc(C)cc1-2,6.247951552180561,565.0,0,0,0,0,0,0
CCCCCc1cc(O)c2c(c1)OC(C)(C)c1ccc(C)cc1-2,7.1249387366083,75.0,0,0,0,0,0,0
CC(C)(C)[C@@H](CF)NC(=O)c1nn(-c2c[n+]([O-])ccn2)c2c1C[C@@H]1C[C@H]21,5.958607314841775,1100.0,0,0,0,0,0,0
CC(C)[C@@H](CF)NC(=O)c1nn(-c2c[n+]([O-])ccn2)c2c1C[C@@H]1C[C@H]21,5.214670164989233,6100.0,0,0,0,0,0,0
CC/C=C\C/C=C\C/C=C\CC1OC1C/C=C\C/C=C\CCC(=O)NCCO,9.366531544420411,0.43,1,1,0,0,1,1
CC/C=C\C/C=C\C/C=C\CC1OC1C/C=C\C/C=C\CCC(=O)NCCCO,9.721246399047171,0.19,0,0,0,0,0,0
CC/C=C\C/C=C\C/C=C\CC1OC1C/C=C\C/C=C\CCC(=O)NC(C)CO,10.154901959985745,0.07,0,0,0,0,0,0
CC/C=C\C/C=C\C/C=C\CC1OC1C/C=C\C/C=C\CCC(=O)NC1CC1,10.522878745280336,0.03,1,1,0,0,1,1
Cc1ccn(Cc2ccc(F)cc2)c(=O)c1C(=O)NC1CCCCCC1,7.161150909262744,69.0,1,1,0,0,0,0
Cc1c(Br)cn(Cc2ccc(F)cc2)c(=O)c1C(=O)NC1CCCCCC1,8.853871964321762,1.4,1,1,0,0,1,1
Cc1c(-c2ccccc2)cn(Cc2ccc(F)cc2)c(=O)c1C(=O)NC1CCCCCC1,6.6252516539898965,237.0,0,0,0,0,1,1
COc1ccc(-c2cn(Cc3ccc(F)cc3)c(=O)c(C(=O)NC3CCCCCC3)c2C)cc1,7.017728766960431,96.0,0,0,0,0,1,1
Cc1ccnc(OCc2ccc(F)cc2)c1C(=O)NC1CCCCCC1,6.640164517660112,229.0,0,0,0,0,0,0
Cc1c(Br)cnc(OCc2ccc(F)cc2)c1C(=O)NC1CCCCCC1,6.739928612014925,182.0,0,0,0,0,0,0
O=C(Nc1ccc(Cl)cc1)Nc1cccc(Nc2cccc(N3CCCC3)c2)c1,4.8696662315049934,13500.0,1,1,0,1,1,1
O=C(Nc1ccc(Cl)cc1)Nc1cccc(-c2cccc(N3CCCC3)c2)c1,7.366531544420414,43.0,1,1,0,0,1,1
O=C(Nc1ccc(Cl)cc1)Nc1cccc(Nc2cccc(N3CCCC3)n2)c1,5.886056647693163,1300.0,1,1,0,1,1,1
Clc1ccc(-n2c(-c3ccccc3Cl)nc3c(N4CCN(Cc5ccccc5Cl)CC4)ncnc32)cc1,6.335358024443875,462.0,0,0,0,0,0,0
O=C(Nc1ccc(OC(F)F)nc1)N1CCN(c2ncnc3c2nc(-c2ccccc2Cl)n3-c2ccc(Cl)cc2)CC1,6.229147988357855,590.0,0,0,0,0,0,0
COc1ccc(C(=O)c2cn(CC3CCOCC3)c3ccc(O)cc23)cc1,7.201349354554731,62.9,1,1,0,0,0,0
COc1ccc(C(=O)c2cn(CC3CCOCC3)c3c(O)cccc23)cc1,6.198939470152144,632.5,1,1,0,0,0,0
O=c1cc(NN2CCN(S(=O)(=O)C(F)(F)F)CC2)c2cc(C(c3ccc(Cl)cc3)c3nccs3)ccc2[nH]1,6.492144128304169,322.0,1,1,0,1,1,0
O=c1cc(NC2CCN(S(=O)(=O)C(F)(F)F)CC2)c2cc(C(c3ccc(Cl)cc3)n3ccnc3)ccc2[nH]1,8.301029995663981,5.0,1,1,0,1,1,1
O=c1cc([C@@H]2C[C@@H]2c2ccccc2)c2cc(C(c3ccc(Cl)cc3)n3ccnc3)ccc2[nH]1,7.180456064458132,66.0,0,0,0,0,1,1
O=c1cc(Cc2ccc(OC(F)(F)F)cc2)c2cc(C(c3ccc(Cl)cc3)n3ccnc3)ccc2[nH]1,6.94692155651658,113.0,1,1,0,1,1,1
O=c1cc(OCc2ccccc2)c2cc(C(c3ccc(Cl)cc3)n3ccnc3)ccc2[nH]1,5.939302159646388,1150.0,0,0,0,0,1,1
O=c1cc(/C=C/c2ccccc2)c2cc(C(c3ccc(Cl)cc3)n3ccnc3)ccc2[nH]1,6.782516055786093,165.0,1,1,0,1,1,1
O=c1cc(NC2CCN(S(=O)(=O)C(F)(F)F)CC2)c2cc(Cc3ccc(Cl)cc3)ccc2[nH]1,6.585026652029182,260.0,0,0,0,0,1,1
CCOC(=O)COc1cc(C(c2ccc(Cl)cc2)c2ccc(Cl)cc2)cc2c(NC3CCN(S(=O)(=O)C(F)(F)F)CC3)ccnc12,6.899629454882437,126.0,1,1,0,0,1,1
O=C(O)COc1cc(C(c2ccc(Cl)cc2)c2ccc(Cl)cc2)cc2c(NC3CCN(S(=O)(=O)C(F)(F)F)CC3)ccnc12,5.309803919971486,4900.0,1,1,0,0,1,1
O=C(O)CCOCCOCCOCCOCCOCCOCCOCCOCCOCCOCCOCCOCCOc1cc(C(c2ccc(Cl)cc2)c2ccc(Cl)cc2)cc2c(NC3CCN(S(=O)(=O)C(F)(F)F)CC3)ccnc12,7.113509274827518,77.0,0,0,0,0,0,0
CCCCCn1cc(C(=O)NC23CC4CC(CC(C4)C2)C3)c2cccnc21,6.819071680006009,151.68,1,1,0,1,1,1
CCCCCn1cc(C(=O)N[C@H](C(=O)OC)C(C)C)c2cccnc21,7.250921032746113,56.115,1,1,0,0,1,1
CCCCCn1cc(C(=O)N[C@H](C(=O)OC)C(C)(C)C)c2cccnc21,8.769806621130954,1.6989999999999998,1,1,0,1,1,1
COC(=O)[C@@H](NC(=O)c1cn(CCCCCO)c2ncccc12)C(C)(C)C,6.63039456591565,234.21,1,1,0,1,1,1
CCCCCn1cc(C(=O)N[C@H](C(N)=O)C(C)C)c2cccnc21,6.918598678828233,120.615,1,1,0,1,1,1
CCCCCn1cc(C(=O)N[C@H](C(N)=O)C(C)(C)C)c2cccnc21,8.398972684855515,3.9905,1,1,0,1,1,1
CC(C)(C)[C@H](NC(=O)c1cn(CCCCCO)c2ncccc12)C(N)=O,6.309458394503302,490.39,1,1,0,1,1,1
CCCCCn1cc(C(=O)NC(C)(C)c2ccccc2)c2cccnc21,7.452964100259989,35.239999999999995,1,1,0,1,1,1
CC(C)(NC(=O)c1cn(CCCCCO)c2ncccc12)c1ccccc1,6.33080403194422,466.87,1,1,0,1,1,1
CCCCCn1nc(C(=O)NC23CC4CC(CC(C4)C2)C3)c2cccnc21,6.082032609005781,827.88,1,1,0,1,0,0
O=C(Nc1ccc(F)cc1F)NC1CCN(c2ncnc3c2nc(-c2ccccc2Cl)n3-c2ccc(Cl)cc2)CC1,6.116338564846382,765.0,0,0,0,0,0,0
O=C(Nc1ccc(OC(F)F)nc1)NC1CCN(c2ncnc3c2nc(-c2ccccc2Cl)n3-c2ccc(Cl)cc2)CC1,6.1438755557577,718.0,0,0,0,0,0,0
CCCCCn1/c(=N\C(=O)C23CC4CC(CC(C4)C2)C3)sc2ccccc21,5.790002703917631,1621.8,0,0,0,0,0,0
CCCCCn1/c(=N/C(=O)c2cccc3ccccc23)sc2ccccc21,6.900008766455316,125.89,0,0,0,0,0,0
Cc1nc(C)c(C(=O)NC2CCCc3ccccc32)s1,5.930331903088404,1174.0,0,0,0,0,0,0
O=[N+]([O-])CCc1c(-c2ccccc2)[nH]c2ccccc12,5.257431965633858,5528.0,0,0,0,0,1,1
O=[N+]([O-])CC(c1ccccc1)c1c(C2CCCCC2)[nH]c2ccccc12,6.0034883278458215,992.0,0,0,0,0,0,0
COc1ccc2c(c1)c(CCN1CCOCC1)c(C)n2C(=O)c1cccc(Cl)c1Cl,4.79317412396815,16100.0,0,0,0,0,0,0
Cc1c(CCN2CCOCC2)c2cc(Cl)ccc2n1C(=O)c1cccc(Cl)c1Cl,4.09799710864927,79800.0,0,0,0,0,0,0
Cc1c(CCN2CCOCC2)c2cc(F)ccc2n1C(=O)c1cccc(Cl)c1Cl,4.534617148551582,29200.0,0,0,0,0,0,0
CCCCCn1nc(C(=O)NC23CC4CC(CC(C4)C2)C3)c2ccccc21,7.42021640338319,38.0,1,1,0,1,1,1
O=C(NC12CC3CC(CC(C3)C1)C2)c1n[nH]c2ccccc12,4.767003889607846,17100.0,0,0,0,0,0,0
O=C(NC12CC3CC(CC(C3)C1)C2)c1nn(CCN2CCOCC2)c2ccccc12,6.522878745280337,300.0,1,1,0,1,0,0
CCCCCn1cc(C(=O)NC23CC4CC(CC(C4)C2)C3)c2ncccc21,6.7447274948966935,180.0,1,1,0,1,0,0
CCCCCn1cc(C(=O)NC23CC4CC(CC(C4)C2)C3)c2cnccc21,5.6777807052660805,2100.0,1,1,0,1,1,1
O=C(NC12CC3CC(CC(C3)C1)C2)c1cc2cccnc2n1CCN1CCOCC1,6.187086643357144,650.0,0,0,0,0,0,0
O=[N+]([O-])CC(c1ccccc1)c1c(-c2ccccc2)[nH]c2cccnc12,5.795880017344075,1600.0,0,0,0,0,0,0
O=[N+]([O-])CC(c1ccccc1)c1c(-c2ccccc2)[nH]c2ncccc12,5.958607314841775,1100.0,0,0,0,0,0,0
O=[N+]([O-])CC(c1ccccc1)c1c(-c2cccnc2)[nH]c2ccccc12,5.958607314841775,1100.0,0,0,0,0,0,0
O=[N+]([O-])CC(c1ccccc1)c1c(-c2ccc(F)cc2)[nH]c2ccccc12,5.795880017344075,1600.0,0,0,0,0,0,0
O=[N+]([O-])CC(c1ccc(F)cc1)c1c(-c2ccccc2)[nH]c2ccccc12,6.356547323513812,440.0,0,0,0,0,1,1
O=[N+]([O-])CC(c1ccccn1)c1c(-c2ccccc2)[nH]c2ccccc12,6.585026652029182,260.0,1,1,0,1,1,1
O=[N+]([O-])CC(c1cccnc1)c1c(-c2ccccc2)[nH]c2ccccc12,5.508638306165727,3100.0,1,1,0,1,1,1
O=[N+]([O-])CC(c1ccccc1)c1c(-c2ccccc2)[nH]c2cnccc12,6.346787486224656,450.0,0,0,0,0,0,0
O=C(NC1CCN(c2ncnc3c2nc(-c2ccccc2Cl)n3-c2ccc(Cl)cc2)CC1)c1ccccc1F,7.023191662661934,94.8,0,0,0,0,0,0
O=S(=O)(NC1CCN(c2ncnc3c2nc(-c2ccccc2Cl)n3-c2ccc(Cl)cc2)CC1)c1ccccc1F,6.541513236201793,287.4,0,0,0,0,0,0
O=S(=O)(NC1CCN(c2ncnc3c2nc(-c2ccccc2Cl)n3-c2ccc(OC(F)F)nc2)CC1)c1ccc(F)c(F)c1,6.879755204453635,131.9,0,0,0,0,0,0
CCCCCCC(C)(C)c1cc(O)c2c(c1)OC(C)(C)c1cn(CCO)nc1-2,6.524619406856639,298.8,0,0,0,0,0,0
CCCCCCC(C)(C)c1cc(OCc2ccccc2)c2c(c1)OC(C)(C)c1cn[nH]c1-2,6.718966632752273,191.0,0,0,0,0,0,0
CCCCCCC(C)(C)c1cc(O)c2c(c1)OC(C)(C)c1cnoc1-2,7.801342913045577,15.8,0,0,0,0,0,0
CCCCCn1cc(C(=O)c2cccc3ccccc23)c2cccc(F)c21,6.982966660701219,104.0,1,1,0,0,0,0
C1=C(CCN2CCOCC2)c2ccccc2/C1=C/c1cccc2ccccc12,6.590066876668706,257.0,0,0,0,0,0,0
COc1ccc(/C=C2\C=C(CCN3CCOCC3)c3ccccc32)c2ccccc12,6.707743928643524,196.0,0,0,0,0,0,0
CCc1ccc(/C=C2\C=C(CCN3CCOCC3)c3ccccc32)c2ccccc12,6.85078088734462,141.0,0,0,0,0,0,0
CCCc1ccc(/C=C2\C=C(CCN3CCOCC3)c3ccccc32)c2ccccc12,6.739928612014925,182.0,0,0,0,0,0,0
Cc1cc(S(=O)(=O)N2CCc3c(nc(C(C)(C)C)n3CC3CC3)C2)no1,8.292429823902063,5.1,0,0,0,0,1,1
Cc1cc(S(=O)(=O)N2CCc3c(nc(CC(C)(C)C)n3CC3CC3)C2)no1,8.154901959985743,7.0,1,1,0,1,1,1
O=C(NN1CCCCC1)c1cn(-c2ccc(Cl)cc2Cl)c(-c2ccc(C#Cc3ccc(C(F)(F)F)cc3)s2)c1CNS(=O)(=O)N1CCCC1,8.522878745280337,3.0,0,0,0,0,0,0
CCCCCc1cc(OC)cc(OCCCCCCCCCCC(=O)NC2CC2)c1,8.20690839982342,6.21,0,0,0,0,0,0
CCCCCCC(C)(C)c1cc(OC)cc(OCCCCCCCC(=O)NC2CC2)c1,7.82131076022441,15.09,0,0,0,0,0,0
CCCCCc1cccc(OCCCCCCCCCCC(=O)NC2CC2)c1,7.508778423760717,30.99,0,0,0,0,0,0
