smiles,split_shipped,split_R0_from_D0,split_R2_from_D2,cluster_D0,cluster_D2,nn_ecfp4_sim_to_train_shipped,nn_ecfp4_sim_to_train_R0,nn_ecfp4_sim_to_train_R2
Nc1[nH]cnc2nnc(-c3ccc(Cl)cc3)c1-2,train,train,train,4,4,0.25925925,0.25925925,0.25925925
Cc1ccc(N2NC(=O)/C(=C/c3ccc(-c4ccc(C)c(Cl)c4)o3)C2=O)cc1C,test,test,test,4,4,0.37931034,0.37931034,0.37931034
O=C1NN(c2ccc(Cl)c(Cl)c2)C(=O)/C1=C\c1cccc(OCc2ccccc2)c1,train,train,train,4,4,0.46551725,0.46551725,0.46551725
O=C1NN(c2ccc(I)cc2)C(=O)/C1=C\c1cc2c(cc1Br)OCO2,train,train,train,4,4,0.5625,0.5625,0.5625
O=C1NN(c2ccc(I)cc2)C(=O)/C1=C\c1ccc(N2CCOCC2)cc1,train,train,train,4,4,0.75609756,0.75609756,0.75609756
O=C1NN(c2ccc(I)cc2)C(=O)/C1=C\c1ccc(I)cc1,train,train,train,4,4,0.85714287,0.85714287,0.85714287
O=C1NN(c2ccc(I)cc2)C(=O)/C1=C\c1ccccc1,train,train,train,4,4,0.85714287,0.85714287,0.85714287
O=C(Nc1ccccc1)Nc1nnc(Cc2ccccc2)s1,train,train,train,3,3,0.6086956,0.6086956,0.6086956
COc1cc(SC)ccc1C(=O)Nc1nnc(CCc2ccccc2)s1,train,train,train,3,3,0.5689655,0.5689655,0.5689655
O=C(Nc1nnc(CCc2ccccc2)s1)c1ccccc1I,train,train,train,3,3,0.70212764,0.70212764,0.70212764
O=C(Nc1nnc(CCc2ccccc2)s1)c1ccc(I)cc1,train,train,train,3,3,0.70212764,0.70212764,0.70212764
Cc1cc(-c2c(Cl)cccc2Cl)cc2nnc(Nc3ccc(OCCN4CCCC4)cc3)nc12,train,train,train,4,4,0.53846157,0.53846157,0.7164179
COc1cc2ncc(C#N)c(N[C@@H]3C[C@H]3c3ccccc3)c2cc1OC,train,train,train,4,4,0.85714287,0.85714287,0.85714287
N#Cc1cnc2cc(-c3ccc(CN4CCOCC4)cc3)ccc2c1N[C@@H]1C[C@H]1c1ccccc1,train,train,train,4,4,0.6376812,0.6376812,0.6376812
N#Cc1cnc2ccc(-c3ccc(CN)cc3)cc2c1N[C@@H]1C[C@H]1c1ccccc1,train,train,train,4,4,0.6376812,0.6376812,0.6376812
COc1cc2c(N[C@@H]3C[C@H]3c3ccccc3)c(C#N)cnc2cc1OCCCN1CCN(C)CC1,train,train,train,4,4,0.8695652,0.8695652,0.8695652
COc1cc2c(N[C@@H]3C[C@H]3c3ccccc3)c(C#N)cnc2cc1OCCCN1CCOCC1,train,train,train,4,4,1.0,1.0,1.0
COCCOc1cc2ncc(C#N)c(N[C@@H]3C[C@H]3c3ccccc3)c2cc1OC,train,train,train,4,4,0.85714287,0.85714287,0.85714287
COc1cc2c(N[C@@H]3C[C@H]3c3ccccc3)c(C#N)cnc2cc1OCCCc1cccnc1,test,test,test,4,4,1.0,1.0,1.0
COc1cc2ncc(C#N)c(N[C@@H]3C[C@H]3c3ccccc3)c2cc1OCCCc1cccnc1,train,train,train,4,4,0.7536232,0.7536232,0.7536232
COc1cc2ncc(C#N)c(N[C@@H]3C[C@H]3c3ccccc3)c2cc1OCCCN1CCOCC1,train,train,train,4,4,1.0,1.0,1.0
Cc1cc(-c2cc(N)ccc2Cl)cc2nnc(Nc3ccc(S(=O)(=O)NCCN4CCCC4)cc3)nc12,train,train,train,4,4,0.8309859,0.8309859,0.65384614
Cc1cc(-c2cc(O)ccc2Cl)cc2nnc(Nc3ccc(S(=O)(=O)C4CCNCC4)cc3)nc12,train,train,train,4,4,0.69014084,0.69014084,0.69014084
Cc1cc(-c2cc(O)ccc2Cl)cc2nnc(Nc3ccc(S(=O)(=O)CCCN4CCCC4)cc3)nc12,train,train,train,4,4,0.7916667,0.7916667,0.65384614
Cc1cc(-c2cc(O)ccc2Cl)cc2nnc(Nc3ccc(S(=O)(=O)N(C)CCN4CCCC4)cc3)nc12,train,train,test,4,4,0.7702703,0.7702703,0.7702703
Cc1cc(-c2cc(O)ccc2Cl)cc2nnc(Nc3ccc(S(=O)(=O)NCCN4CCCC4)cc3)nc12,train,train,test,4,4,0.8309859,0.8309859,0.8309859
Cc1cc(-c2cc(O)ccc2Cl)cc2nnc(Nc3ccc(C(=O)N4CCNCC4)cc3)nc12,train,train,train,4,4,0.69014084,0.69014084,0.69014084
COc1ccc(CSc2nnc(NC(=O)c3ccccc3Cl)s2)cc1,train,train,test,3,3,0.78,0.78,0.78
O=C(Nc1nnc(SCc2ccccc2)s1)c1ccccc1Cl,train,train,train,3,3,0.82978725,0.82978725,0.82978725
O=C(Nc1nnc(SCc2cccc(Cl)c2)s1)c1ccccc1Cl,test,test,train,3,3,0.8235294,0.8235294,0.8235294
O=C(Nc1nnc(SCc2ccc(F)cc2)s1)c1ccccc1Cl,test,test,train,3,3,0.82978725,0.82978725,0.82978725
O=C(Nc1nnc(SCc2ccccc2)s1)c1ccc(Cl)cc1,train,train,test,3,3,0.8125,0.8125,0.8125
O=C(Nc1nnc(SCc2cccc(Cl)c2)s1)c1ccc(F)cc1,train,train,train,3,3,0.86,0.86,0.86
O=C(Nc1nnc(SCc2cccc(F)c2)s1)c1ccccc1Cl,train,train,train,3,3,0.79591835,0.79591835,0.8235294
O=C(Nc1nnc(SCc2ccc(Br)cc2)s1)c1ccccc1Cl,train,train,train,3,3,0.82978725,0.82978725,0.82978725
O=C(Nc1nnc(SCc2cccc(F)c2)s1)c1ccc(Cl)cc1,train,train,train,3,3,0.85714287,0.85714287,0.85714287
O=C(Nc1nnc(SCc2ccc([N+](=O)[O-])cc2)s1)c1ccc(F)cc1,train,train,test,3,3,0.7358491,0.7358491,0.8113208
COc1ccc(CSc2nnc(NC(=O)c3ccc(F)cc3)s2)cc1,test,test,train,3,3,0.8076923,0.8076923,0.8076923
COc1ccc(CSc2nnc(NC(=O)c3ccc(Cl)cc3)s2)cc1,train,train,train,3,3,0.75,0.75,0.8076923
O=C(Nc1nnc(SCc2cccc(F)c2)s1)c1ccc(F)cc1,train,train,train,3,3,0.85714287,0.85714287,0.85714287
O=C(Nc1nnc(SCc2ccc(F)cc2)s1)c1ccc(Cl)cc1,train,train,train,3,3,0.79591835,0.79591835,0.79591835
O=C(Nc1nnc(SCc2ccc([N+](=O)[O-])cc2)s1)c1ccc(Cl)cc1,test,test,train,3,3,0.8113208,0.8113208,0.7358491
O=C(Nc1nnc(SCc2ccc(Br)cc2)s1)c1ccc(F)cc1,train,train,test,3,3,0.79591835,0.79591835,0.79591835
O=C(Nc1nnc(SCc2ccc([N+](=O)[O-])cc2)s1)c1ccccc1Cl,test,test,train,3,3,0.7647059,0.7647059,0.7647059
O=C(Nc1nnc(SCc2cccc(Cl)c2)s1)c1ccc(Cl)cc1,train,train,train,3,3,0.86,0.86,0.86
O=C(Nc1nnc(SCc2ccccc2)s1)c1ccc(F)cc1,train,train,train,3,3,0.82978725,0.82978725,0.82978725
O=C(Nc1nnc(SCc2ccc(Br)cc2)s1)c1ccc(Cl)cc1,train,train,train,3,3,0.79591835,0.79591835,0.79591835
Fc1ccc(C(Cl)Cn2ncc3c(NCc4cccc(Cl)c4)ncnc32)cc1,train,train,train,0,0,0.875,0.875,0.875
Fc1ccc(C(Cl)Cn2ncc3c(NCc4ccccc4F)ncnc32)cc1,train,train,train,0,0,0.8867925,0.8867925,0.8867925
Fc1ccc(C(Cl)Cn2ncc3c(NCc4cccc(F)c4)ncnc32)cc1,test,test,test,0,0,0.8909091,0.8909091,0.8909091
Fc1ccc(CNc2ncnc3c2cnn3CC(Cl)c2ccc(F)cc2)cc1,train,train,test,0,0,0.9,0.9,0.92
Fc1ccc(C(Cl)Cn2ncc3c(NCc4ccccc4)ncnc32)cc1,test,test,train,0,0,0.92156863,0.92156863,0.92156863
Fc1ccccc1CNc1ncnc2c1cnn2CC(Cl)c1ccccc1,train,train,train,0,0,0.8867925,0.8867925,0.8867925
Fc1cccc(CNc2ncnc3c2cnn3CC(Cl)c2ccccc2)c1,train,train,train,0,0,0.8448276,0.8448276,0.8448276
Fc1ccc(CNc2ncnc3c2cnn3CC(Cl)c2ccccc2)cc1,train,train,train,0,0,0.9,0.9,0.92156863
Fc1ccc(C(Cl)Cn2ncc3c(NCc4ccccc4Cl)ncnc32)cc1,test,test,train,0,0,0.83928573,0.83928573,0.83928573
Fc1ccc(CNc2ncnc3c2cnn3CC(Cl)c2ccc(Cl)cc2)cc1,test,test,train,0,0,0.92,0.92,0.8333333
Clc1ccc(C(Cl)Cn2ncc3c(NCc4cccc(Cl)c4)ncnc32)cc1,train,train,train,0,0,0.875,0.875,0.875
Cc1nc(N)sc1-c1ccnc(Nc2cccc([N+](=O)[O-])c2)n1,test,test,train,4,4,0.52380955,0.52380955,0.52380955
Cc1cc(-c2c(Cl)cccc2Cl)cc2nnc(Nc3ccc(OCC[N+]4([O-])CCCC4)cc3)nc12,test,test,train,4,4,0.7164179,0.7164179,0.7164179
CSc1nc(NCCc2ccccc2)c2cnn(CC(Cl)c3ccccc3)c2n1,test,test,train,0,0,0.89285713,0.89285713,0.89285713
CSc1nc(NCc2ccccc2)c2cnn(CC(Cl)c3ccccc3)c2n1,train,train,train,0,0,0.8888889,0.8888889,0.8888889
CCCNc1nc(SC)nc2c1cnn2CC(Cl)c1ccccc1,train,train,train,0,0,0.8867925,0.8867925,0.8867925
CCCCNc1nc(SC)nc2c1cnn2CC(Cl)c1ccccc1,train,train,train,0,0,0.8867925,0.8867925,0.8867925
CCOCCNc1nc(SC)nc2c1cnn2CC(Cl)c1ccccc1,train,train,train,0,0,0.8214286,0.8214286,0.8214286
CCN(CC)c1nc(SC)nc2c1cnn2CC(Cl)c1ccccc1,train,train,train,0,0,0.84313726,0.84313726,0.84313726
CSc1nc(Nc2ccccc2)c2cnn(CC(Cl)c3ccccc3)c2n1,train,train,train,0,0,0.8518519,0.8518519,0.8363636
CSc1nc(Nc2cccc(F)c2)c2cnn(CC(Cl)c3ccccc3)c2n1,train,train,test,0,0,0.8518519,0.8518519,0.89285713
CSc1nc(NCCc2ccccc2F)c2cnn(CC(Cl)c3ccccc3)c2n1,test,test,train,0,0,0.8333333,0.8333333,0.8333333
CCCNc1nc(SC)nc2c1cnn2CC(Cl)c1ccc(F)cc1,train,train,train,0,0,0.8888889,0.8888889,0.8888889
CCCCNc1nc(SC)nc2c1cnn2CC(Cl)c1ccc(F)cc1,train,train,train,0,0,0.8888889,0.8888889,0.8888889
CSc1nc(N2CCOCC2)c2cnn(CC(Cl)c3ccc(F)cc3)c2n1,test,test,train,0,0,0.6031746,0.6031746,0.8545455
CSc1nc(NCc2ccc(F)cc2)c2cnn(CC(Cl)c3ccc(F)cc3)c2n1,train,train,train,0,0,0.9074074,0.9074074,0.9074074
CSc1nc(NCc2ccccc2F)c2cnn(CC(Cl)c3ccc(F)cc3)c2n1,train,train,test,0,0,0.8947368,0.8947368,0.8947368
CSc1nc(NCCc2ccccc2)c2cnn(CC(Cl)c3ccc(F)cc3)c2n1,train,train,test,0,0,0.8305085,0.8305085,0.89285713
CSc1nc(Nc2cccc(F)c2)c2cnn(CC(Cl)c3ccc(F)cc3)c2n1,test,test,train,0,0,0.89285713,0.89285713,0.84745765
CCCNc1nc(SC)nc2c1cnn2CC(Cl)c1ccc(Cl)cc1,train,train,test,0,0,0.8888889,0.8888889,0.8888889
CCCCNc1nc(SC)nc2c1cnn2CC(Cl)c1ccc(Cl)cc1,train,train,train,0,0,0.8888889,0.8888889,0.85714287
CCN(CC)c1nc(SC)nc2c1cnn2CC(Cl)c1ccc(Cl)cc1,train,train,train,0,0,0.8269231,0.8269231,0.8269231
CSc1nc(N2CCOCC2)c2cnn(CC(Cl)c3ccc(Cl)cc3)c2n1,test,test,train,0,0,0.6229508,0.6229508,0.8545455
CCSc1nc(N(CC)CC)c2cnn(CC(Cl)c3ccccc3)c2n1,train,train,train,0,0,0.8627451,0.8627451,0.8627451
CCCNc1nc(SCCC)nc2c1cnn2CC(Cl)c1ccccc1,train,train,train,0,0,0.8867925,0.8867925,0.8490566
CCCCNc1nc(SCCC)nc2c1cnn2CC(Cl)c1ccccc1,train,train,test,0,0,0.8888889,0.8888889,0.8867925
CCCSc1nc(N(CC)CC)c2cnn(CC(Cl)c3ccccc3)c2n1,train,train,train,0,0,0.8627451,0.8627451,0.8627451
CCCSc1nc(NCc2ccccc2)c2cnn(CC(Cl)c3ccccc3)c2n1,train,train,train,0,0,0.8181818,0.8181818,0.8181818
CCCNc1nc(SC)nc2c1cnn2CC(Br)c1ccccc1,test,test,train,0,0,0.8867925,0.8867925,0.8867925
CCCCNc1nc(SC)nc2c1cnn2CC(Br)c1ccccc1,train,train,train,0,0,0.7894737,0.7894737,0.8867925
CCOCCNc1nc(SC)nc2c1cnn2CC(Br)c1ccccc1,train,train,train,0,0,0.8135593,0.8135593,0.8135593
CSc1nc(N2CCCC2)c2cnn(CC(Br)c3ccccc3)c2n1,test,test,train,0,0,0.97959185,0.97959185,0.97959185
CSc1nc(N2CCCCC2)c2cnn(CC(Br)c3ccccc3)c2n1,train,train,train,0,0,0.5873016,0.5873016,0.97959185
CSc1nc(N2CCOCC2)c2cnn(CC(Br)c3ccccc3)c2n1,test,test,train,0,0,0.8181818,0.8181818,0.8333333
CSc1nc(NCc2ccccc2)c2cnn(CC(Br)c3ccccc3)c2n1,test,test,test,0,0,0.8181818,0.8181818,0.8181818
CSc1nc(NCCc2ccccc2)c2cnn(CC(Br)c3ccccc3)c2n1,train,train,train,0,0,0.7894737,0.7894737,0.8181818
CCCNc1nc(N(C)C)nc2c1cnn2CC(Cl)c1ccccc1,train,train,train,0,0,0.7818182,0.7818182,0.7818182
CN(C)c1nc(N2CCOCC2)c2cnn(CC(Cl)c3ccccc3)c2n1,train,train,train,0,0,0.5967742,0.5967742,0.6031746
CN(C)c1nc(NCc2ccccc2)c2cnn(CC(Cl)c3ccccc3)c2n1,train,train,train,0,0,0.7818182,0.7818182,0.7818182
CC(C)(C)N1CN(c2ccc(Cl)cc2)C(N)=C2C=NN=C21,train,train,train,4,4,0.19298245,0.19298245,0.19298245
O=C(Nc1ncc(Cc2ccccc2)s1)c1cccs1,train,train,test,3,3,0.8043478,0.8043478,0.8043478
O=C(Nc1nnc(COc2ccccc2)s1)c1cccs1,test,test,test,3,3,0.70212764,0.70212764,0.70212764
O=C(Nc1nnc(Cc2ccccc2)s1)c1cccs1,train,train,train,3,3,0.6458333,0.6458333,0.6086956
COc1ccc2c(c1)Cc1sc(NC(=O)c3cccs3)nc1-2,train,train,train,4,4,0.5,0.5,0.5
Cc1ccc(Cc2cnc(NC(=O)c3cccs3)s2)cc1,train,train,train,3,3,0.8043478,0.8043478,0.78
COc1ccc(Cc2cnc(NC(=O)c3cccs3)s2)cc1,train,train,train,3,3,0.78,0.78,0.78
O=C(Nc1ncc(Cc2ccc(Cl)cc2Cl)s1)c1cccs1,train,train,test,3,3,0.86,0.86,0.86
O=C(Nc1ncc(Cc2cc(Cl)ccc2Cl)s1)c1cccs1,train,train,train,3,3,0.86,0.86,0.8
O=C(Nc1ncc(Cc2cc(C(F)(F)F)ccc2Cl)s1)c1cccs1,train,train,train,3,3,0.76363635,0.76363635,0.76363635
O=C(Nc1ncc(Cc2cccc(C(F)(F)F)c2)s1)c1cccs1,test,test,train,3,3,0.72727275,0.72727275,0.72727275
Cc1cccc(Cc2cnc(NC(=O)c3cccs3)s2)c1,train,train,train,3,3,0.78,0.78,0.78
O=C(Nc1ncc(-c2ccc(Cl)cc2)s1)c1cccs1,train,train,train,3,3,0.7777778,0.7777778,0.7777778
O=C(Nc1ncc(-c2ccc(F)cc2)s1)c1cccs1,train,train,train,3,3,0.7777778,0.7777778,0.7777778
O=C(Nc1ncc(Cc2ccccc2F)s1)c1cccs1,train,train,train,3,3,0.7755102,0.7755102,0.7755102
O=C(Nc1ncc(Cc2ccccc2Cl)s1)c1cccs1,train,train,train,3,3,0.8,0.8,0.8
O=C(Nc1ncc(Cc2cccc(Cl)c2)s1)c1cccs1,train,train,train,3,3,0.7692308,0.7692308,0.7692308
O=C(Nc1ncc(Cc2ccc(Cl)cc2)s1)c1cccs1,test,test,test,3,3,0.8043478,0.8043478,0.7916667
O=C(Nc1ncc(Cc2ccc(F)cc2)s1)c1cccs1,test,test,test,3,3,0.8043478,0.8043478,0.7916667
CCSc1nc(Nc2cccc(Cl)c2)c2cnn(CC(Cl)c3ccccc3)c2n1,train,train,train,0,0,0.8965517,0.8965517,0.8965517
CCCSc1nc(Nc2cccc(Cl)c2)c2cnn(CC(Cl)c3ccccc3)c2n1,train,train,train,0,0,0.8965517,0.8965517,0.8965517
CSc1nc(NCCc2cccc(Cl)c2)c2cnn(CC(Cl)c3ccccc3)c2n1,train,train,train,0,0,0.84126985,0.84126985,0.84745765
CSc1nc(Nc2cccc(Br)c2)c2cnn(CC(Cl)c3ccccc3)c2n1,train,train,train,0,0,0.88135594,0.88135594,0.88135594
CSc1nc(NCCc2ccc(Cl)cc2)c2cnn(CC(Cl)c3ccccc3)c2n1,test,test,train,0,0,0.82258064,0.82258064,0.9298246
CSc1nc(Nc2cccc(Br)c2)c2cnn(CC(Cl)c3ccc(F)cc3)c2n1,train,train,train,0,0,0.88135594,0.88135594,0.88135594
CSc1nc(NCCc2ccc(C)cc2)c2cnn(CC(Cl)c3ccccc3)c2n1,test,test,train,0,0,0.8032787,0.8032787,0.89285713
CSc1nc(Nc2cccc(Cl)c2)c2cnn(CC(Cl)c3ccccc3)c2n1,train,train,train,0,0,0.86206895,0.86206895,0.86206895
CSc1nc(NCCc2ccccc2)c2cnn(CC(Cl)c3ccc(Cl)cc3)c2n1,test,test,train,0,0,0.86440676,0.86440676,0.9298246
CSc1nc(NCCc2ccccc2Cl)c2cnn(CC(Cl)c3ccccc3)c2n1,train,train,train,0,0,0.8305085,0.8305085,0.8333333
CSc1nc(NCc2cccc(F)c2)c2cnn(CC(Cl)c3ccccc3)c2n1,train,train,train,0,0,0.84210527,0.84210527,0.84210527
CSc1nc(NCc2ccccc2F)c2cnn(CC(Cl)c3ccccc3)c2n1,train,train,train,0,0,0.8947368,0.8947368,0.8305085
CSc1nc(NCc2ccccc2)c2cnn(CC(Cl)c3ccc(F)cc3)c2n1,train,train,test,0,0,0.92727274,0.92727274,0.92727274
CSc1nc(NCc2ccc(F)cc2)c2cnn(CC(Cl)c3ccccc3)c2n1,train,train,train,0,0,0.92727274,0.92727274,0.9074074
COc1ccc(CNc2nc(SC)nc3c2cnn3CC(Cl)c2ccccc2)cc1,test,test,test,0,0,0.85714287,0.85714287,0.85714287
CSc1nc(NCc2ccccc2Cl)c2cnn(CC(Cl)c3ccccc3)c2n1,train,train,train,0,0,0.84210527,0.84210527,0.84210527
CSc1nc(NCc2ccccc2)c2cnn(CC(Cl)c3ccc(Cl)cc3)c2n1,test,test,train,0,0,0.8888889,0.8888889,0.8888889
CCSc1nc(NCCc2ccccc2)c2cnn(CC(Cl)c3ccccc3)c2n1,train,train,train,0,0,0.80701756,0.80701756,0.83928573
CSc1nc(NCCc2cccc(F)c2)c2cnn(CC(Cl)c3ccccc3)c2n1,train,train,train,0,0,0.84126985,0.84126985,0.84745765
Cn1c(=O)c(-c2c(Cl)cccc2Cl)cc2cnc(NCc3cccc(N)c3)nc21,test,test,train,4,4,0.83928573,0.83928573,0.83928573
Cn1c(=O)c(-c2ccccc2Cl)cc2cnc(NCc3cccc(N)c3)nc21,train,train,train,4,4,0.79310346,0.79310346,0.83928573
Cn1c(=O)c(-c2ccccc2)cc2cnc(NCc3cccc(N)c3)nc21,test,test,train,4,4,0.7719298,0.7719298,0.7719298
Cn1c(=O)c(-c2c(F)cccc2F)cc2cnc(NCc3cccc(N)c3)nc21,test,test,train,4,4,0.71666664,0.71666664,0.7894737
Cn1c(=O)c(-c2ccccc2Br)cc2cnc(NCc3cccc(N)c3)nc21,train,train,train,4,4,0.79310346,0.79310346,0.79310346
CSc1cccc(CNc2ncc3cc(-c4c(Cl)cccc4Cl)c(=O)n(C)c3n2)c1,train,train,train,4,4,0.73333335,0.73333335,0.7627119
CCCCCCNc1cccc(CNc2ncc3cc(-c4c(Cl)cccc4Cl)c(=O)n(C)c3n2)c1,train,train,train,4,4,0.71014494,0.71014494,0.71014494
Cn1c(=O)c(-c2c(Cl)cccc2Cl)cc2cnc(NCc3cccc(NC(=O)CN)c3)nc21,train,train,train,4,4,0.796875,0.796875,0.796875
Cn1c(=O)c(-c2c(Cl)cccc2Cl)cc2cnc(NCc3cccc(C(=O)CCCC[C@@H]4SC[C@@H]5NC(=O)N[C@H]45)c3)nc21,train,train,train,4,4,0.5294118,0.5294118,0.5421687
CSc1cccc(Nc2ncc3cc(-c4c(Cl)cccc4Cl)c(=O)n(C)c3n2)c1,train,train,train,4,4,0.73333335,0.73333335,0.73333335
Cn1c(=O)c(-c2c(Cl)cccc2Cl)cc2cnc(Nc3cccc(N)c3)nc21,test,test,test,4,4,0.75438595,0.75438595,0.75438595
Cn1c(=O)c(-c2c(Cl)cccc2Cl)cc2cnc(Nc3cccc(NC(=O)CN)c3)nc21,train,train,train,4,4,0.796875,0.796875,0.796875
Clc1cccc(Nc2nc(N3CCOCC3)nc3c2cnn3CC(Cl)c2ccccc2)c1,train,train,train,0,0,0.7536232,0.7536232,0.67164177
CCCNc1nc(SCCN2CCOCC2)nc2c1cnn2CC(Cl)c1ccccc1,train,train,train,0,0,0.83076924,0.83076924,0.8
ClC(Cn1ncc2c(NCc3ccccc3)nc(SCCN3CCOCC3)nc21)c1ccccc1,train,train,train,0,0,0.890625,0.890625,0.890625
Fc1ccc(CNc2nc(SCCN3CCOCC3)nc3c2cnn3CC(Cl)c2ccccc2)cc1,train,train,train,0,0,0.890625,0.890625,0.890625
ClC(Cn1ncc2c(NCCc3ccccc3)nc(SCCN3CCOCC3)nc21)c1ccccc1,train,train,test,0,0,0.84375,0.84375,0.84375
Clc1cccc(Nc2nc(SCCN3CCOCC3)nc3c2cnn3CC(Cl)c2ccccc2)c1,train,train,test,0,0,0.859375,0.859375,0.859375
ClC(Cn1ncc2c(Nc3ccccc3)nc(SCCN3CCOCC3)nc21)c1ccccc1,train,train,train,0,0,0.859375,0.859375,0.84615386
Fc1ccc(C(Cl)Cn2ncc3c(NCc4ccncc4)ncnc32)cc1,train,train,train,0,0,0.88235295,0.88235295,0.8333333
Fc1ccc(C(Cl)Cn2ncc3c(NCc4ccccn4)ncnc32)cc1,train,train,test,0,0,0.8363636,0.8363636,0.8363636
Clc1ccc(C(Cl)Cn2ncc3c(NCc4ccncc4)ncnc32)cc1,train,train,train,0,0,0.8333333,0.8333333,0.8333333
Clc1ccc(C(Cl)Cn2ncc3c(NCc4ccccn4)ncnc32)cc1,train,train,train,0,0,0.8363636,0.8363636,0.7368421
CS(=O)(=O)c1nc(NCc2ccccc2)c2cnn(CC(Cl)c3ccccc3)c2n1,train,train,train,0,0,0.69491524,0.69491524,0.69491524
CCCNc1nc(S(C)(=O)=O)nc2c1cnn2/C=C\c1ccccc1,train,train,train,4,4,0.53968257,0.53968257,0.53968257
OCCNc1nc(NCCc2ccccc2)c2cnn(/C=C\c3ccccc3)c2n1,train,train,train,4,4,0.66071427,0.66071427,0.66071427
CSc1nc(NCc2ccccc2F)c2cnn(CC(C)c3ccccc3)c2n1,train,train,test,0,0,0.8245614,0.8245614,0.8245614
CSc1nc(NCc2ccc(F)cc2)c2cnn(CC(C)c3ccccc3)c2n1,train,train,train,0,0,0.8245614,0.8245614,0.8245614
CSc1nc(NCc2ccccc2Cl)c2cnn(CC(C)c3ccccc3)c2n1,train,train,train,0,0,0.84210527,0.84210527,0.84210527
CSc1nc(Nc2cccc(Br)c2)c2cnn(CC(C)c3ccccc3)c2n1,train,train,train,0,0,0.8305085,0.8305085,0.8305085
Fc1cccc(CNc2ncnc3c2cnn3CCc2ccccc2)c1,train,train,train,0,0,0.70689654,0.70689654,0.70689654
CSc1nc(NCc2cccc(Br)c2)c2cnn(CC(Cl)c3ccccc3)c2n1,train,train,test,0,0,0.82758623,0.82758623,0.82758623
Clc1cccc(Nc2ncnc3c2cnn3CC(Cl)c2ccccc2)c1,test,test,train,0,0,0.71428573,0.71428573,0.71428573
Nc1nc(Nc2ccc([C@H]3CC[C@H](N4CCOCC4)CC3)cc2)nn1-c1ccccn1,train,train,train,4,4,0.31578946,0.31578946,0.31578946
N#CCOc1ccc(Nc2nc(Nc3cccc(S(N)(=O)=O)c3)ncc2Br)cc1,train,train,train,4,4,0.5970149,0.5970149,0.5970149
CCCn1cc(-c2cnc(N)c3c(-c4ccc(NC(=O)Nc5cccc(F)c5)cc4)csc23)cn1,train,train,train,2,2,0.8787879,0.8787879,0.80597013
Cc1cc(N2CCOCC2)cc2[nH]c(-c3c(NCC(O)c4cccc(Cl)c4)cc[nH]c3=O)nc12,train,train,train,4,4,0.30107528,0.30107528,0.30107528
NC(COc1cncc(-c2ccc3c(c2)C(=Cc2ccc[nH]2)C(=O)N3)c1)Cc1ccccc1,train,train,train,4,4,0.42028984,0.42028984,0.42028984
COc1ccc(-c2ccc(NC(=O)Nc3ccc(OC(F)(F)F)cc3)cc2)c2c(N)noc12,train,train,test,2,2,0.7241379,0.7241379,0.7241379
OC1CCC(Nc2nc(Cl)cc(-c3c[nH]c4ncccc34)n2)CC1,train,train,train,4,4,0.8269231,0.8269231,0.8269231
c1ccc(Nc2ncnc3ccccc23)cc1,train,train,train,4,4,0.3773585,0.3773585,0.3773585
CN1c2ccc(N)cc2C(c2ccccc2)c2cc(N)ccc21,train,train,train,4,4,0.23076923,0.23076923,0.26229507
CNC(=O)C(C)n1cc(-c2cnc(N)c3c(-c4ccc(NC(=O)Nc5ccc(C)cc5)cc4)csc23)cn1,train,train,test,2,2,0.8125,0.8125,0.8125
Nc1n[nH]c2ncc(Br)cc12,train,train,test,4,4,0.42857143,0.42857143,0.42857143
CCCCN(CCC#N)C(=O)c1ccc2nc(-c3n[nH]c4ccccc34)[nH]c2c1,train,train,train,4,4,0.47692308,0.47692308,0.47692308
C=CCn1c(=O)c2cnc(Nc3ccc(N4CCN(C)CC4)cc3)nc2n1-c1cccc(C(C)(C)O)n1,test,test,test,4,4,0.37209302,0.37209302,0.3106796
Nc1ncnc2c1C(=O)Nc1ccccc1N2,train,train,train,4,4,0.33333334,0.33333334,0.33333334
Cc1ccnc(Nc2cc(C)nc(-c3ccccc3)n2)c1,train,train,test,4,4,0.30645162,0.30645162,0.30645162
Cc1cccc(NC(=O)Nc2ccc(-c3csc4c(C#CCNS(C)(=O)=O)cnc(N)c34)cc2)c1,train,train,train,2,2,0.83076924,0.83076924,0.8333333
Cn1cc(-c2cc3nc(Br)cnc3[nH]2)c2cc(C#N)ccc21,train,train,train,4,4,0.74,0.74,0.74
O=C1NCCc2[nH]c(-c3ccnc(C=Cc4ccccc4)c3)cc21,train,train,test,4,4,0.25396827,0.25396827,0.25396827
O=C(O)c1csc2c1NCCNC2=O,train,train,train,4,4,0.21666667,0.21666667,0.17142858
Cc1ccnc2[nH]c3cc(C(C)C)ccc3c(=O)c12,train,train,train,4,4,0.24,0.24,0.24
N#CCC(C1CCCC1)n1cc(-c2ncnc3[nH]ccc23)cn1,train,train,test,4,4,0.36507937,0.36507937,0.36507937
N#Cc1cnc2c(Br)cnn2c1N,train,train,test,4,4,0.22857143,0.22857143,0.20634921
C#Cc1cccc(Nc2ncnc3cc(OCCOC)c(OCCOC)cc23)c1,train,train,train,4,4,0.35526314,0.35526314,0.35526314
COc1ccc(NC(=O)Nc2ccc(-c3csc4c(-c5cnn(CCO)c5)cnc(N)c34)cc2)cc1,train,train,train,2,2,0.8030303,0.8030303,0.8181818
COc1ccc(CN(C)C)cc1Nc1nccc(-c2c(-c3cccc(NC(=O)Cc4ccccc4)c3)nc3sccn23)n1,train,train,train,4,4,0.4181818,0.4181818,0.4181818
CNC(=O)c1cc(Oc2ccc(NC(=O)Nc3cccc(C(F)(F)F)c3)cc2)ccn1,train,train,train,2,2,0.7118644,0.7118644,0.7118644
Nc1ncnc2scc(-c3ccc(NC(=O)Nc4cc(C(F)(F)F)ccc4F)cc3)c12,train,train,train,2,2,0.72307694,0.72307694,0.63793105
Nc1n[nH]c2cccc(-c3ccc(NC(=O)Nc4cccc(Cl)c4)c(F)c3)c12,train,train,train,2,2,0.7704918,0.7704918,0.7704918
COCOc1cccc(OCOC)c1-c1ccc(NS(C)(=O)=O)cc1C(=O)OC,test,test,train,4,4,0.30882353,0.30882353,0.30882353
Cc1ccc(-c2cc3c(NCCN)ccc(C(N)=O)c3[nH]2)cc1,train,train,train,4,4,0.28947368,0.28947368,0.28947368
Cc1ccc(NC(=O)Nc2ccc(-c3csc4c(-c5cnn(C(C)C(=O)N(C)C)c5)cnc(N)c34)cc2)cc1,train,train,train,2,2,0.8125,0.8125,0.703125
COc1cc2c(Oc3ccc4[nH]c(C)cc4c3F)ncnc2cc1OCCCN1CCCC1,test,test,test,4,4,0.35164836,0.35164836,0.35164836
Nc1n[nH]c2cccc(-c3ccc(F)cc3)c12,test,test,train,2,2,0.61702126,0.61702126,0.48214287
COC(=O)c1c(-c2ccc(NC(=O)Nc3ccccc3)cc2)c2c(N)ncnn2c1C,train,train,train,2,2,0.421875,0.421875,0.421875
Cc1nnc(-c2ccccc2)c(C#N)n1,train,train,train,4,4,0.24,0.24,0.26785713
Cn1cc(-c2cnc(N)c3c(-c4ccc(NC(=O)Nc5ccc(OC(F)F)cc5)cc4)csc23)cn1,train,train,train,2,2,0.8030303,0.8030303,0.8030303
COc1cc2c(Nc3ccc(Br)cc3F)ncnc2cc1OCC1CCN(C)CC1,test,test,train,4,4,0.33333334,0.33333334,0.33333334
Cc1ccc(Nc2nccc(N(C)c3ccc4c(C)n(C)nc4c3)n2)cc1S(N)(=O)=O,train,train,train,4,4,0.29411766,0.29411766,0.29411766
CC(=O)Nc1cc2ccccn2n1,test,test,train,4,4,0.3125,0.3125,0.3125
Nc1nccc2cnc(-c3ccccc3)n12,train,train,train,4,4,0.5405405,0.5405405,0.5405405
Cc1cccc(NC(=O)Nc2ccc(-c3csc4c(C#CCN5CCCC5)cnc(N)c34)cc2)c1,test,test,train,2,2,0.87323946,0.87323946,0.87323946
CC(C)c1cc(=O)[nH]c2[nH][nH]c(=O)c12,train,train,train,4,4,0.23076923,0.23076923,0.23076923
c1cc2cc(-c3ccc4cn[nH]c4c3)cnc2[nH]1,test,test,train,4,4,0.46153846,0.46153846,0.3442623
CCN(CC)CCCNC(=O)c1cnc(N)c2c(-c3ccc(NC(=O)Nc4cccc(C)c4)cc3)csc12,train,train,train,2,2,0.8472222,0.8472222,0.8472222
O=C(Nc1cccc(-c2nc3sccn3c2-c2ccnc(Nc3cccc(N4CCOCC4)c3)n2)c1Cl)c1ccccc1F,test,test,test,4,4,0.73913044,0.73913044,0.73913044
CCN1CCN(Cc2ccc(NC(=O)Nc3ccc(Oc4cc(NC)ncn4)cc3)cc2C(F)(F)F)CC1,train,train,train,4,4,0.4,0.4,0.4
CCc1c(-c2ccc(C(C)=O)cc2)[nH]c2nccnc12,train,train,train,4,4,0.6744186,0.6744186,0.6744186
Cc1ccc(F)c(NC(=O)Nc2ccc(-c3coc4c(C#CCN5CCOCC5)cnc(N)c34)cc2)c1,train,train,test,2,2,0.60465115,0.60465115,0.60465115
CCOc1ccc(NC(=O)Nc2ccc(-c3csc4c(-c5cnn(C)c5)cnc(N)c34)cc2)cc1,train,train,train,2,2,0.78125,0.78125,0.7966102
c1ccc(CNc2nc(Nc3cc(C4CC4)[nH]n3)c3sccc3n2)cc1,train,train,test,4,4,0.4,0.4,0.4
CNC(=O)c1cc(Oc2ccc(NC(=O)Nc3ccc(Cl)c(C(F)(F)F)c3)cc2)ccn1,train,train,train,4,4,0.7118644,0.7118644,0.7118644
CNC(=O)C=Cc1cnc(N)c2c(-c3cc(F)c4[nH]c(C)cc4c3)csc12,train,train,train,2,2,0.61764705,0.61764705,0.61764705
O=C(Nc1cnc2[nH]cc(-c3ccccc3)c2c1)c1c(F)cccc1F,test,test,train,4,4,0.8,0.8,0.8
O=c1[nH]c2cc(Br)cnc2[nH]1,train,train,train,4,4,0.42857143,0.42857143,0.26666668
CNC(=O)c1cnc(N)c2c(-c3ccc(NC(=O)Nc4cccc(Cl)c4)cc3)csc12,train,train,train,2,2,0.6865672,0.6865672,0.6865672
Cc1cc(Nc2nc(Cl)cc(NCc3ccccc3)n2)n[nH]1,train,train,train,4,4,0.43333334,0.43333334,0.43333334
NC(=O)c1cc2ccncc2s1,train,train,train,4,4,0.27272728,0.27272728,0.24193548
O=C(O)c1ccccc1Nc1ccnc(Nc2ccc([N+](=O)[O-])cc2)n1,train,train,train,4,4,0.59322035,0.59322035,0.6296296
Cc1cc(-c2ccccc2)n(-c2cc(NN=Cc3ccco3)ncn2)n1,train,train,train,4,4,0.24637681,0.24637681,0.2345679
Cc1cccc(NC(=O)Nc2ccc(-c3csc4c(C#CCCCCCCCCN)cnc(N)c34)cc2)c1,train,train,train,2,2,0.8333333,0.8333333,0.8333333
Cc1cccc(NC(=O)Nc2ccc(-c3csc4c(-c5cnn(C)c5)cnc(N)c34)cc2)c1,train,train,train,2,2,0.72727275,0.72727275,0.8448276
COc1cc(Nc2ncnc(N3CCCc4cc(C)ccc43)n2)cc(OC)c1OC,train,train,train,4,4,0.3768116,0.3768116,0.3768116
CC(C)(C)c1ccc2nc(-c3n[nH]c4ccccc34)[nH]c2c1,train,train,train,4,4,0.47692308,0.47692308,0.47692308
CNC1CC2OC(C)(C1OC)n1c3ccccc3c3c4c(c5c6ccccc6n2c5c31)C(=O)NC4,test,test,train,4,4,0.17977528,0.17977528,0.17977528
CCN(CC)CCNC(=O)C=Cc1cnc(N)c2c(-c3ccc(NC(=O)Nc4cccc(C)c4)cc3)csc12,test,test,train,2,2,0.7051282,0.7051282,0.7051282
Nc1nnc2cncc(Cl)n12,train,train,train,4,4,0.3255814,0.3255814,0.23809524
S=c1[nH]nc2c3c4c(sc3n3c(=S)[nH]nc3n12)CCC4,train,train,train,4,4,0.12658228,0.12658228,0.12903225
Cc1cccc(NC(=O)Nc2ccc(-c3cnc4c(-c5cnn(C)c5)cnn4c3N)cc2)c1,train,train,test,2,2,0.7846154,0.7846154,0.6617647
O=c1[nH]cnc2c(Cl)cccc12,test,test,test,4,4,0.27450982,0.27450982,0.24590164
CN(C)CC(O)COc1ccc(Nc2nccc(Nc3cc(Cl)ccc3Cl)n2)cc1,train,train,test,4,4,0.32,0.32,0.32
Nc1n[nH]c2cccc(-c3ccc(NC(=O)Nc4cccc(F)c4)cc3)c12,train,train,test,2,2,0.65,0.65,0.65
Cc1ccc(-c2nn(C(C)(C)C)c3ncnc(N)c23)cc1,train,train,train,2,2,0.43137255,0.43137255,0.43137255
Cc1cc(=O)n2ccc(CN(C)C)c(O)c2n1,train,train,train,4,4,0.2278481,0.2278481,0.22666667
Cc1cccc(NC(=O)Nc2ccc(-c3csc4ccnc(N)c34)cc2)c1,test,test,test,2,2,0.71428573,0.71428573,0.71428573
CCN(C(C)=O)c1ccc(Nc2nc(NC3CC3)c3nc[nH]c3n2)cc1,train,train,train,4,4,0.33333334,0.33333334,0.31034482
Cn1cc(-c2cc3nc(Br)cnc3[nH]2)c2ccccc21,train,train,train,4,4,0.78723407,0.78723407,0.78723407
Cc1cccc(NC(=O)Nc2ccc(-c3csc4c(C#CCN)cnc(N)c34)cc2)c1,train,train,train,2,2,0.84375,0.84375,0.87096775
CN1CCN(c2ccc3nc(-c4c(N)c5c(F)cccc5[nH]c4=O)[nH]c3c2)CC1,train,train,test,4,4,0.2804878,0.2804878,0.2777778
CC(=O)c1cccc(-c2ccc3nccn3n2)c1,train,train,train,4,4,0.28333333,0.28333333,0.28846154
COc1ccccc1-c1ccnc(Nc2cccc(S(C)(=O)=O)c2)n1,train,train,train,4,4,0.35135135,0.35135135,0.36231884
Cc1nc(N)sc1-c1ccnc(Nc2ccc(N3CCOCC3)cc2)n1,train,train,train,4,4,0.60655737,0.60655737,0.5522388
NC(=O)c1cccc(-c2cnc3[nH]cc(-c4ccccc4)c3c2)c1,train,train,train,4,4,0.50877196,0.50877196,0.5272727
Cc1cccc(NC(=O)Nc2ccc(-c3csc4c(C#Cc5cccnc5)cnc(N)c34)cc2)c1,test,test,train,2,2,0.75,0.75,0.75
Cc1ccc(F)c(NC(=O)Nc2ccc(-c3c(F)ccc4[nH]nc(N)c34)cc2)c1,train,train,train,2,2,0.5147059,0.5147059,0.50769234
CCN(CC)CCOc1ccc(Nc2ncc3cc(-c4c(Cl)cccc4Cl)c(=O)n(C)c3n2)cc1,train,train,train,4,4,0.5972222,0.5972222,0.5972222
CC(=O)NCC(=O)N1C2CCC1c1cc(Nc3ncc(C(F)(F)F)c(NC4CCC4)n3)ccc12,train,train,train,4,4,0.31034482,0.31034482,0.31034482
CCC(=O)Nc1ccc(C(=O)N2CCNCC2)c(O)c1,train,train,test,4,4,0.31578946,0.31578946,0.31578946
Nc1c(-c2ccc(NC(=O)Nc3cccc(C(F)(F)F)c3)cc2)cnc2c(-c3ccc4c(c3)OCO4)cnn12,test,test,train,2,2,0.75714284,0.75714284,0.43373495
Nc1ccc(-c2csc3c(C=Cc4nc5ccccc5[nH]4)cnc(N)c23)cc1,train,train,train,2,2,0.41095892,0.41095892,0.41095892
O=C(O)c1ccc(Nc2ncc3c(n2)-c2ccc(Cl)cc2C(c2c(F)cccc2F)=NC3)cc1,test,test,train,4,4,0.6944444,0.6944444,0.6944444
Nc1ncnc2scc(-c3ccccc3)c12,train,train,test,2,2,0.6666667,0.6666667,0.6666667
O=c1[nH][nH]c2ccc(Br)cc12,test,test,train,4,4,0.32,0.32,0.3478261
COc1ccc2[nH]cc(C=C3C(=O)Nc4ccccc43)c2c1,train,train,test,4,4,0.68085104,0.68085104,0.68085104
NC(=O)c1cc2c(-c3ccc(Nc4nc5ccccc5o4)cc3)cnc(N)c2s1,train,train,test,4,4,0.30952382,0.30952382,0.30952382
Cc1cccc(-c2cccc3onc(N)c23)c1,train,train,train,2,2,0.56,0.56,0.56
O=C(Nc1cccc(C(F)(F)F)n1)Nc1ccnc2ccc(Cl)cc12,train,train,train,4,4,0.84313726,0.84313726,0.84313726
O=C1NN=Cc2c[nH]c3cc(NC(=O)C4CC4c4ccccc4)cc1c23,test,test,train,4,4,0.33333334,0.33333334,0.33333334
Cc1cccc(NC(=O)Nc2ccc(-c3coc4ncnc(N)c34)cc2)c1,train,train,train,2,2,0.6666667,0.6666667,0.6666667
Clc1cc(Nc2nc(NC3CC3)c3sccc3n2)ccc1N1CCOCC1,train,train,test,4,4,0.4520548,0.4520548,0.4520548
O=c1[nH]c2ccc(Cl)cc2c2ncnn12,train,train,test,4,4,0.265625,0.265625,0.265625
CN1CCN(c2ccc(C(=O)Nc3n[nH]c4ccc(Cc5cc(F)cc(F)c5)cc34)c(NC3CCOCC3)c2)CC1,train,train,train,4,4,0.30927834,0.30927834,0.30927834
COC(=O)c1c(N)nc2ccccn12,train,train,train,4,4,0.31746033,0.31746033,0.31746033
Cn1cc(-c2cc3nc(Br)cnc3[nH]2)c2cc(F)ccc21,train,train,train,4,4,0.78723407,0.78723407,0.78723407
CC(C)NC1=NNC(=O)C1=Cc1cc2ccccc2[nH]1,train,train,train,4,4,0.24590164,0.24590164,0.24590164
Cn1cc(-c2cnc(N)c3c(-c4ccc(NC(=O)Nc5cccc(F)c5)cc4)csc23)cn1,test,test,train,2,2,0.82539684,0.82539684,0.82539684
Nc1ccc(-c2cccn3c(=O)[nH]nc23)cc1,test,test,train,4,4,0.26,0.26,0.3125
Cc1cccc(NC(=O)Nc2ccc(-c3csc4c(C#CCN(C)C)cnc(N)c34)cc2)c1,train,train,train,2,2,0.8787879,0.8787879,0.8787879
COCCOC1CCC(n2nc(-c3ccc(Nc4nc5cc(C)cc(C)c5o4)cc3)c3c(N)ncnc32)CC1,train,train,train,4,4,0.8701299,0.8701299,0.8701299
O=C1Nc2ccccc2C1=Cc1c[nH]c2ccccc12,train,train,train,4,4,0.68085104,0.68085104,0.37037036
Cc1cc(C)cc(NC(=O)Nc2ccc(-c3c(C)sc4ncnc(N)c34)cc2)c1,test,test,train,2,2,0.55,0.55,0.55
COc1ccc(C=NNc2ncnc3c2[nH]c2ccccc23)cc1OC,test,test,train,4,4,0.25301206,0.25301206,0.25301206
Cc1cccc(NC(=O)Nc2ccc(-c3csc4ncnc(N)c34)cc2)c1,train,train,train,2,2,0.78,0.78,0.78
CC1=CN2CC(=O)NN=C2C=C1,test,test,test,4,4,0.16666667,0.16666667,0.16666667
CNCC#Cc1cnc(N)c2c(-c3ccc(NC(=O)Nc4cccc(C)c4)cc3)csc12,test,test,train,2,2,0.87096775,0.87096775,0.87096775
ON=C(c1nc2ccccc2[nH]1)c1nc2ccccc2[nH]1,train,train,train,4,4,0.30232558,0.30232558,0.30232558
Cc1ccc(NC(=O)Nc2ccc(-c3csc4ncnc(N)c34)cc2)cc1C,train,train,train,2,2,0.7735849,0.7735849,0.7735849
Nc1nc(=O)[nH]c2sccc12,train,train,train,4,4,0.35135135,0.35135135,0.35135135
Cn1cc(-c2cnn3c(N)c(-c4ccc(NC(=O)Nc5cccc(C(F)(F)F)c5)cc4)cnc23)cn1,train,train,test,2,2,0.7846154,0.7846154,0.75714284
Cc1cccc(Nc2nc(NC3CCCCC3N)cnc2C(N)=O)c1,test,test,train,4,4,0.30487806,0.30487806,0.30555555
COc1cc(N2CCC(N3CCN(C)CC3)CC2)ccc1Nc1ncc(Cl)c(Nc2ccccc2S(=O)(=O)C(C)C)n1,test,test,train,4,4,0.46341464,0.46341464,0.46341464
CN1CCN(c2ccc(-c3cnc4c(c3)N(Cc3c(F)ccc(F)c3Cl)CCN4)cn2)CC1,train,train,test,4,4,0.70149255,0.70149255,0.26190478
CCC(N)(C#Cc1cnc(N)c2c(-c3ccc(NC(=O)Nc4cccc(C)c4)cc3)csc12)CC,train,train,train,2,2,0.84126985,0.84126985,0.84126985
COc1ccc(-n2ccc3cnc(Nc4cc(OC)c(OC)c(OC)c4)nc32)cc1,train,train,train,4,4,0.43283582,0.43283582,0.43283582
Nc1ncc2cccc(-c3ccccc3)n12,train,train,train,4,4,0.5405405,0.5405405,0.5405405
CC(Nc1cncc(-n2cnc3ccc(C#N)cc32)n1)c1ccccc1F,train,train,train,4,4,0.278481,0.278481,0.278481
Nc1n[nH]c2cccc(-c3ccc(NC(=O)Nc4cccc(C(F)(F)F)c4)c(F)c3)c12,train,train,train,2,2,0.7704918,0.7704918,0.7704918
COc1cc(Nc2ncc([N+](=O)[O-])c(Nc3ccccc3C(N)=O)n2)cc(OC)c1OC,train,train,train,4,4,0.4861111,0.4861111,0.4861111
O=C1Nc2cc(-c3ccc(O)cc3)ccc2C1=Cc1ccc[nH]1,train,train,train,4,4,0.42028984,0.42028984,0.42028984
CCN(CC)CC#Cc1cnc(N)c2c(-c3ccc(NC(=O)Nc4cccc(C)c4)cc3)csc12,train,train,train,2,2,0.8787879,0.8787879,0.8787879
c1nc(-c2ccc3c(c2)OCO3)c2cc[nH]c2n1,train,train,train,4,4,0.36507937,0.36507937,0.3846154
O=C(Nc1cccc(C2Nc3ccc4ccccc4c3C3C=CCC32)c1)c1ccc(F)cc1,train,train,train,4,4,0.30864197,0.30864197,0.30864197
COc1cc(-c2csc3c(C=CC(=O)NCCN(C)C)cnc(N)c23)ccc1NC(=O)c1cc2ccccc2n1C,train,train,train,2,2,0.44761905,0.44761905,0.47474748
CCN(CC)CCNC(=O)c1cccc(-n2nc(C(C)(C)C)cc2NC(=O)Nc2cccc3ccccc23)c1,test,test,test,4,4,0.7536232,0.7536232,0.7536232
Nc1ncnc2scc(-c3ccc(NC(=O)Nc4ccccc4)cc3)c12,train,train,train,2,2,0.78,0.78,0.78
C#Cc1cn(C2CCCC2)c2ncnc(N)c12,train,train,test,4,4,0.375,0.375,0.375
CCc1c(-c2ccc(C(C)(C)O)cc2)[nH]c2nccnc12,train,train,train,4,4,0.6744186,0.6744186,0.6744186
O=C(Nc1cccc(C(F)(F)F)n1)Nc1ccnc2cc(Cl)ccc12,train,train,train,4,4,0.84313726,0.84313726,0.84313726
COc1ccc2c(c1)c(-c1cc3nc(Br)cnc3[nH]1)cn2C,train,train,train,4,4,0.75510204,0.75510204,0.75510204
COc1cccc(OC)c1CNc1nc(NC2CCCCC2)nc2ccc(Cl)cc12,test,test,test,4,4,0.3,0.3,0.3
CC(C)S(=O)(=O)n1c(N)nc2ccc(-c3c(-c4ccc(F)cc4)nc4sccn34)cc21,train,train,test,2,2,0.2535211,0.2535211,0.2535211
COc1cc(-c2ccc3c(c2)Nc2ccc(C(=O)NCCCN(C)C)cc2NC3=O)ccc1O,train,train,train,4,4,0.28735632,0.28735632,0.50769234
COc1ccc(-c2ccc(NC(=O)Nc3cc(F)cc(F)c3)cc2)c2c(N)noc12,train,train,train,2,2,0.7241379,0.7241379,0.516129
NC(=O)c1ccc(-c2c[nH]c3nccc(Cl)c23)cc1,train,train,train,4,4,0.4,0.4,0.4
Nc1ncnc2c1N=C(c1ccccc1)CCN2,train,train,train,4,4,0.5254237,0.5254237,0.5254237
Cc1cccc(NC(=O)Nc2ccc(-c3csc4c(-c5cn[nH]c5)cnc(N)c34)cc2)c1,train,train,train,2,2,0.72727275,0.72727275,0.72727275
CCc1nc(Nc2ccc(N3CCOCC3)c(Cl)c2)nc2[nH]ccc12,train,train,train,4,4,0.80701756,0.80701756,0.80701756
O=C1Cc2c([nH]c3ccc([N+](=O)[O-])cc23)-c2ccccc2N1,train,train,train,4,4,0.45762712,0.45762712,0.67346936
Cc1cnc(Nc2cccc(S(N)(=O)=O)c2)nc1Nc1ccc(OCC(N)=O)cc1,train,train,train,4,4,0.5970149,0.5970149,0.5970149
Cc1ccc(-c2cc3nc(Br)cnc3[nH]2)cc1,train,train,train,4,4,0.5208333,0.5208333,0.5208333
Nc1ncnc2c1c(-c1cnc3[nH]ccc3c1)nn2C1CCCC1,test,test,train,4,4,0.4,0.4,0.4
COc1ccc(NC(=O)Nc2ccc(-c3csc4c(-c5cnn(CC(O)CO)c5)cnc(N)c34)cc2)cc1,test,test,train,2,2,0.8181818,0.8181818,0.8181818
Nc1ncc(-c2ccoc2)c2scc(-c3ccc(NC(=O)Nc4ccccc4F)cc3)c12,train,train,train,2,2,0.7619048,0.7619048,0.7619048
COc1c(-c2nc3ccccc3[nH]2)c(O)cc2oc(C)cc(=O)c12,test,test,train,4,4,0.27941176,0.27941176,0.27941176
Clc1cc2nnc(-c3ccccc3)n2cn1,train,train,train,4,4,0.2826087,0.2826087,0.2826087
CCNc1nc(C)c(-c2ccnc(Nc3ccc(N4CCN(C(C)=O)CC4)cc3)n2)s1,train,train,train,4,4,0.6060606,0.6060606,0.5522388
CC(C)Cc1nc(Nc2ccc(N3CCOCC3)c(Cl)c2)nc2[nH]ccc12,train,train,train,4,4,0.80701756,0.80701756,0.80701756
CC(=O)c1ccccc1-c1ncnc2[nH]ccc12,test,test,train,4,4,0.3846154,0.3846154,0.3846154
COc1cc(-c2nn(C3CCC(N4CCN(C(C)=O)CC4)CC3)c3ncnc(N)c23)ccc1NC(=O)c1cc2ccccc2n1C,train,train,train,4,4,0.44761905,0.44761905,0.44761905
Nc1ncc(-c2cnn(CCO)c2)c2scc(-c3ccc(NC(=O)Nc4ccc(OC(F)F)cc4)cc3)c12,train,train,train,2,2,0.8030303,0.8030303,0.8030303
Fc1cccc(CNc2ncnc3[nH]cnc23)c1,train,train,test,4,4,0.46551725,0.46551725,0.46551725
NC1CCC(Nc2nc(Cl)cc(-c3c[nH]c4ncccc34)n2)CC1,train,train,train,4,4,0.8269231,0.8269231,0.8269231
Cn1nc(N)c2c(-c3ccc(NC(=O)Nc4ccc(F)c(C(F)(F)F)c4)cc3)ccnc21,train,train,train,2,2,0.5,0.5,0.45833334
CN1CCN(c2ccc(-c3cnc4c(c3)N(Cc3cc(Cl)ccc3C(F)(F)F)CCN4)cn2)CC1,train,train,test,4,4,0.70149255,0.70149255,0.26436782
Cc1cccc(NC(=O)Nc2ccc(-c3csc4c(C#CCN5CCOCC5)cnc(N)c34)cc2)c1,train,train,train,2,2,0.7605634,0.7605634,0.87323946
Cc1cccc(NC(=O)Nc2ccc(-c3cncc4[nH]nc(N)c34)cc2)c1,test,test,train,2,2,0.6101695,0.6101695,0.5645161
Clc1cc(-c2c[nH]c3ncccc23)cc(NCc2ccccc2)n1,train,train,train,4,4,0.4375,0.4375,0.4375
Cc1cc(Nc2ncc(F)c(NC3C4C=CC(C4)C3C(N)=O)n2)ccc1N1CCN(C)CC1,train,train,train,4,4,0.3529412,0.3529412,0.31111112
O=c1c(NCc2cccc(C(F)(F)F)c2)c(Nc2ccncc2)c1=O,train,train,train,4,4,0.28169015,0.28169015,0.32352942
Nc1ncnc2sccc12,train,train,train,4,4,0.4054054,0.4054054,0.35135135
O=C(Cc1ccc(-c2cccnc2)cc1)Nc1ccc(SC(F)F)cc1,train,train,train,4,4,0.26666668,0.26666668,0.328125
COc1ccc(NC(=O)Nc2ccc(-c3csc4c(-c5cnn(CC(C)(C)O)c5)cnc(N)c34)cc2)cc1,test,test,test,2,2,0.8030303,0.8030303,0.8030303
Nc1n[nH]c2nccc(-c3ccc(NC(=O)Nc4cc(C(F)(F)F)ccc4F)cc3)c12,train,train,test,2,2,0.6119403,0.6119403,0.6119403
C=Cc1ccc(-c2cccc3nnc(N)n23)cc1,train,train,test,4,4,0.35555556,0.35555556,0.35555556
Cc1cc(C)cc(NC(=O)Nc2ccc(-c3cccc4c3CNC4=O)c(C)c2)c1,train,train,train,4,4,0.390625,0.390625,0.390625
Cc1ccc(-c2cnc(N)c3c(-c4ccc(NC(=O)Nc5cccc(F)c5)cc4)csc23)cn1,train,train,test,2,2,0.7741935,0.7741935,0.7777778
Nc1ncnc2c1N=C(c1ccc(NC(=O)Nc3cccc(C(F)(F)F)c3)cc1)CCN2,train,train,train,2,2,0.5254237,0.5254237,0.5254237
NC(=O)c1c(OCc2c(F)cc(Br)cc2F)nsc1NC(=O)NCCCCN1CCCC1,train,train,train,4,4,0.22222222,0.22222222,0.22222222
O=C(NN=Cc1ccc(O)cc1O)Nc1cccc2nsnc12,train,train,test,4,4,0.22666667,0.22666667,0.32786885
O=C(O)c1ccccc1Nc1ccnc(Nc2ccc3[nH]ncc3c2)n1,train,train,train,4,4,0.59322035,0.59322035,0.64285713
N#CC1=C(c2ccccc2)CC(c2ccc(Cl)cc2)C(C(=O)c2ccccc2)C1=O,test,test,train,4,4,0.25333333,0.25333333,0.25333333
CNC(=O)C=Cc1cnc(N)c2c(-c3ccc4sc(C)nc4c3)csc12,train,train,train,2,2,0.61764705,0.61764705,0.61764705
O=C1NC(=O)c2c1c(-c1ccccc1Cl)cc1[nH]c3ccc(O)cc3c21,train,train,train,4,4,0.28985506,0.28985506,0.265625
COc1cc(-c2ccc3c(c2)Nc2c(O)cccc2NC3=O)ccc1O,test,test,train,4,4,0.50769234,0.50769234,0.50769234
CNC(=O)c1ccccc1Sc1ccc2c(C=Cc3ccccn3)n[nH]c2c1,train,train,train,4,4,0.24358974,0.24358974,0.24324325
Cc1cccc(NC(=O)Nc2ccc(-c3csc4c(C#CC(C)(C)N)cnc(N)c34)cc2)c1,train,train,train,2,2,0.84126985,0.84126985,0.84126985
CCN(CC)CCCNC(=O)c1cnc(N)c2c(-c3ccc(NC(=O)Nc4cccc(F)c4)cc3)csc12,train,train,train,2,2,0.8472222,0.8472222,0.8472222
Cc1cc(C)cc(NC(=O)Nc2ccc(-c3cccc4onc(N)c34)cc2)c1,train,train,train,2,2,0.56,0.56,0.56
COc1cc(Nc2ncc3c(n2)-c2ccc(Cl)cc2C(c2c(F)cccc2OC)=NC3)ccc1C(=O)O,train,train,train,4,4,0.3218391,0.3218391,0.6944444
Cc1cc(C)c2oc(Nc3ccc(-c4cccc(C(N)=O)c4N)cc3F)nc2c1,train,train,train,2,2,0.35106382,0.35106382,0.35106382
Nc1nc(Nc2ccc(S(N)(=O)=O)cc2)nn1C(=O)c1c(F)cccc1F,train,train,train,4,4,0.34246576,0.34246576,0.34246576
Cc1ccc(NC(=O)Nc2ccc(-c3csc4c(-c5cnn(C)c5)cnc(N)c34)cc2)cc1,test,test,train,2,2,0.8448276,0.8448276,0.8448276
NC(=O)c1ccc2nc(-c3ccc([N+](=O)[O-])o3)cn2c1,train,train,train,4,4,0.23287672,0.23287672,0.23287672
Cn1nc(N)c2c(-c3ccc(NC(=O)Nc4cccc(C(F)(F)F)c4)cc3)ccnc21,test,test,test,2,2,0.7419355,0.7419355,0.7419355
CN1CCN(c2ccc(Nc3ncc(Cl)c(Nc4ccc5[nH]ncc5c4)n3)cc2)CC1,train,train,test,4,4,0.3888889,0.3888889,0.3888889
O=C(NN=Cc1cc(Br)c(O)c(Br)c1)Nc1ccccc1,test,test,train,4,4,0.32786885,0.32786885,0.29090908
N#Cc1cccc(NC(=O)Nc2ccnc3cc(C(F)(F)F)ccc23)n1,train,train,train,4,4,0.59016395,0.59016395,0.59016395
COC(C(=O)N1Cc2[nH]nc(NC(=O)c3ccc(N4CCN(C)CC4)cc3)c2C1)c1ccccc1,train,train,train,4,4,0.30927834,0.30927834,0.30927834
O=C(Nc1ccc([N+](=O)[O-])cc1)N1CCc2[nH]c3c(Cl)cc(Cl)cc3c2C1,test,test,train,4,4,0.25641027,0.25641027,0.2625
CC(C)Nc1nccc(Nc2ncc(-c3ccccc3)s2)n1,train,train,test,4,4,0.29310346,0.29310346,0.31746033
O=C1Cc2cc(-c3ccccc3)cnc2N1,train,train,train,4,4,0.2962963,0.2962963,0.2962963
O=C1Cc2c([nH]c3ccc(Br)cc23)-c2ncccc2N1,train,train,train,4,4,0.45762712,0.45762712,0.67346936
COCCOC1CCC(n2nc(-c3ccc(Nc4nc5cc(C)cc(Cl)c5o4)cc3)c3c(N)ncnc32)CC1,train,train,train,4,4,0.8701299,0.8701299,0.8701299
Nc1ncc(-c2ccncc2)c2scc(-c3ccc(NC(=O)Nc4cc(C(F)(F)F)ccc4F)cc3)c12,train,train,test,2,2,0.72307694,0.72307694,0.72307694
CNC(=O)c1cnc(N)c2c(-c3ccc(NC(=O)Nc4cc(C)ccc4F)cc3)csc12,train,train,train,2,2,0.6865672,0.6865672,0.6865672
Nc1cc(=O)[nH]n1-c1ccccn1,train,train,train,4,4,0.27659574,0.27659574,0.27659574
Cc1ccc(Nc2nc3ccc([N+](=O)[O-])cc3[nH]2)nc1,train,train,test,4,4,0.3114754,0.3114754,0.3114754
COc1ccc(-c2ccc(N)cc2)c2cnoc12,train,train,train,2,2,0.36666667,0.36666667,0.36666667
Cc1cc(Nc2cc(N3CCN(C)CC3)nc(C=Cc3ccccc3)n2)n[nH]1,train,train,test,4,4,0.36363637,0.36363637,0.36363637
CCOC(=O)C1=c2sc(=Cc3ccco3)c(=O)n2C(N)=C(C#N)C1c1ccco1,train,train,train,4,4,0.18681319,0.18681319,0.18681319
Nc1ncc(-c2ccoc2)c2scc(-c3ccc(NC(=O)Nc4cccc(F)c4)cc3)c12,train,train,train,2,2,0.7741935,0.7741935,0.7619048
O=C1Cc2c([nH]c3ccc(Br)cc23)-c2ccccc2N1,test,test,train,4,4,0.67346936,0.67346936,0.67346936
N#Cc1ccc2nc(N)n(-c3nc(-c4ccccc4)cs3)c2c1,test,test,train,4,4,0.26923078,0.26923078,0.26923078
Cc1n[nH]c2ccc(-c3cccnc3)cc12,train,train,train,4,4,0.28985506,0.28985506,0.3272727
CN(C)c1c(NC(=O)c2c(F)cccc2F)cccc1-c1nc2sccn2c1-c1ccnc(Nc2cccc(N3CCOCC3)c2)n1,train,train,train,4,4,0.4181818,0.4181818,0.4181818
CCN(CCN)C(=O)c1cccc(-n2nc(C(C)(C)C)cc2NC(=O)Nc2cccc3ccccc23)c1,train,train,train,4,4,0.28915662,0.28915662,0.28915662
CN(C)c1ccc(-c2cc(-c3ccc([N+](=O)[O-])cc3)nc(NS(=O)(=O)c3ccc(N)cc3)n2)cc1,train,train,test,4,4,0.26136363,0.26136363,0.30555555
CCCNC(=O)c1ccc(Nc2nc(NCC(F)(F)F)c3cc[nH]c3n2)cc1,train,train,test,4,4,0.33333334,0.33333334,0.33333334
CN1CCN(C2CCC(n3cc(-c4ccc(Oc5ccccc5)cc4)c4c(N)ncnc43)CC2)CC1,train,train,train,4,4,0.375,0.375,0.34408602
O=C(Nc1nc2ccccc2s1)c1cccc2c1CN(c1nc(C(=O)O)c(-c3ccc(CO)cc3)s1)CC2,train,train,train,4,4,0.26506025,0.26506025,0.26506025
CNc1nc(C)c(-c2ccnc(Nc3ccc(N4CCNCC4)cc3)n2)s1,train,train,test,4,4,0.60655737,0.60655737,0.60655737
Cn1nc(N)c2c(-c3ccc(NC(=O)Nc4cccc(Cl)c4)cc3)cncc21,train,train,train,2,2,0.51428574,0.51428574,0.5151515
Nc1ncc(-c2cnn(CCO)c2)c2scc(-c3ccc(NC(=O)Nc4cccc(F)c4)cc3)c12,train,train,test,2,2,0.8787879,0.8787879,0.8787879
Cc1ccc(NCc2ccc(-c3ccc(F)cc3)nc2)cc1,train,train,train,1,1,0.3125,0.3125,0.3125
Cc1cc2cc(-c3csc4c(-c5cccc(S(C)(=O)=O)c5)cnc(N)c34)ccc2[nH]1,train,train,train,2,2,0.42307693,0.42307693,0.42307693
O=C(O)c1ccccc1Nc1ccnc(Nc2cccc(O)c2)n1,test,test,train,4,4,0.64285713,0.64285713,0.64285713
CNS(=O)(=O)c1ccccc1Nc1nc(Nc2cc(OC)c(OC)c(OC)c2)ncc1Cl,train,train,train,4,4,0.4861111,0.4861111,0.4861111
O=C(Nc1cnc2[nH]cc(-c3ccccc3)c2c1)c1cccc(F)c1F,train,train,train,4,4,0.50877196,0.50877196,0.8
CC(C)n1nc(-c2ccc3ccccc3c2)c2c(N)ncnc21,train,train,train,4,4,0.7659575,0.7659575,0.7659575
COc1ccc2cc(-c3nn(C(C)C)c4ncnc(N)c34)ccc2c1,train,train,train,2,2,0.79591835,0.79591835,0.79591835
CCOc1ccc2cc(-c3nn(C(C)C)c4ncnc(N)c34)ccc2c1,train,train,train,2,2,0.79591835,0.79591835,0.79591835
CC(C)n1nc(-c2cnc3ccccc3c2)c2c(N)ncnc21,train,train,train,4,4,0.7291667,0.7291667,0.7291667
CC(C)n1nc(-c2cc3c(Cl)cccc3[nH]2)c2c(N)ncnc21,train,train,train,4,4,0.5,0.5,0.5
COc1ccc(-c2nn(CC3CCNCC3)c3ncnc(N)c23)cc1C,train,train,train,4,4,0.3970588,0.3970588,0.3970588
COC(=O)Nc1nc2ccc(C(=O)c3ccccc3)cc2[nH]1,train,train,train,4,4,0.5681818,0.5681818,0.5681818
Nc1nc2ccc(C(=O)c3ccccc3)cc2[nH]1,train,train,train,4,4,0.5681818,0.5681818,0.5681818
C(=C\n1ncc2c(NCCc3ccccc3)ncnc21)\c1ccccc1,train,train,train,4,4,0.66071427,0.66071427,0.66071427
ClC(Cn1ncc2c(NCc3ccccc3Br)ncnc21)c1ccc(Br)cc1,train,train,test,0,0,0.83928573,0.83928573,0.7
Fc1ccc(CNc2ncnc3c2cnn3CC(Cl)c2ccc(Br)cc2)cc1F,train,train,test,0,0,0.78688526,0.78688526,0.78688526
Clc1ccccc1CNc1ncnc2c1cnn2CC(Cl)c1ccc(Br)cc1,train,train,test,0,0,0.83928573,0.83928573,0.8245614
ClC(Cn1ncc2c(Nc3ccccc3)ncnc21)c1ccc(Br)cc1,train,train,train,0,0,0.6896552,0.6896552,0.71428573
Fc1cccc(CNc2ncnc3c2cnn3CC(Cl)c2ccc(Br)cc2)c1,train,train,train,0,0,0.8448276,0.8448276,0.8448276
CCCCNc1nc(SCC)nc2c1cnn2CC(Cl)c1ccccc1,train,train,test,0,0,0.8888889,0.8888889,0.8545455
Nc1ncnc2c1c(-c1ccc(Cl)cc1)nn2-c1cccc(-c2cnnn2CCCCCC(=O)NO)c1,test,test,test,4,4,0.3139535,0.3139535,0.3139535
Cc1[nH]c(/C=C2\C(=O)Nc3ccc(F)cc32)c(C)c1NC(=O)CCN1CCN(C)CC1,test,test,test,1,1,0.30952382,0.30952382,0.3292683
CSc1nc(Nc2cccc(O)c2)c2cnn(CC(Cl)c3ccccc3)c2n1,train,train,test,0,0,0.8360656,0.8360656,0.8360656
CC(C)Sc1nc(Nc2cccc(O)c2)c2cnn(CC(Cl)c3ccccc3)c2n1,train,train,train,0,0,0.8360656,0.8360656,0.7352941
Oc1cccc(Nc2nc(SC3CCCC3)nc3c2cnn3CC(Cl)c2ccccc2)c1,train,train,train,0,0,0.75757575,0.75757575,0.7352941
ClC(Cn1ncc2c(Nc3cccc(Br)c3)nc(SCCN3CCOCC3)nc21)c1ccccc1,train,train,train,0,0,0.84615386,0.84615386,0.84615386
CCCC(=O)Nc1cccc(Nc2nccc(Nc3cc(C4CC4)[nH]n3)n2)c1,test,test,train,4,4,0.6944444,0.6944444,0.6944444
O=C(CCCCCC(=O)N1CCC[C@@H]1c1ccco1)Nc1cccc(Nc2nccc(Nc3cc(C4CC4)[nH]n3)n2)c1,train,train,test,4,4,0.67058825,0.67058825,0.67058825
C[C@@H](NC(=O)CCCCCC(=O)Nc1cccc(Nc2nccc(Nc3cc(C4CC4)[nH]n3)n2)c1)c1ccco1,train,train,train,4,4,0.67058825,0.67058825,0.6944444
O=C(Nc1cc2ccc(N3CCCCC3)cc2cn1)C1CC1,test,test,train,1,1,0.975,0.975,0.975
Clc1ccccc1-c1ccc2cc(Nc3ncccn3)ncc2c1,train,train,train,1,1,0.7906977,0.7906977,0.6
Clc1ccccc1-c1ccc2cc(Nc3ccccn3)ncc2c1,train,train,test,1,1,0.7906977,0.7906977,0.7906977
CSCNc1cc2ccc(-c3cc(F)ccc3Cl)cc2cn1,test,test,train,1,1,0.7446808,0.7446808,0.7446808
CNc1cc2ccc(-c3cc(F)ccc3Cl)cc2cn1,train,train,train,1,1,0.54901963,0.54901963,0.7446808
COc1ccc(Cl)cc1-c1ccc2cc(NC(=O)C3CC3)ncc2c1,train,train,train,1,1,0.7818182,0.7818182,0.7818182
Cc1ccc(F)cc1-c1ccc2cc(N)ncc2c1,train,train,train,1,1,0.64285713,0.64285713,0.64285713
Cc1ccc(F)cc1-c1ccc2cc(NC(=O)C3CCC3)ncc2c1,test,test,train,1,1,0.9591837,0.9591837,0.9591837
Cc1ccc(F)cc1-c1ccc2cc(NC(=O)C3CCCC3)ncc2c1,train,train,train,1,1,0.97959185,0.97959185,0.97959185
Cc1ccc(F)cc1-c1ccc2cc(NC(=O)C3CCCCC3)ncc2c1,train,train,train,1,1,0.97959185,0.97959185,0.97959185
Cc1ccc(F)cc1-c1ccc2cc(NC(=O)c3ccccc3)ncc2c1,train,train,test,1,1,0.875,0.875,0.875
Cc1ccc(F)cc1-c1ccc2cc(NC(=O)c3ccc(F)cc3)ncc2c1,train,train,train,1,1,0.875,0.875,0.877551
Cc1ccc(F)cc1-c1ccc2cc(NC(=O)C3(F)CC3)ncc2c1,train,train,train,1,1,0.8076923,0.8076923,0.8076923
Cc1ccc(F)cc1-c1ccc2cc(NC(=O)C3(C)CC3)ncc2c1,train,train,train,1,1,0.8076923,0.8076923,0.8076923
Cc1ccc(F)cc1-c1ccc2cc(NC(=O)C3CC3(F)F)ncc2c1,test,test,train,1,1,0.8076923,0.8076923,0.8076923
Cc1cnc(C)c(-c2ccc3cc(NC(=O)C4CC4)ncc3c2)c1,test,test,train,1,1,0.81632656,0.81632656,0.81632656
Nc1ccc(-c2ccc3cc(NC(=O)C4CC4)ncc3c2)cn1,train,train,train,1,1,0.76086956,0.76086956,0.76086956
N#Cc1ccncc1-c1ccc2cc(NC(=O)C3CC3)ncc2c1,test,test,train,1,1,0.78846157,0.78846157,0.78846157
N#Cc1ncc(F)cc1-c1ccc2cc(NC(=O)C3CC3)ncc2c1,train,train,train,1,1,0.75,0.75,0.75
Cc1c(Cl)cccc1-c1ccc2cc(NC(=O)C3CC3)ncc2c1,train,train,test,1,1,0.82,0.82,0.82
Cc1cc(F)ccc1-c1ccc2cc(NC(=O)C3CC3)ncc2c1,train,train,train,1,1,0.84,0.84,0.84
Cc1cc(Cl)ccc1-c1ccc2cc(NC(=O)C3CC3)ncc2c1,train,train,train,1,1,0.84,0.84,0.84
COc1ccc(F)cc1-c1ccc2cc(NC(=O)C3CC3)ncc2c1,train,train,train,1,1,0.8035714,0.8035714,0.7818182
CC(C)Oc1ccc(F)cc1-c1ccc2cc(NC(=O)C3CC3)ncc2c1,train,train,test,1,1,0.8035714,0.8035714,0.8035714
Cc1ccncc1-c1ccc2cc(NC(=O)C3CC3)ncc2c1,train,train,train,1,1,0.84615386,0.84615386,0.84615386
Cn1cc(-c2ccc3cc(NC(=O)C4CC4)ncc3c2)cn1,train,train,train,1,1,0.7058824,0.7058824,0.7058824
Cc1n[nH]c(C)c1-c1ccc2cc(NC(=O)C3CC3)ncc2c1,train,train,train,1,1,0.74,0.74,0.74
O=C(Nc1cc2ccc(-c3cc(O)ccc3Cl)cc2cn1)C1CC1,train,train,train,1,1,0.7755102,0.7755102,0.7755102
Cc1cc(F)c(F)cc1-c1ccc2cc(NC(=O)C3CC3)ncc2c1,train,train,train,1,1,0.86,0.86,0.86
Cc1ccc(F)cc1-c1ccc2cc(/N=C3/NC(C)(C)CO3)ncc2c1,train,train,train,1,1,0.50877196,0.50877196,0.50877196
O=C(Nc1cc2ccc(N3CCCC3)cc2cn1)C1CC1,train,train,train,1,1,0.82222223,0.82222223,0.975
O=C(Nc1cc2ccc(C3CCCCC3)cc2cn1)C1CC1,train,train,train,1,1,0.70454544,0.70454544,0.974359
CN1CCN(c2ccc3cc(NC(=O)C4CC4)ncc3c2)CC1,test,test,train,1,1,0.82222223,0.82222223,0.82222223
O=C(Nc1cc2ccc(C3CCCC3)cc2cn1)C1CC1,test,test,train,1,1,0.974359,0.974359,0.974359
Cc1ccc(F)cc1-c1ccc2cc(NC(=O)C3CCOCC3)ncc2c1,test,test,train,1,1,0.86538464,0.86538464,0.86538464
Cc1ccc(F)cc1-c1ccc2cc(NC(=O)C3CCN(C)CC3)ncc2c1,train,train,train,1,1,0.91071427,0.91071427,0.91071427
Cc1ccc(F)cc1-c1ccc2cc(NC(=O)c3ccncc3)ncc2c1,train,train,train,1,1,0.85714287,0.85714287,0.85714287
Cc1ccc(F)cc1-c1ccc2cc(NC(=O)c3ccccc3F)ncc2c1,train,train,train,1,1,0.8,0.8,0.8
COc1ccc(C(=O)Nc2cc3ccc(-c4cc(F)ccc4C)cc3cn2)cc1,test,test,train,1,1,0.877551,0.877551,0.877551
Cc1cccnc1-c1ccc2cc(NC(=O)C3CC3)ncc2c1,train,train,train,1,1,0.76,0.76,0.7647059
Cc1ncccc1-c1ccc2cc(NC(=O)C3CC3)ncc2c1,test,test,train,1,1,0.7647059,0.7647059,0.7647059
O=C(Nc1cc2ccc(-c3ccc4[nH]ccc4c3)cc2cn1)C1CC1,test,test,test,1,1,0.7169811,0.7169811,0.7169811
O=C(Nc1cc2ccc(N3CCC(O)CC3)cc2cn1)C1CC1,test,test,train,1,1,0.8666667,0.8666667,0.8666667
O=C(Nc1cc2ccc(N3CCNCC3)cc2cn1)C1CC1,train,train,train,1,1,0.82222223,0.82222223,0.82222223
Cn1c(-c2ccc3cc(NC(=O)C4CC4)ncc3c2)cccc1=O,train,train,train,1,1,0.6727273,0.6727273,0.6727273
CC(=O)Nc1cc2ccc(-c3cc(F)ccc3C)cc2cn1,train,train,test,1,1,0.80851066,0.80851066,0.80851066
Cc1ccc(F)cc1-c1ccc2cc(NC(=O)CC(F)(F)F)ncc2c1,train,train,test,1,1,0.7692308,0.7692308,0.78431374
Cc1ccc(F)cc1-c1ccc2cc(NC(=O)C(C)(C)C)ncc2c1,test,test,train,1,1,0.8367347,0.8367347,0.8367347
COCC(=O)Nc1cc2ccc(-c3cc(F)ccc3C)cc2cn1,train,train,train,1,1,0.76,0.76,0.78431374
Cc1ccc(C#N)cc1-c1ccc2cc(NC(=O)C3CC3)ncc2c1,test,test,train,1,1,0.754717,0.754717,0.754717
COc1cccc(C#N)c1-c1ccc2cc(NC(=O)C3CC3)ncc2c1,train,train,train,1,1,0.6779661,0.6779661,0.6779661
O=C(Nc1cc2ccc(-c3ccccn3)cc2cn1)C1CC1,train,train,train,1,1,0.75,0.75,0.75
Cc1ccc(F)cc1-c1ccc2cc(NC(=O)CN(C)C)ncc2c1,train,train,train,1,1,0.7692308,0.7692308,0.78431374
CCn1nccc1C(=O)Nc1cc2ccc(-c3cc(F)ccc3C)cc2cn1,train,train,train,1,1,0.6666667,0.6666667,0.6896552
Cc1ccc(F)cc1-c1ccc2cc(NC(=O)c3cccc(F)c3)ncc2c1,train,train,train,1,1,0.86,0.86,0.8333333
COc1ccccc1C(=O)Nc1cc2ccc(-c3cc(F)ccc3C)cc2cn1,train,train,train,1,1,0.8,0.8,0.8
COc1cccc(C(=O)Nc2cc3ccc(-c4cc(F)ccc4C)cc3cn2)c1,train,train,train,1,1,0.8333333,0.8333333,0.8333333
O=C(Nc1cc2ccc(-c3cccc4[nH]ccc34)cc2cn1)C1CC1,train,train,train,1,1,0.75,0.75,0.75
N#Cc1cc(F)c(F)cc1-c1ccc2cc(NC(=O)C3CC3)ncc2c1,train,train,train,1,1,0.7962963,0.7962963,0.7962963
Cc1ccc(O)cc1-c1ccc2cc(NC(=O)C3CC3)ncc2c1,test,test,train,1,1,0.81632656,0.81632656,0.81632656
CCC(=O)Nc1cc2ccc(-c3cc(F)ccc3C)cc2cn1,test,test,train,1,1,0.80851066,0.80851066,0.78431374
Cc1ccc(F)cc1-c1ccc2cc(NC(=O)C(C)C)ncc2c1,train,train,train,1,1,0.8541667,0.8541667,0.7692308
O=C(Nc1cc2ccc(-c3cncnc3)cc2cn1)C1CC1,train,train,train,1,1,0.76744187,0.76744187,0.76744187
Cc1cc(C)c(-c2ccc3cc(NC(=O)C4CC4)ncc3c2)cn1,train,train,train,1,1,0.81632656,0.81632656,0.82978725
Cc1nc(-c2ccc3cc(NC(=O)C4CC4)ncc3c2)cs1,test,test,train,1,1,0.72,0.72,0.72
O=C(Nc1cc2ccc(-c3cc[nH]n3)cc2cn1)C1CC1,train,train,train,1,1,0.7,0.7,0.7
Cc1ncc(F)cc1-c1ccc2cc(NC(=O)C3CC3)ncc2c1,train,train,train,1,1,0.78431374,0.78431374,0.81632656
Cn1ccc(=O)c(-c2ccc3cc(NC(=O)C4CC4)ncc3c2)c1,train,train,train,1,1,0.6666667,0.6666667,0.6666667
Cc1ccc(F)cc1-c1ccc2cc(NC(=O)C(F)(F)F)ncc2c1,train,train,train,1,1,0.7916667,0.7916667,0.8367347
N#Cc1ccc(F)cc1-c1ccc2cc(NC(=O)C3CC3)ncc2c1,train,train,train,1,1,0.8490566,0.8490566,0.8490566
N#Cc1ccc(Cl)cc1-c1ccc2cc(NC(=O)C3CC3)ncc2c1,train,train,train,1,1,0.7962963,0.7962963,0.7962963
N#Cc1cc(F)ccc1-c1ccc2cc(NC(=O)C3CC3)ncc2c1,train,train,train,1,1,0.8490566,0.8490566,0.8490566
Cc1ccc(F)cc1-c1ccc2cc(NC(=O)C(F)F)ncc2c1,train,train,test,1,1,0.8541667,0.8541667,0.8541667
Cc1ccc(F)cc1-c1ccc2cc(NS(C)(=O)=O)ncc2c1,train,train,train,1,1,0.74509805,0.74509805,0.74509805
Cc1ccc(F)cc1-c1ccc2cc(NS(=O)(=O)C3CC3)ncc2c1,train,train,train,1,1,0.74509805,0.74509805,0.74509805
CNC(=O)Nc1cc2ccc(-c3cc(F)ccc3C)cc2cn1,train,train,train,1,1,0.80851066,0.80851066,0.78431374
O=C(Nc1cc2ccc(Nc3ccccc3)cc2cn1)C1CC1,train,train,test,1,1,0.68085104,0.68085104,0.68085104
Cc1ncncc1-c1ccc2cc(NC(=O)C3CC3)ncc2c1,test,test,test,1,1,0.75510204,0.75510204,0.75510204
COc1ccc(C)c(-c2ccc3cc(NC(=O)C4CC4)ncc3c2)c1,test,test,train,1,1,0.78431374,0.78431374,0.78431374
Cc1ccc(C(F)(F)F)cc1-c1ccc2cc(NC(=O)C3CC3)ncc2c1,train,train,train,1,1,0.7592593,0.7592593,0.8148148
Cc1ccc(N(C)C)cc1-c1ccc2cc(NC(=O)C3CC3)ncc2c1,train,train,train,1,1,0.7692308,0.7692308,0.7692308
Cc1cnccc1-c1ccc2cc(NC(=O)C3CC3)ncc2c1,train,train,train,1,1,0.8367347,0.8367347,0.8367347
Cc1ccc(F)cc1-c1ccc2cc(NC(=O)N(C)C)ncc2c1,train,train,train,1,1,0.7916667,0.7916667,0.7692308
Cc1ccnc(C)c1-c1ccc2cc(NC(=O)C3CC3)ncc2c1,train,train,test,1,1,0.7708333,0.7708333,0.7916667
Cc1ncnc(C)c1-c1ccc2cc(NC(=O)C3CC3)ncc2c1,train,train,train,1,1,0.7708333,0.7708333,0.7659575
O=C(Nc1cc2ccc(OC3CCCCC3)cc2cn1)C1CC1,train,train,train,1,1,0.9512195,0.9512195,0.9512195
O=C(Nc1cc2ccc(Sc3ccccc3)cc2cn1)C1CC1,train,train,train,1,1,0.68085104,0.68085104,0.6666667
Cn1nccc1-c1ccc2cc(NC(=O)C3CC3)ncc2c1,train,train,train,1,1,0.7058824,0.7058824,0.7058824
O=C(Nc1cc2ccc(-c3cncc(F)c3)cc2cn1)C1CC1,test,test,train,1,1,0.75,0.75,0.75
Cc1ccc(F)cc1-c1ccc2cc(NC(=O)C3(O)CC3)ncc2c1,train,train,train,1,1,0.8076923,0.8076923,0.8076923
O=C(Nc1cc2ccc(-c3ccc[nH]3)cc2cn1)C1CC1,train,train,train,1,1,0.7,0.7,0.7
N#Cc1ccc(O)cc1-c1ccc2cc(NC(=O)C3CC3)ncc2c1,train,train,train,1,1,0.8076923,0.8076923,0.8076923
Cc1c(O)cccc1-c1ccc2cc(NC(=O)C3CC3)ncc2c1,train,train,train,1,1,0.82,0.82,0.78431374
Cc1ccc(F)cc1-c1ccc2cc(NC(C)C(F)(F)F)ncc2c1,train,train,train,1,1,0.6730769,0.6730769,0.6730769
Cc1ccc(F)cc1-c1ccc2cc(NCC3CC3)ncc2c1,train,train,train,1,1,0.6545454,0.6545454,0.6545454
CC(C)Oc1ccc2cc(NC(=O)C3CC3)ncc2c1,train,train,train,1,1,0.7777778,0.7777778,0.76744187
O=C(Nc1cc2ccc(OC(F)F)cc2cn1)C1CC1,train,train,test,1,1,0.77272725,0.77272725,0.77272725
Cc1ccc(F)cc1-c1ccc2c(Cl)c(N)ncc2c1,test,test,train,1,1,0.6086956,0.6086956,0.6086956
Cc1cc(F)c(O)cc1-c1ccc2cc(NC(=O)C3CC3)ncc2c1,train,train,train,1,1,0.86,0.86,0.86
Cc1ccc(CO)cc1-c1ccc2cc(NC(=O)C3CC3)ncc2c1,train,train,test,1,1,0.7777778,0.7777778,0.7777778
O=C(Nc1cc2ccc(-c3ccc(F)c(O)c3)cc2cn1)C1CC1,train,train,test,1,1,0.74509805,0.74509805,0.74509805
Cc1ccc(C(N)=O)cc1-c1ccc2cc(NC(=O)C3CC3)ncc2c1,train,train,test,1,1,0.7692308,0.7692308,0.7692308
CCNC(=O)Nc1cc2ccc(-c3cc(F)ccc3C)cc2cn1,test,test,train,1,1,0.79591835,0.79591835,0.78431374
Cc1ccc(F)cc1-c1ccc2c(Cl)c(NC(=O)C3CC3)ncc2c1,train,train,test,1,1,0.8181818,0.8181818,0.8181818
Cc1c[nH]nc1-c1ccc2cc(NC(=O)C3CC3)ncc2c1,train,train,train,1,1,0.6851852,0.6851852,0.6851852
Cc1ccc(F)cc1-c1ccc2c(Br)c(NC(=O)C3CC3)ncc2c1,train,train,train,1,1,0.8333333,0.8333333,0.8333333
O=C(Nc1cc2ccc(Oc3ccccc3)cc2cn1)C1CC1,train,train,train,1,1,0.8,0.8,0.78723407
O=C(Nc1cc2ccc(Oc3ccccc3Cl)cc2cn1)C1CC1,train,train,test,1,1,0.75,0.75,0.75
O=C(Nc1cc2ccc(Oc3cccc(F)c3)cc2cn1)C1CC1,test,test,train,1,1,0.80851066,0.80851066,0.78723407
O=C(Nc1cc2ccc(Oc3cccc(Cl)c3)cc2cn1)C1CC1,train,train,train,1,1,0.78723407,0.78723407,0.78723407
O=C(Nc1cc2ccc(Oc3ccc(F)cc3)cc2cn1)C1CC1,train,train,test,1,1,0.8,0.8,0.80851066
O=C(Nc1cc2ccc(Oc3cccnc3)cc2cn1)C1CC1,test,test,test,1,1,0.8043478,0.8043478,0.8043478
COCCNC(=O)Nc1cc2ccc(-c3cc(F)ccc3C)cc2cn1,train,train,train,1,1,0.75,0.75,0.7818182
Cc1ccc(F)cc1-c1ccc2cc(NC(=O)C3CCNCC3)ncc2c1,train,train,train,1,1,0.88235295,0.88235295,0.88235295
Cc1ccc(F)cc1-c1ccc2cc(NC(=O)C3CCN(C)C3)ncc2c1,train,train,train,1,1,0.91071427,0.91071427,0.91071427
CCN1CCC(C(=O)Nc2cc3ccc(-c4cc(F)ccc4C)cc3cn2)CC1,train,train,train,1,1,0.8135593,0.8135593,0.8135593
Cc1ccncc1-c1ccc2cc(NC(=O)C3CCN(C)CC3)ncc2c1,train,train,train,1,1,0.84615386,0.84615386,0.84615386
Cc1ccc(F)cc1-c1ccc2c(F)c(NC(=O)C3CC3)ncc2c1,train,train,train,1,1,0.8333333,0.8333333,0.8333333
CCNC(=O)Nc1ncc2cc(-c3cc(F)ccc3C)ccc2c1Cl,train,train,train,1,1,0.8148148,0.8148148,0.8148148
CCNC(=O)Nc1ncc2cc(-c3cc(F)ccc3C)ccc2c1F,train,train,train,1,1,0.8148148,0.8148148,0.8148148
Cc1ccc(F)cc1-c1ccc2cc(NC(=O)CC3CC3)ncc2c1,test,test,test,1,1,0.7592593,0.7592593,0.7592593
Cc1ccc(F)cc1-c1ccc2cc(Nc3cc(CO)ccn3)ncc2c1,train,train,train,1,1,0.7962963,0.7962963,0.7962963
O=C(Nc1cc2ccc(-c3cnccn3)cc2cn1)C1CC1,train,train,train,1,1,0.75,0.75,0.75
Cc1cnc(-c2ccc3cc(NC(=O)C4CC4)ncc3c2)cn1,train,train,train,1,1,0.7446808,0.7446808,0.7446808
O=C(Nc1cc2ccc(Oc3cncnc3)cc2cn1)C1CC1,test,test,train,1,1,0.76086956,0.76086956,0.76086956
Cc1ccc(F)cc1-c1ccc2cc(NC(=O)NC(C)C)ncc2c1,train,train,train,1,1,0.78431374,0.78431374,0.78431374
Cc1ccc(F)cc1-c1ccc2cc(NC(=O)NC3COC3)ncc2c1,test,test,train,1,1,0.84210527,0.84210527,0.71428573
Cc1ccc(F)cc1-c1ccc2cc(Nc3cccc(=O)[nH]3)ncc2c1,train,train,train,1,1,0.60714287,0.60714287,0.6166667
Cc1ncc(-c2ccc3cc(NC(=O)C4CC4)ncc3c2)cc1F,train,train,train,1,1,0.74509805,0.74509805,0.74509805
Cc1ccc(C(C)(C)O)cc1-c1ccc2cc(NC(=O)C3CC3)ncc2c1,test,test,train,1,1,0.86538464,0.86538464,0.86538464
COc1cccc(Nc2cc3ccc(-c4cc(F)ccc4C)cc3cn2)n1,test,test,train,1,1,0.6166667,0.6166667,0.6166667
Cc1ccc(F)cc1-c1ccc2cc(NC(=O)N3CCN(C)CC3)ncc2c1,test,test,train,1,1,0.7457627,0.7457627,0.7457627
Cc1ccc(C)c(-c2ccc3cc(NC(=O)C4CC4)ncc3c2)c1,train,train,train,1,1,0.8,0.8,0.81632656
Cc1cc(-c2ccc3cc(NC(=O)C4CC4)ncc3c2)ccn1,train,train,train,1,1,0.75555557,0.75555557,0.75555557
Cn1ccc(Oc2ccc3cc(NC(=O)C4CC4)ncc3c2)n1,train,train,train,1,1,0.64705884,0.64705884,0.64705884
Cc1ccc(F)cc1-c1ccc2cc(NC(=O)NC3CCOCC3)ncc2c1,train,train,test,1,1,0.70689654,0.70689654,0.84210527
O=C(Nc1cc2ccc(-c3cccc4[nH]ncc34)cc2cn1)C1CC1,train,train,train,1,1,0.7818182,0.7818182,0.7818182
O=C(Nc1cc2ccc(-c3ccc4cn[nH]c4c3)cc2cn1)C1CC1,train,train,test,1,1,0.7169811,0.7169811,0.7169811
O=C(Nc1cc2ccc(-c3ccnnc3)cc2cn1)C1CC1,train,train,test,1,1,0.7906977,0.7906977,0.7906977
Cc1nccnc1-c1ccc2cc(NC(=O)C3CC3)ncc2c1,train,train,test,1,1,0.76,0.76,0.76
CC(C)Nc1ccc2cc(NC(=O)C3CC3)ncc2c1,train,train,train,1,1,0.68085104,0.68085104,0.68085104
Cc1ccc(NC(=O)c2ccc(CN3CCN(C)CC3)cc2)cc1-c1ccc2cc(NC(=O)C3CC3)ncc2c1,train,train,train,1,1,0.85714287,0.85714287,0.85714287
Cc1ccc(NC(=O)c2ccc(CN3CCN(C)CC3)c(Cl)c2)cc1-c1ccc2cc(NC(=O)C3CC3)ncc2c1,train,train,train,1,1,0.8243243,0.8243243,0.8243243
CC(C)COc1ccc2cc(NC(=O)C3CC3)ncc2c1,train,train,test,1,1,0.7777778,0.7777778,0.7777778
Cc1ccc(F)cc1-c1ccc2cc(NC(=O)OC(C)C)ncc2c1,train,train,train,1,1,0.754717,0.754717,0.754717
Nc1cncc(-c2ccc3cc(NC(=O)C4CC4)ncc3c2)c1,train,train,train,1,1,0.73913044,0.73913044,0.75
Nc1cc(-c2ccc3cc(NC(=O)C4CC4)ncc3c2)ccn1,train,train,train,1,1,0.76086956,0.76086956,0.76086956
CC(C)=Cc1ccc2cc(NC(=O)C3CC3)ncc2c1,train,train,train,1,1,0.63829786,0.63829786,0.63829786
Cc1cc(Cl)ncc1-c1ccc2cc(NC(=O)C3CC3)ncc2c1,train,train,train,1,1,0.81632656,0.81632656,0.81632656
O=C(Nc1cc2ccc(-c3cnccc3Cl)cc2cn1)C1CC1,train,train,train,1,1,0.8367347,0.8367347,0.8367347
CC(C)Cc1ccc2cc(NC(=O)C3CC3)ncc2c1,train,train,train,1,1,0.7083333,0.7083333,0.6666667
Cn1ncc2c(-c3ccc4cc(NC(=O)C5CC5)ncc4c3)cccc21,train,train,train,1,1,0.6551724,0.6551724,0.6551724
O=C1Cc2c(cccc2-c2ccc3cc(NC(=O)C4CC4)ncc3c2)N1,train,train,train,1,1,0.64285713,0.64285713,0.64285713
Cc1c(F)cncc1-c1ccc2cc(NC(=O)C3CC3)ncc2c1,train,train,train,1,1,0.7962963,0.7962963,0.78846157
Cc1ccc(F)cc1-c1ccc2cc(NC(=O)C3CC3c3ccccc3)ncc2c1,train,train,train,1,1,0.77272725,0.77272725,0.77272725
Cc1cc(CO)cc(Nc2cc3ccc(-c4cc(F)ccc4C)cc3cn2)n1,train,train,train,1,1,0.7962963,0.7962963,0.7962963
Cc1cc(C(C)(C)O)cc(Nc2cc3ccc(-c4cc(F)ccc4C)cc3cn2)n1,test,test,train,1,1,0.70689654,0.70689654,0.70689654
Cc1cc(N)ncc1-c1ccc2cc(NC(=O)C3CC3)ncc2c1,train,train,train,1,1,0.81632656,0.81632656,0.81632656
Cc1ccncc1-c1ccc2cc(Nc3cc(CO)ccn3)ncc2c1,train,train,train,1,1,0.7407407,0.7407407,0.7407407
Cc1ncc(CO)cc1-c1ccc2cc(NC(=O)C3CC3)ncc2c1,test,test,train,1,1,0.7777778,0.7777778,0.7692308
COc1ccc2cc(NC(=O)C3CC3)ncc2c1,train,train,train,1,1,0.76744187,0.76744187,0.76744187
CC(C)(CO)Oc1ccc2cc(NC(=O)C3CC3)ncc2c1,train,train,train,1,1,0.8043478,0.8043478,0.8043478
Cc1ccc(C(C)O)cc1-c1ccc2cc(NC(=O)C3CC3)ncc2c1,train,train,train,1,1,0.7692308,0.7692308,0.7692308
O=C(Nc1cc2ccc(-c3cccc(CO)c3)cc2cn1)C1CC1,train,train,train,1,1,0.7169811,0.7169811,0.8125
O=C(Nc1cc2ccc(-c3cc(CO)ccc3Cl)cc2cn1)C1CC1,train,train,train,1,1,0.7777778,0.7777778,0.7777778
O=C(Nc1cc2ccc(-c3cc(CO)ccc3F)cc2cn1)C1CC1,train,train,train,1,1,0.7777778,0.7777778,0.7777778
CCOc1ccc2cc(NC(=O)C3CC3)ncc2c1,train,train,test,1,1,0.7777778,0.7777778,0.76744187
O=C(Nc1cc2ccc(OCCO)cc2cn1)C1CC1,train,train,test,1,1,0.75555557,0.75555557,0.7111111
Cc1ccc(NC(=O)c2cnn(C)c2)cc1-c1ccc2cc(NC(=O)C3CC3)ncc2c1,train,train,train,1,1,0.75,0.75,0.75
O=C(Nc1cc2ccc(-c3cccnc3CO)cc2cn1)C1CC1,train,train,test,1,1,0.6923077,0.6923077,0.75
Cc1cc(C(=O)Nc2ccc(C)c(-c3ccc4cc(NC(=O)C5CC5)ncc4c3)c2)ccn1,train,train,train,1,1,0.75,0.75,0.75
Cc1ccc(NC(=O)C2CCOCC2)cc1-c1ccc2cc(NC(=O)C3CC3)ncc2c1,train,train,train,1,1,0.90909094,0.90909094,0.7894737
Cc1ccc(NC(=O)c2cccc(C(F)(F)F)c2)cc1-c1ccc2cc(NC(=O)C3CC3)ncc2c1,train,train,train,1,1,0.74603176,0.74603176,0.74603176
Cc1ccc(NC(=O)C2CCN(C)CC2)cc1-c1ccc2cc(NC(=O)C3CC3)ncc2c1,test,test,train,1,1,0.8181818,0.8181818,0.79310346
Cc1ccc(NC(=O)c2ccc(CN(C)C)cc2)cc1-c1ccc2cc(NC(=O)C3CC3)ncc2c1,train,train,test,1,1,0.7536232,0.7536232,0.7536232
Cc1c(N)cncc1-c1ccc2cc(NC(=O)C3CC3)ncc2c1,test,test,train,1,1,0.78846157,0.78846157,0.78846157
Cc1c(O)cncc1-c1ccc2cc(NC(=O)C3CC3)ncc2c1,train,train,train,1,1,0.78846157,0.78846157,0.78846157
Cc1cc(CO)ncc1-c1ccc2cc(NC(=O)C3CC3)ncc2c1,train,train,train,1,1,0.78431374,0.78431374,0.84615386
Cc1ccnc(CO)c1-c1ccc2cc(NC(=O)C3CC3)ncc2c1,test,test,train,1,1,0.7894737,0.7894737,0.7894737
O=C(Nc1cc2ccc(N3CCC(O)C3)cc2cn1)C1CC1,train,train,train,1,1,0.7826087,0.7826087,0.8666667
NCc1cccc(-c2ccc3cc(NC(=O)C4CC4)ncc3c2)c1,test,test,train,1,1,0.8125,0.8125,0.8125
Cc1c(CO)cncc1-c1ccc2cc(NC(=O)C3CC3)ncc2c1,train,train,train,1,1,0.7592593,0.7592593,0.7592593
CC(C)(C)Oc1ccc2cc(NC(=O)C3CC3)ncc2c1,train,train,train,1,1,0.8043478,0.8043478,0.8043478
Cc1ccc(NC(=O)c2ccc(C(C)N(C)C)cc2)cc1-c1ccc2cc(NC(=O)C3CC3)ncc2c1,train,train,train,1,1,0.7536232,0.7536232,0.6956522
Cc1ccncc1-c1ccc2cc(Nc3cccc(CO)n3)ncc2c1,train,train,test,1,1,0.7090909,0.7090909,0.7090909
O=C(Nc1cc2ccc(OC3CCC3)cc2cn1)C1CC1,train,train,train,1,1,0.9512195,0.9512195,0.9512195
O=C(Nc1cc2ccc(-c3cnccc3CO)cc2cn1)C1CC1,train,train,train,1,1,0.74545455,0.74545455,0.74545455
O=C(Nc1ccc(Cl)c(-c2ccc3cc(NC(=O)C4CC4)ncc3c2)c1)C1CCOCC1,test,test,train,1,1,0.7894737,0.7894737,0.7894737
O=C(Nc1ccc(F)c(-c2ccc3cc(NC(=O)C4CC4)ncc3c2)c1)C1CCOCC1,test,test,train,1,1,0.7894737,0.7894737,0.7894737
Cc1ccccc1-c1ccc2cnc(NC(=O)C3CC3)cc2c1,train,train,test,1,1,0.7058824,0.7058824,0.7058824
CN1CCN(Cc2ccc(C(=O)Nc3ccc(F)c(-c4ccc5cc(NC(=O)C6CC6)ncc5c4)c3)cc2)CC1,train,train,train,1,1,0.8450704,0.8450704,0.8450704
CN1CCN(Cc2ccc(C(=O)Nc3ccc(Cl)c(-c4ccc5cc(NC(=O)C6CC6)ncc5c4)c3)cc2)CC1,train,train,train,1,1,0.85714287,0.85714287,0.85714287
Cc1ccc(NC(=O)C2CCC2)cc1-c1ccc2cc(NC(=O)C3CC3)ncc2c1,train,train,test,1,1,0.8333333,0.8333333,0.8333333
Cc1ccc(NC(=O)C2CCOC2)cc1-c1ccc2cc(NC(=O)C3CC3)ncc2c1,train,train,test,1,1,0.90909094,0.90909094,0.90909094
Cc1cc(C(C)(C)O)ncc1-c1ccc2cc(NC(=O)C3CC3)ncc2c1,train,train,test,1,1,0.7894737,0.7894737,0.7894737
CNC(=O)c1cc(C)c(-c2ccc3cc(NC(=O)C4CC4)ncc3c2)cn1,train,train,test,1,1,0.7692308,0.7692308,0.8113208
Cc1ccc(NC(=O)N2CCOCC2)cc1-c1ccc2cc(NC(=O)C3CC3)ncc2c1,train,train,test,1,1,0.86440676,0.86440676,0.86440676
Cc1ccc(NC(=O)C2CN(C)CCO2)cc1-c1ccc2cc(NC(=O)C3CC3)ncc2c1,test,test,train,1,1,0.75,0.75,0.765625
Cc1ccc(NC(=O)N2CCCC2)cc1-c1ccc2cc(NC(=O)C3CC3)ncc2c1,train,train,train,1,1,0.9814815,0.9814815,0.9814815
Cc1ccc(NC(=O)N2CCOC(CO)C2)cc1-c1ccc2cc(NC(=O)C3CC3)ncc2c1,train,train,train,1,1,0.8030303,0.8030303,0.7692308
CC(C)Sc1ccc2cc(NC(=O)C3CC3)ncc2c1,train,train,test,1,1,0.68085104,0.68085104,0.68085104
CC(C)[S+](O)c1ccc2cc(NC(=O)C3CC3)ncc2c1,train,train,test,1,1,0.6530612,0.6530612,0.6530612
CC(C)S(=O)(=O)c1ccc2cc(NC(=O)C3CC3)ncc2c1,train,train,train,1,1,0.67346936,0.67346936,0.67346936
O=C(Nc1cc2ccc(-c3cnccc3C(F)(F)F)cc2cn1)C1CC1,test,test,train,1,1,0.7222222,0.7222222,0.7222222
Cc1c(-c2ccc3cc(NC(=O)C4CC4)ncc3c2)cnc(CO)c1F,test,test,test,1,1,0.69491524,0.69491524,0.70689654
COc1cc(C)c(-c2ccc3cc(NC(=O)C4CC4)ncc3c2)cn1,train,train,train,1,1,0.78431374,0.78431374,0.78431374
Cc1ccc(NC(=O)c2ccc(C3CCCN3C)cc2)cc1-c1ccc2cc(NC(=O)C3CC3)ncc2c1,train,train,test,1,1,0.7638889,0.7638889,0.7638889
Cc1ccc(NC(=O)c2ccc(C3CCN(C)C3)cc2)cc1-c1ccc2cc(NC(=O)C3CC3)ncc2c1,train,train,train,1,1,0.7638889,0.7638889,0.73134327
Cc1nc(N)ncc1-c1ccc2cc(NC(=O)C3CC3)ncc2c1,train,train,train,1,1,0.75,0.75,0.78431374
Cc1c(NC(=O)C2CCOCC2)cncc1-c1ccc2cc(NC(=O)C3CC3)ncc2c1,train,train,train,1,1,0.71929824,0.71929824,0.71929824
Cc1ccncc1-c1ccc2cc(N)ncc2c1,train,train,train,1,1,0.64285713,0.64285713,0.64285713
Cc1ccc(NC(=O)C2COCCO2)cc1-c1ccc2cc(NC(=O)C3CC3)ncc2c1,train,train,train,1,1,0.8064516,0.8064516,0.78688526
Cc1ncc(N)cc1-c1ccc2cc(NC(=O)C3CC3)ncc2c1,train,train,test,1,1,0.78431374,0.78431374,0.8
Cc1ncc(NC(=O)C2CCOCC2)cc1-c1ccc2cc(NC(=O)C3CC3)ncc2c1,train,train,train,1,1,0.7894737,0.7894737,0.7894737
O=C(Nc1cc2ccc(NCCO)cc2cn1)C1CC1,train,train,train,1,1,0.6666667,0.6666667,0.6530612
Cc1ccc2[nH]ncc2c1-c1ccc2cc(NC(=O)C3CC3)ncc2c1,train,train,train,1,1,0.8035714,0.8035714,0.8035714
Cc1ncc2[nH]ncc2c1-c1ccc2cc(NC(=O)C3CC3)ncc2c1,train,train,train,1,1,0.8035714,0.8035714,0.8035714
Cc1ccc(NC(=O)c2ccc(CN3CCN(C)CC3)cc2)cc1-c1ccc2cc(N)ncc2c1,train,train,train,1,1,0.7605634,0.7605634,0.7605634
Cc1ccncc1-c1ccc2cc(NC(=O)C3C4COCC43)ncc2c1,test,test,train,1,1,0.7592593,0.7592593,0.7592593
Cc1cnc(F)cc1-c1ccc2cc(NC(=O)C3CC3)ncc2c1,train,train,train,1,1,0.78431374,0.78431374,0.81632656
Cc1cc(-c2ccc3cc(NC(=O)C4CC4)ncc3c2)c(C)cn1,test,test,train,1,1,0.82978725,0.82978725,0.82978725
Cc1ccc(C(=O)NC2CCOCC2)cc1-c1ccc2cc(NC(=O)C3CC3)ncc2c1,train,train,test,1,1,0.8596491,0.8596491,0.89830506
O=C(Nc1cc2ccc(-c3cncc4[nH]ncc34)cc2cn1)C1CC1,train,train,train,1,1,0.7818182,0.7818182,0.7818182
Cc1ccc(F)cc1-c1ccc2cc(NC(=O)C3CC3c3ccc(CN(C)C)cc3)ncc2c1,train,train,train,1,1,0.77272725,0.77272725,0.77272725
COCC(=O)Nc1ccc(C)c(-c2ccc3cc(NC(=O)C4CC4)ncc3c2)c1,train,train,train,1,1,0.7586207,0.7586207,0.7419355
O=C(Nc1cc2ccc(-c3cccc4[nH]cnc34)cc2cn1)C1CC1,train,train,train,1,1,0.7368421,0.7368421,0.7368421
COC(C)(C)C(=O)Nc1ccc(C)c(-c2ccc3cc(NC(=O)C4CC4)ncc3c2)c1,train,train,train,1,1,0.7586207,0.7586207,0.7419355
Cc1ccc(C(=O)NC2COC2)cc1-c1ccc2cc(NC(=O)C3CC3)ncc2c1,train,train,train,1,1,0.84745765,0.84745765,0.88135594
Cc1ncc(NC(=O)c2ccc(CN3CCN(C)CC3)c(C(F)(F)F)c2)cc1-c1ccc2cc(NC(=O)C3CC3)ncc2c1,train,train,test,1,1,0.6904762,0.6904762,0.6904762
CCS(=O)(=O)Nc1ccc(C)c(-c2ccc3cc(NC(=O)C4CC4)ncc3c2)c1,train,train,train,1,1,0.7704918,0.7704918,0.7704918
Cc1ccc(NC(=O)C2(O)CCC2)cc1-c1ccc2cc(NC(=O)C3CC3)ncc2c1,train,train,train,1,1,0.7894737,0.7894737,0.7258065
Cc1ccc(F)cc1-c1ccc2cc(C(=O)NC3CC3)ncc2c1,train,train,train,1,1,0.9375,0.9375,0.9375
COc1ccncc1-c1ccc2cc(NC(=O)C3CC3)ncc2c1,train,train,train,1,1,0.754717,0.754717,0.754717
Cc1ccc(NS(=O)(=O)C2CCCC2)cc1-c1ccc2cc(NC(=O)C3CC3)ncc2c1,train,train,train,1,1,0.7704918,0.7704918,0.7704918
Cc1ccc(NC(=O)N2CCC2)cc1-c1ccc2cc(NC(=O)C3CC3)ncc2c1,train,train,train,1,1,0.9814815,0.9814815,0.9814815
Cc1ccc(NC(=O)N2CCS(=O)(=O)CC2)cc1-c1ccc2cc(NC(=O)C3CC3)ncc2c1,train,train,train,1,1,0.85,0.85,0.85
Cc1cnc(CO)cc1-c1ccc2cc(NC(=O)C3CC3)ncc2c1,test,test,train,1,1,0.84615386,0.84615386,0.84615386
Cc1ncc(O)cc1-c1ccc2cc(NC(=O)C3CC3)ncc2c1,test,test,train,1,1,0.8,0.8,0.81632656
Cc1ccncc1-c1ccc2cc(NC(=O)C3CC3(F)F)ncc2c1,train,train,train,1,1,0.78846157,0.78846157,0.78846157
Cc1ccc(C(=O)NC2(C)CCC2)cc1-c1ccc2cc(NC(=O)C3CC3)ncc2c1,train,train,train,1,1,0.81666666,0.81666666,0.81666666
Cc1ccc(C(=O)NC2(C)CCS(=O)(=O)C2)cc1-c1ccc2cc(NC(=O)C3CC3)ncc2c1,train,train,test,1,1,0.7936508,0.7936508,0.7936508
Cc1ccc(C(=O)NC2CCCC2)cc1-c1ccc2cc(NC(=O)C3CC3)ncc2c1,train,train,test,1,1,0.96153843,0.96153843,0.96153843
Cc1ccc(C(=O)NC2CCOC2)cc1-c1ccc2cc(NC(=O)C3CC3)ncc2c1,test,test,train,1,1,0.89830506,0.89830506,0.88135594
COCCNC(=O)c1ccc(C)c(-c2ccc3cc(NC(=O)C4CC4)ncc3c2)c1,train,train,train,1,1,0.73770493,0.73770493,0.73770493
Cc1ccc(C(=O)NC(C)(C)CO)cc1-c1ccc2cc(NC(=O)C3CC3)ncc2c1,train,train,train,1,1,0.75409836,0.75409836,0.75409836
Cc1ccc(C(=O)Nc2cnn(C)c2)cc1-c1ccc2cc(NC(=O)C3CC3)ncc2c1,test,test,test,1,1,0.82258064,0.82258064,0.82258064
Cc1ccc(C(=O)N2CCOCC2)cc1-c1ccc2cc(NC(=O)C3CC3)ncc2c1,train,train,train,1,1,0.765625,0.765625,0.6984127
Cc1cncc(C)c1-c1ccc2cc(NC(=O)C3CC3)ncc2c1,train,train,train,1,1,0.7659575,0.7659575,0.82608694
Cc1ccncc1-c1ccc2c(C#N)c(N)ncc2c1,test,test,train,2,2,0.59322035,0.59322035,0.59322035
Cc1ccncc1-c1ccc2c(C#N)c(NC(=O)C3CC3)ncc2c1,train,train,train,1,1,0.6333333,0.6333333,0.6333333
Cc1cc(C(=O)O)ncc1-c1ccc2cc(NC(=O)C3CC3)ncc2c1,test,test,train,1,1,0.8113208,0.8113208,0.8
Cc1ccc(F)cc1-c1ccc2cc(C(=O)NC3CCC3)ncc2c1,train,train,train,1,1,0.9375,0.9375,0.9375
Cc1c(F)cc(C(=O)NC2COC2)cc1-c1ccc2cc(NC(=O)C3CC3)ncc2c1,train,train,train,1,1,0.7777778,0.7777778,0.7777778
Cc1ccc(C(=O)NC2COC2)c(F)c1-c1ccc2cc(NC(=O)C3CC3)ncc2c1,test,test,train,1,1,0.8548387,0.8548387,0.8548387
Cc1ccc(C(=O)NC2CCOCC2)c(F)c1-c1ccc2cc(NC(=O)C3CC3)ncc2c1,train,train,train,1,1,0.6865672,0.6865672,0.8548387
Cc1c(F)cc(NC(=O)C2CCC2)cc1-c1ccc2cc(NC(=O)C3CC3)ncc2c1,train,train,train,1,1,0.7368421,0.7368421,0.71929824
Cc1cc(C(C)(C)O)ccc1-c1ccc2cc(NC(=O)C3CC3)ncc2c1,train,train,train,1,1,0.76363635,0.76363635,0.86538464
Cc1ccc(NC(=O)C2CCC2)c(F)c1-c1ccc2cc(NC(=O)C3CC3)ncc2c1,train,train,train,1,1,0.7017544,0.7017544,0.6909091
Cc1ccc(C(=O)NC2(C)COC2)cc1-c1ccc2cc(NC(=O)C3CC3)ncc2c1,train,train,train,1,1,0.81666666,0.81666666,0.81666666
Cc1ccc(C(=O)NC2(C)COC2)cc1-c1ccc2cc(NC(=O)[C@@H]3C[C@@H]3F)ncc2c1,train,train,train,1,1,0.8125,0.8125,0.8125
CNC(=O)Nc1cc2ccc(-c3cnccc3C)cc2cn1,train,train,train,1,1,0.7254902,0.7254902,0.7254902
O=C(Nc1cc2cnc(-c3cc(F)ccc3Cl)cc2cn1)C1CC1,train,train,test,1,1,0.76,0.76,0.76
O=C(Nc1cc2c(Cl)nc(-c3ccccc3Cl)cc2cn1)C1CC1,train,train,train,1,1,0.8,0.8,0.8
Cc1nc(-c2ccccc2Cl)cc2cnc(NC(=O)C3CC3)cc12,train,train,train,1,1,0.8,0.8,0.8
O=C(Nc1cc2cnc(-c3ccccc3Cl)cc2cn1)C1CC1,train,train,train,1,1,0.75,0.75,0.75
O=C(Nc1cc2cnc(-c3ccccc3Cl)c(O)c2cn1)C1CC1,train,train,train,1,1,0.6730769,0.6730769,0.6730769
O=C(Nc1cc2c(=O)[nH]c(-c3ccccc3Cl)cc2cn1)C1CC1,train,train,test,4,4,0.6545454,0.6545454,0.6545454
O=C(Nc1cc2c[n+]([O-])c(-c3ccccc3Cl)cc2cn1)C1CC1,train,train,test,1,1,0.68421054,0.68421054,0.68421054
COc1nc(-c2ccccc2Cl)cc2cnc(NC(=O)C3CC3)cc12,train,train,train,4,4,0.7592593,0.7592593,0.7592593
CCc1nc(-c2ccccc2Cl)cc2cnc(NC(=O)C3CC3)cc12,train,train,train,1,1,0.7735849,0.7735849,0.7735849
O=C(Nc1cc2c(C3CC3)nc(-c3ccccc3Cl)cc2cn1)C1CC1,train,train,test,4,4,0.78846157,0.78846157,0.78846157
O=C(Nc1cc2cnc(C3CCCCC3)cc2cn1)C1CC1,train,train,train,1,1,0.70454544,0.70454544,0.70454544
Cc1ccncc1-c1cc2cnc(NC(=O)C3CC3)cc2cn1,train,train,train,1,1,0.76,0.76,0.76
Cc1ccc(F)cc1-c1cc2cnc(NC(=O)C3CC3)cc2cn1,train,train,train,1,1,0.7647059,0.7647059,0.7647059
Cc1ccc(F)cc1-c1cc2cnc(NC(=O)C3CC3)cc2c(C)[n+]1[O-],train,train,test,1,1,0.70689654,0.70689654,0.7241379
Cc1ccc(F)cc1-c1cc2cnc(NC(=O)C3CC3)cc2c[n+]1[O-],train,train,train,1,1,0.7222222,0.7222222,0.7222222
Cc1ccc(F)cc1-c1cc2cnc(NC(=O)C3CC3)cc2c(C)n1,test,test,test,1,1,0.78571427,0.78571427,0.78571427
Cc1ccc(F)cc1-c1cc2cnc(NC(=O)C3CC3)cc2c(C#N)n1,train,train,train,1,1,0.73214287,0.73214287,0.73214287
Cc1ccc(F)cc1-c1cc2cnc(NC(=O)C3CC3)cc2c(N2CCCCC2)n1,train,train,test,1,1,0.852459,0.852459,0.852459
Cc1ccc(F)cc1-c1cc2cnc(NC(=O)C3CC3)cc2c(OC2CCCC2)n1,test,test,train,1,1,0.8548387,0.8548387,0.8548387
Cc1ccc(F)cc1-c1cc2cnc(NC(=O)C3CC3)cc2c(CO)n1,train,train,train,1,1,0.85714287,0.85714287,0.85714287
Cc1ccc(F)cc1-c1cc2cnc(NC(=O)C3CC3)cc2c(Oc2ccccc2)n1,train,train,train,1,1,0.72307694,0.72307694,0.73846155
Cc1ccc(F)cc1-c1cc2cnc(NC(=O)C3CC3)cc2c(-c2cccnc2)n1,train,train,test,1,1,0.8196721,0.8196721,0.72727275
Cc1ccc(F)cc1-c1cc2cnc(NC(=O)C3CC3)cc2c(Nc2ccccc2)n1,train,train,train,1,1,0.7580645,0.7580645,0.7580645
Cc1ccc(F)cc1-c1cc2cnc(NC(=O)C3CC3)cc2c(NC2CCCC2)n1,train,train,train,1,1,0.7580645,0.7580645,0.7580645
Cc1ccc(F)cc1-c1cc2cnc(NC(=O)C3CC3)cc2c(CF)n1,train,train,train,1,1,0.85714287,0.85714287,0.85714287
Cc1ccc(F)cc1-c1cc2cnc(NC(=O)C3CC3)cc2c(-c2ccnn2C)n1,train,train,test,1,1,0.75757575,0.75757575,0.75757575
Cc1ccc(F)cc1-c1cc2cnc(NC(=O)C3CC3)cc2c(S(C)(=O)=O)n1,train,train,train,1,1,0.72131145,0.72131145,0.72131145
Cc1ccc(F)cc1-c1cc2cnc(NC(=O)C3CC3)cc2c(-c2ccccc2)n1,test,test,test,1,1,0.8448276,0.8448276,0.7741935
Cc1nc(C)c(-c2nc(-c3cc(F)ccc3C)cc3cnc(NC(=O)C4CC4)cc23)s1,test,test,train,1,1,0.73846155,0.73846155,0.72727275
Cc1ccc(F)cc1-c1cc2cnc(NC(=O)C3CC3)cc2c(-c2cnccc2C)n1,test,test,test,1,1,0.84745765,0.84745765,0.72307694
Cc1ccc(F)cc1-c1cc2cnc(NC(=O)C3CC3)cc2c(-c2ccncc2)n1,train,train,test,1,1,0.8196721,0.8196721,0.7619048
Cc1ccc(F)cc1-c1cc2cnc(NC(=O)C3CC3)cc2c(-c2cc[nH]n2)n1,train,train,test,1,1,0.74603176,0.74603176,0.765625
Cc1ccc(F)cc1-c1cc2cnc(NC(=O)C3CC3)cc2c(-c2cnn(C)c2)n1,train,train,train,1,1,0.7619048,0.7619048,0.72727275
Cc1ccc(F)cc1-c1cc2cnc(NC(=O)C3CC3)cc2c(-c2cn[nH]c2)n1,test,test,train,1,1,0.765625,0.765625,0.72727275
Cc1ccc(F)cc1-c1cc2cnc(NC(=O)C3CC3)cc2c(C(C)(C)O)n1,test,test,train,1,1,0.73333335,0.73333335,0.73333335
Cc1c2cc(NC(=O)C3CC3)ncc2cc(-c2ccccc2Cl)[n+]1[O-],test,test,train,1,1,0.7241379,0.7241379,0.6551724
Cc1ccc(CO)cc1-c1cc2cnc(NC(=O)C3CC3)cc2cn1,train,train,train,1,1,0.7735849,0.7735849,0.7307692
Cc1ccc(F)cc1-c1cc2cnc(NC(=O)C3CC3)cc2c(OC2CCNCC2)n1,train,train,train,1,1,0.9047619,0.9047619,0.9047619
Cc1ccc(F)cc1-c1cc2cnc(NC(=O)C3CC3)cc2c(CN(C)C)n1,train,train,train,1,1,0.8135593,0.8135593,0.8135593
Cc1ccc(F)cc1-c1cc2cnc(NC(=O)C3CC3)cc2c(N2CCNCC2)n1,train,train,train,1,1,0.852459,0.852459,0.6956522
CNCc1nc(-c2cc(F)ccc2C)cc2cnc(NC(=O)C3CC3)cc12,train,train,test,1,1,0.82758623,0.82758623,0.82758623
Cc1ccc(F)cc1-c1cc2cnc(NC(=O)C3CC3)cc2c(OC2CCNC2)n1,train,train,train,1,1,0.9047619,0.9047619,0.9047619
Cc1ccc(F)cc1-c1cc2cnc(NC(=O)C3CC3)cc2c(C2CCOC2)n1,train,train,train,1,1,0.6666667,0.6666667,0.6666667
Cc1ccc2[nH]ncc2c1-c1cc2cnc(NC(=O)[C@@H]3C[C@@H]3F)cc2cn1,train,train,train,1,1,0.8,0.8,0.8
Cc1ccc(C(=O)NC2(C)COC2)cc1-c1cc2cnc(NC(=O)[C@@H]3C[C@@H]3F)cc2cn1,train,train,train,1,1,0.8125,0.8125,0.8125
O=C(Nc1cc2ncc(-c3cc(F)ccc3Cl)cc2cn1)C1CC1,train,train,train,1,1,0.71153843,0.71153843,0.6181818
CCc1nc2cc(NC(=O)C3CC3)ncc2cc1-c1ccccc1Cl,test,test,train,1,1,0.6964286,0.6964286,0.6964286
O=C(Nc1cc2ccc(-c3c(Cl)cccc3Cl)nc2cn1)C1CC1,test,test,train,1,1,0.7708333,0.7708333,0.7708333
OCc1cccc(Nc2cc3ccc(-c4ccccc4Cl)nc3cn2)c1,train,train,train,4,4,0.58928573,0.58928573,0.58928573
O=C(Nc1cc2ccc(-c3ccccc3Cl)nc2cn1)C1CC1,train,train,train,1,1,0.7291667,0.7291667,0.7708333
Cc1cc2cc(NC(=O)C3CC3)ncc2nc1-c1cc(F)ccc1Cl,test,test,test,1,1,0.66071427,0.66071427,0.64912283
Cc1ccc(F)cc1-c1cc(C)c2cc(NC(=O)C3CC3)ncc2n1,train,train,train,1,1,0.8490566,0.8490566,0.7037037
Cc1ccc(F)cc1-c1cc(O)c2cc(NC(=O)C3CC3)ncc2n1,train,train,test,1,1,0.8490566,0.8490566,0.8490566
O=C(Nc1cc2ccc(C3(O)CCCCC3)nc2cn1)C1CC1,train,train,train,1,1,0.97619045,0.97619045,0.97619045
O=C(Nc1cc2c(O)cc(-c3ccccc3Cl)nc2cn1)C1CC1,train,train,train,4,4,0.71153843,0.71153843,0.71153843
O=C(Nc1cc2ccc(C3(O)CCCC3)nc2cn1)C1CC1,train,train,train,1,1,0.97619045,0.97619045,0.97619045
Cc1nc(Cl)ncc1-c1ccc2cc(NC(=O)C3CC3)ncc2c1,test,test,train,1,1,0.78431374,0.78431374,0.78431374
Cc1ccncc1-c1ccc2cc(NC(=O)C3CCO3)ncc2c1,train,train,train,1,1,0.7924528,0.7924528,0.7924528
O=C(Nc1cc2ccc(Br)cc2cn1)C1CC1,train,train,train,1,1,0.6744186,0.6744186,0.6744186
O=C(Nc1cc2ccc(-c3c(F)cc(F)cc3Cl)cc2cn1)C1CC1,train,train,train,1,1,0.75,0.75,0.6551724
O=C(Nc1cc2ccc(-c3c(F)ccc(F)c3Cl)cc2cn1)C1CC1,train,train,test,1,1,0.7916667,0.7916667,0.75
Cc1cccc(F)c1-c1ccc2cc(NC(=O)C3CC3)ncc2c1,train,train,test,1,1,0.87234044,0.87234044,0.87234044
Cc1cccc(Cl)c1-c1ccc2cc(NC(=O)C3CC3)ncc2c1,train,train,test,1,1,0.8039216,0.8039216,0.9130435
O=C(Nc1cc2ccc(-c3cc(F)ccc3F)cc2cn1)C1CC1,train,train,train,1,1,0.8,0.8,0.8
O=C(Nc1cc2ccc(-c3c(F)cccc3F)cc2cn1)C1CC1,train,train,test,1,1,0.87234044,0.87234044,0.78723407
Cc1ccc(F)cc1-c1ccc2cc(NC(=O)C3CC3)ncc2c1,train,train,train,1,1,0.9183673,0.9183673,0.9183673
Cc1ccc(Cl)cc1-c1ccc2cc(NC(=O)C3CC3)ncc2c1,train,train,train,1,1,0.84,0.84,0.84
O=C(Nc1cc2ccc(-c3ccncc3Cl)cc2cn1)C1CC1,train,train,train,1,1,0.8367347,0.8367347,0.8367347
O=C(Nc1cc2ccc(-c3ccncc3)cc2cn1)C1CC1,train,train,train,1,1,0.7906977,0.7906977,0.76744187
O=C(Nc1cc2ccc(-c3cccnc3)cc2cn1)C1CC1,test,test,train,1,1,0.75555557,0.75555557,0.75555557
Cc1cccc(C)c1-c1ccc2cc(NC(=O)C3CC3)ncc2c1,test,test,train,1,1,0.9130435,0.9130435,0.82608694
O=C(Nc1cc2ccc(-c3c(Cl)cccc3C(F)(F)F)cc2cn1)C1CC1,train,train,train,1,1,0.72727275,0.72727275,0.6851852
N#Cc1ccccc1-c1ccc2cc(NC(=O)C3CC3)ncc2c1,train,train,train,1,1,0.8076923,0.8076923,0.8076923
O=C(Nc1cc2ccc(-c3ccccc3Cl)cc2cn1)C1CC1,train,train,train,1,1,0.79591835,0.79591835,0.7755102
O=C(Nc1cc2ccc(-c3ccccc3F)cc2cn1)C1CC1,train,train,train,1,1,0.7755102,0.7755102,0.7755102
CN1CCN(c2nccc(Nc3cc4ccc(-c5c(Cl)cccc5Cl)cc4cn3)n2)CC1,test,test,train,4,4,0.7894737,0.7894737,0.7894737
Clc1cccc(Cl)c1-c1ccc2cc(Nc3ccnc(N4CCOCC4)n3)ncc2c1,train,train,train,4,4,0.7258065,0.7258065,0.7894737
CCc1cc(Nc2cc3ccc(-c4c(Cl)cccc4Cl)cc3cn2)nc(N2CCOCC2)n1,train,train,train,4,4,0.7258065,0.7258065,0.7258065
CCCS(=O)(=O)Nc1ccc(F)c(-c2ccc3cc(NC(C)=O)ncc3c2)c1F,train,train,train,1,1,0.5,0.5,0.49275362
CC1CC(C)N1c1ccc2cc(NC(=O)C3CC3F)ncc2c1,test,test,train,1,1,0.55737704,0.55737704,0.53968257
Cc1c(F)cncc1-c1cc2cnc(NC(=O)C3CC3F)cc2c[n+]1[O-],train,train,train,1,1,0.7118644,0.7118644,0.5846154
Cc1c(F)cncc1-c1cc2cnc(NC(=O)[C@@H]3C[C@@H]3F)cc2cn1,train,train,test,1,1,0.76363635,0.76363635,0.7118644
O=C(Nc1cc2ccc(-c3cccc4[nH]nnc34)cc2cn1)C1CC1,train,train,train,1,1,0.7368421,0.7368421,0.7368421
O=C(Nc1cc2ccc(-c3cc(F)cc4[nH]ncc34)cc2cn1)C1CC1,test,test,train,1,1,0.75438595,0.75438595,0.75438595
Cc1c(-c2ccc3cc(NC(=O)[C@@H]4C[C@@H]4F)ncc3c2)cnc(C(C)(C)O)c1F,test,test,train,1,1,0.71428573,0.71428573,0.71428573
Cc1c(F)cncc1-c1ccc2cc(NC(=O)[C@@H]3C[C@@H]3F)ncc2c1,train,train,test,1,1,0.7962963,0.7962963,0.7962963
Cc1ccc[n+]([O-])c1-c1ccc2cc(NC(=O)C3CC3)ncc2c1,train,train,train,1,1,0.66101694,0.66101694,0.6851852
Cc1cc([S+](C)O)ncc1-c1ccc2cc(NC(=O)C3CC3F)ncc2c1,test,test,train,1,1,0.72131145,0.72131145,0.72131145
Cc1cc(C(O)C(F)F)ncc1-c1ccc2cc(NC(=O)C3C[C@@H]3F)ncc2c1,test,test,train,1,1,0.6875,0.6875,0.6984127
Cc1ccc(C(=O)NC2CC(F)(F)C2)cc1-c1ccc2cc(NC(=O)C3CC3)ncc2c1,test,test,train,1,1,0.84210527,0.84210527,0.84210527
Cc1cc(C(C)(C)O)ncc1-c1ccc2cc(NC(=O)[C@@H]3C[C@@H]3F)ncc2c1,train,train,train,1,1,0.7894737,0.7894737,0.72131145
Cc1cc(C(C)(C)O)ncc1-c1cc2cnc(NC(=O)[C@@H]3C[C@@H]3F)cc2cn1,train,train,test,1,1,0.7758621,0.7758621,0.7758621
Cc1cc[n+]([O-])cc1-c1ccc2cc(NC(=O)C3CC3)ncc2c1,train,train,train,1,1,0.72727275,0.72727275,0.72727275
Cc1ccncc1-c1cc2c[n+]([O-])c(NC(=O)[C@@H]3C[C@@H]3F)cc2cn1,train,train,test,1,1,0.5483871,0.5483871,0.5483871
Cc1ccc(C(=O)NC2(CO)CCC2)cc1-c1ccc2cc(NC(=O)C3CC3)ncc2c1,train,train,train,1,1,0.7903226,0.7903226,0.7903226
Cc1ccnc(CO)c1-c1ccc2cc(NC(=O)[C@@H]3C[C@@H]3F)ncc2c1,train,train,train,1,1,0.6363636,0.6363636,0.7894737
O=C(Nc1cc2cnc(-c3ccccc3OC(F)(F)F)cc2cn1)[C@@H]1C[C@@H]1F,train,train,test,1,1,0.5645161,0.5645161,0.5254237
Cc1ccc2[nH]ncc2c1-c1ccc2cc(NC(=O)[C@@H]3C[C@@H]3F)ncc2c1,train,train,train,1,1,0.8,0.8,0.8
Cc1ccc(C(=O)NC2CCC2)cc1-c1ccc2cc(NC(=O)C3CC3)ncc2c1,train,train,train,1,1,0.96153843,0.96153843,0.84210527
Cc1ccc(C(=O)NC2(C)CCC2)cc1-c1ccc2cc(N)ncc2c1,train,train,train,1,1,0.8,0.8,0.8
Cc1ccc(C(=O)NC2(C)COC2)cc1-c1ccc2cc(N)ncc2c1,train,train,train,1,1,0.8,0.8,0.8
Cc1ncc(C(=O)NC2CCC2)cc1-c1ccc2cc(N)ncc2c1,train,train,test,1,1,0.71428573,0.71428573,0.71428573
Cc1ncc(C(=O)NC2(C)CCC2)cc1-c1ccc2cc(N)ncc2c1,train,train,train,1,1,0.7962963,0.7962963,0.7962963
Cc1ccc(C(=O)NC2(C)COC2)c(F)c1-c1ccc2cc(N)ncc2c1,train,train,train,1,1,0.6885246,0.6885246,0.6885246
Cc1ccc(C(=O)NC2(C)CCC2)cc1-c1ccc2c(Cl)c(N)ncc2c1,test,test,test,1,1,0.7118644,0.7118644,0.7118644
Cc1nc(Nc2ncc(C(=O)Nc3c(C)cccc3Cl)s2)cc(N2CCN(CCO)CC2)n1,train,train,train,4,4,0.7894737,0.7894737,0.7894737
Cc1nc(Nc2ncc(C(=O)Nc3c(C)cccc3Cl)s2)cc(N2CCNCC2)n1,test,test,test,4,4,0.7714286,0.7714286,0.7714286
Cc1nc(Nc2ncc(C(=O)Nc3c(C)cccc3Cl)s2)cc(N2CCN(CCOCCOCCNC(=O)OC(C)(C)C)CC2)n1,train,train,train,4,4,0.8192771,0.8192771,0.8192771
Cc1nc(Nc2ncc(C(=O)Nc3c(C)cccc3Cl)s2)cc(N2CCN(CCOCCOCCN)CC2)n1,train,train,train,4,4,0.8192771,0.8192771,0.8192771
Cc1nc(Nc2ncc(C(=O)Nc3c(C)cccc3Cl)s2)cc(N2CCN(CCOCCOCCNC(=O)CCCCCC3(C)C(/C=C/C=C/C=C4/N(CCCS(=O)(=O)O)c5ccc(S(=O)(=O)O)cc5C4(C)C)=[N+](CCCS(=O)(=O)O)c4ccc(S(=O)(=O)O)cc43)CC2)n1,train,train,train,4,4,0.53333336,0.53333336,0.53333336
Cc1nc(Nc2ncc(C(=O)Nc3c(C)cccc3Cl)s2)cc(N2CCN(CCOCCOCCNC(=O)CS(=O)(=O)O)CC2)n1,test,test,test,4,4,0.7977528,0.7977528,0.7977528
Cc1nc(Nc2ncc(C(=O)Nc3c(C)cccc3Cl)s2)cc(N2CCN(CCOCCOCCNC(=O)C3C(C(=O)O)C(C(=O)O)C3C(=O)O)CC2)n1,train,train,train,4,4,0.81609195,0.81609195,0.81609195
COc1ccccc1-c1c[nH]c2ncc(-c3cncc(C(=O)N(C)C)c3)cc12,test,test,train,4,4,0.4516129,0.4516129,0.4516129
CNCc1ccc(-c2cc(-c3nc(-c4ccc(S(=O)(=O)C(C)C)cc4)cnc3N)on2)cc1,test,test,test,4,4,0.2972973,0.2972973,0.2972973
CCCCNc1ncnc2c1cnn2CC(Cl)c1ccccc1,test,test,train,0,0,0.6896552,0.6896552,0.6896552
